//! The purpose of this binary is to perform a single run of the primitive under test so that
//! its peak memory usage can be measured with:
//!
//!     valgrind --tool=massif --heap=no --stacks=yes -- target/release/bench_mldsa_mem_usage > /dev/null
//!
//!     ms_print massif.out.835000
//!
//! or, shoved all into one line:
//!
//!     clear; clear; valgrind --tool=massif --heap=no --stacks=yes -- target/release/bench_mldsa_mem_usage > /dev/null; ms_print massif.out.*; rm massif.out.*
//!
//! Make sure you build in release mode!
//!
//! The code is using print!() to force the compiler not to optimize away the actual code.
//! It is printing important outputs for benchmarking to stderr so that the rest can be mapped to /dev/null
//! (this is because /usr/bin/time prints useful outputs to stderr as well)
//!
//! Main is at the bottom, controls which this was actually run.

#![allow(dead_code)]
#![allow(unused_imports)]

/// Runs the operation under test in its own stack frame, with the key already loaded by the
/// caller.
///
/// `#[inline(never)]` matters here too: the bench functions inline the whole operation, so
/// without this boundary the operation's frame would be allocated on entry to the bench and the
/// key-load helper's frame would stack on top of it, reporting their sum instead of their max.
/// The closure returns nothing, so no result is copied back across the boundary.
#[inline(never)]
fn measure(f: impl FnOnce()) {
    f()
}

use bouncycastle::core::key_material::{KeyMaterial256, KeyType};
use bouncycastle::core::traits::{SignaturePrivateKey, SignaturePublicKey, SignatureVerifier};
use bouncycastle::hex;
use bouncycastle::mldsa::MLDSA44_SIG_LEN;

/// This prints the in-memory size of all the public and private key structs
fn print_struct_sizes() {
    use bouncycastle::mldsa;
    use bouncycastle::mldsa_lowmemory;
    use core::mem::size_of;

    println!("\nML-DSA-44");
    println!("size_of<mldsa::MLDSA44PublicKey>: {}", size_of::<mldsa::MLDSA44PublicKey>());
    println!(
        "size_of<mldsa::MLDSA44PublicKeyExpanded>: {}",
        size_of::<mldsa::MLDSA44PublicKeyExpanded>()
    );
    println!("size_of<mldsa::MLDSA44PrivateKey>: {}", size_of::<mldsa::MLDSA44PrivateKey>());
    println!(
        "size_of<mldsa::MLDSA44PrivateKeyExpanded>: {}",
        size_of::<mldsa::MLDSA44PrivateKeyExpanded>()
    );

    println!("\nML-DSA-65");
    println!("size_of<mldsa::MLDSA65PublicKey>: {}", size_of::<mldsa::MLDSA65PublicKey>());
    println!(
        "size_of<mldsa::MLDSA65PublicKeyExpanded>: {}",
        size_of::<mldsa::MLDSA65PublicKeyExpanded>()
    );
    println!("size_of<mldsa::MLDSA65PrivateKey>: {}", size_of::<mldsa::MLDSA65PrivateKey>());
    println!(
        "size_of<mldsa::MLDSA65PrivateKeyExpanded>: {}",
        size_of::<mldsa::MLDSA65PrivateKeyExpanded>()
    );

    println!("\nML-DSA-87");
    println!("size_of<mldsa::MLDSA87PublicKey>: {}", size_of::<mldsa::MLDSA87PublicKey>());
    println!(
        "size_of<mldsa::MLDSA87PublicKeyExpanded>: {}",
        size_of::<mldsa::MLDSA87PublicKeyExpanded>()
    );
    println!("size_of<mldsa::MLDSA87PrivateKey>: {}", size_of::<mldsa::MLDSA87PrivateKey>());
    println!(
        "size_of<mldsa::MLDSA87PrivateKeyExpanded>: {}",
        size_of::<mldsa::MLDSA87PrivateKeyExpanded>()
    );

    println!("\n\nlowmemory");

    println!("\nML-DSA-44_lowmemory");
    println!(
        "size_of<mldsa_lowmemory::MLDSA44PublicKey>: {}",
        size_of::<mldsa_lowmemory::MLDSA44PublicKey>()
    );
    println!(
        "size_of<mldsa_lowmemory::MLDSA44PrivateKey>: {}",
        size_of::<mldsa_lowmemory::MLDSA44PrivateKey>()
    );

    println!("\nML-DSA-65_lowmemory");
    println!(
        "size_of<mldsa_lowmemory::MLDSA65PublicKey>: {}",
        size_of::<mldsa_lowmemory::MLDSA65PublicKey>()
    );
    println!(
        "size_of<mldsa_lowmemory::MLDSA65PrivateKey>: {}",
        size_of::<mldsa_lowmemory::MLDSA65PrivateKey>()
    );

    println!("\nML-DSA-87_lowmemory");
    println!(
        "size_of<mldsa_lowmemory::MLDSA87PublicKey>: {}",
        size_of::<mldsa_lowmemory::MLDSA87PublicKey>()
    );
    println!(
        "size_of<mldsa_lowmemory::MLDSA87PrivateKey>: {}",
        size_of::<mldsa_lowmemory::MLDSA87PrivateKey>()
    );
}

/// This exists that /usr/bin/time can be used to measure the base memory footprint of the cargo bench harness
fn bench_do_nothing() {
    eprintln!("DoNothing");

    print!("{}", 1 + 1);
}

fn bench_mldsa44_keygen() {
    use bouncycastle::mldsa::{MLDSA44, MLDSATrait};

    eprintln!("MLDSA44/KeyGen");

    let seed = KeyMaterial256::from_bytes_as_type(
        &[
            0x00, 0x01, 0x02, 0x03, 0x04, 0x05, 0x06, 0x07, 0x08, 0x09, 0x0A, 0x0B, 0x0C, 0x0D,
            0x0E, 0x0F, 0x10, 0x11, 0x12, 0x13, 0x14, 0x15, 0x16, 0x17, 0x18, 0x19, 0x1A, 0x1B,
            0x1C, 0x1D, 0x1E, 0x1F,
        ],
        KeyType::Seed,
    )
    .unwrap();

    let (pk, _sk) = MLDSA44::keygen_from_seed(&seed).unwrap();
    println!("{:x?}", pk.encode());
}

fn bench_mldsa44_lowmem_keygen() {
    use bouncycastle::mldsa_lowmemory::{MLDSA44, MLDSATrait};

    eprintln!("MLDSA44_lowmemory/KeyGen");

    let seed = KeyMaterial256::from_bytes_as_type(
        &[
            0x00, 0x01, 0x02, 0x03, 0x04, 0x05, 0x06, 0x07, 0x08, 0x09, 0x0A, 0x0B, 0x0C, 0x0D,
            0x0E, 0x0F, 0x10, 0x11, 0x12, 0x13, 0x14, 0x15, 0x16, 0x17, 0x18, 0x19, 0x1A, 0x1B,
            0x1C, 0x1D, 0x1E, 0x1F,
        ],
        KeyType::Seed,
    )
    .unwrap();

    let (pk, _sk) = MLDSA44::keygen_from_seed(&seed).unwrap();
    println!("{:x?}", pk.encode());
}

fn bench_mldsa65_keygen() {
    use bouncycastle::mldsa::{MLDSA65, MLDSATrait};

    eprintln!("MLDSA65/KeyGen");

    let seed = KeyMaterial256::from_bytes_as_type(
        &[
            0x00, 0x01, 0x02, 0x03, 0x04, 0x05, 0x06, 0x07, 0x08, 0x09, 0x0A, 0x0B, 0x0C, 0x0D,
            0x0E, 0x0F, 0x10, 0x11, 0x12, 0x13, 0x14, 0x15, 0x16, 0x17, 0x18, 0x19, 0x1A, 0x1B,
            0x1C, 0x1D, 0x1E, 0x1F,
        ],
        KeyType::Seed,
    )
    .unwrap();

    let (pk, _sk) = MLDSA65::keygen_from_seed(&seed).unwrap();
    println!("{:x?}", pk.encode());
}

fn bench_mldsa65_lowmemory_keygen() {
    use bouncycastle::mldsa_lowmemory::{MLDSA65, MLDSATrait};

    eprintln!("MLDSA65_lowmemory/KeyGen");

    let seed = KeyMaterial256::from_bytes_as_type(
        &[
            0x00, 0x01, 0x02, 0x03, 0x04, 0x05, 0x06, 0x07, 0x08, 0x09, 0x0A, 0x0B, 0x0C, 0x0D,
            0x0E, 0x0F, 0x10, 0x11, 0x12, 0x13, 0x14, 0x15, 0x16, 0x17, 0x18, 0x19, 0x1A, 0x1B,
            0x1C, 0x1D, 0x1E, 0x1F,
        ],
        KeyType::Seed,
    )
    .unwrap();

    let (pk, _sk) = MLDSA65::keygen_from_seed(&seed).unwrap();
    println!("{:x?}", pk.encode());
}

fn bench_mldsa87_keygen() {
    use bouncycastle::mldsa::{MLDSA87, MLDSATrait};

    eprintln!("MLDSA87/KeyGen");

    let seed = KeyMaterial256::from_bytes_as_type(
        &[
            0x00, 0x01, 0x02, 0x03, 0x04, 0x05, 0x06, 0x07, 0x08, 0x09, 0x0A, 0x0B, 0x0C, 0x0D,
            0x0E, 0x0F, 0x10, 0x11, 0x12, 0x13, 0x14, 0x15, 0x16, 0x17, 0x18, 0x19, 0x1A, 0x1B,
            0x1C, 0x1D, 0x1E, 0x1F,
        ],
        KeyType::Seed,
    )
    .unwrap();

    let (pk, _sk) = MLDSA87::keygen_from_seed(&seed).unwrap();
    println!("{:x?}", pk.encode());
}

fn bench_mldsa87_lowmemory_keygen() {
    use bouncycastle::mldsa_lowmemory::{MLDSA87, MLDSATrait};

    eprintln!("MLDSA87_lowmemory/KeyGen");

    let seed = KeyMaterial256::from_bytes_as_type(
        &[
            0x00, 0x01, 0x02, 0x03, 0x04, 0x05, 0x06, 0x07, 0x08, 0x09, 0x0A, 0x0B, 0x0C, 0x0D,
            0x0E, 0x0F, 0x10, 0x11, 0x12, 0x13, 0x14, 0x15, 0x16, 0x17, 0x18, 0x19, 0x1A, 0x1B,
            0x1C, 0x1D, 0x1E, 0x1F,
        ],
        KeyType::Seed,
    )
    .unwrap();

    let (pk, _sk) = MLDSA87::keygen_from_seed(&seed).unwrap();
    println!("{:x?}", pk.encode());
}

/// Loads the private key for the matching sign bench.
///
/// `#[inline(never)]` matters: the encoded key bytes and the temporaries of decoding then live in
/// this frame, which is popped before the measured operation runs, so the bench's peak is
/// max(key load, sign) rather than their sum. Inlining this into the bench would leave them
/// on the stack underneath it and inflate the measurement by several kB.
#[inline(never)]
fn load_mldsa44_sk() -> bouncycastle::mldsa::MLDSA44PrivateKey {
    use bouncycastle::mldsa::MLDSA44PrivateKey;

    MLDSA44PrivateKey::from_bytes(&[
        0xD7, 0xB2, 0xB4, 0x72, 0x54, 0xAA, 0xE0, 0xDB, 0x45, 0xE7, 0x93, 0x0D, 0x4A, 0x98, 0xD2,
        0xC9, 0x7D, 0x8F, 0x13, 0x97, 0xD1, 0x78, 0x9D, 0xAF, 0xA1, 0x70, 0x24, 0xB3, 0x16, 0xE9,
        0xBE, 0xC9, 0x39, 0xCE, 0x0F, 0x7F, 0x77, 0xF8, 0xDB, 0x56, 0x44, 0xDC, 0xDA, 0x36, 0x6B,
        0xFE, 0x47, 0x34, 0xBD, 0x95, 0xF4, 0x35, 0xFF, 0x9A, 0x61, 0x3A, 0xA5, 0x4A, 0xA4, 0x1C,
        0x2C, 0x69, 0x4C, 0x04, 0x32, 0x9A, 0x07, 0xB1, 0xFA, 0xBB, 0x48, 0xF5, 0x2A, 0x30, 0x9F,
        0x11, 0xA1, 0x89, 0x8F, 0x84, 0x8E, 0x23, 0x22, 0xFF, 0xE6, 0x23, 0xEC, 0x81, 0x0D, 0xB3,
        0xBE, 0xE3, 0x36, 0x85, 0x85, 0x4A, 0x88, 0x26, 0x9D, 0xA3, 0x20, 0xD5, 0x12, 0x0B, 0xFC,
        0xFE, 0x89, 0xA1, 0x8E, 0x30, 0xF7, 0x11, 0x4D, 0x83, 0xAA, 0x40, 0x4A, 0x64, 0x6B, 0x6C,
        0x99, 0x73, 0x89, 0x86, 0x0D, 0x12, 0x52, 0x2E, 0xE0, 0x00, 0x6E, 0x23, 0x84, 0x81, 0x91,
        0x86, 0x61, 0x9B, 0x26, 0x0D, 0x11, 0x86, 0x64, 0xD4, 0xA6, 0x28, 0x22, 0x18, 0x44, 0x82,
        0x40, 0x28, 0x98, 0x14, 0x61, 0x48, 0xA6, 0x61, 0x4C, 0x42, 0x48, 0xA1, 0x92, 0x08, 0xC2,
        0x38, 0x29, 0x51, 0x24, 0x48, 0x08, 0xA1, 0x25, 0xC2, 0x08, 0x31, 0x08, 0xC4, 0x71, 0x20,
        0x14, 0x09, 0x14, 0x83, 0x6C, 0x18, 0xA7, 0x80, 0x84, 0x10, 0x6E, 0xC9, 0xC0, 0x70, 0x22,
        0xB5, 0x64, 0x08, 0xB0, 0x61, 0x0C, 0x07, 0x04, 0x98, 0x12, 0x44, 0x51, 0x88, 0x69, 0x59,
        0x00, 0x46, 0x22, 0x93, 0x20, 0x41, 0x06, 0x2E, 0x42, 0xB6, 0x4C, 0x01, 0x16, 0x49, 0x14,
        0x28, 0x4C, 0x41, 0xA8, 0x51, 0x80, 0x46, 0x0A, 0x51, 0x16, 0x51, 0x5A, 0x08, 0x20, 0x02,
        0x22, 0x44, 0xDC, 0x98, 0x49, 0xD1, 0x32, 0x51, 0xE1, 0x30, 0x65, 0xD3, 0xC0, 0x85, 0x92,
        0xA8, 0x51, 0x12, 0xA1, 0x64, 0x00, 0x39, 0x22, 0x09, 0x46, 0x62, 0x1C, 0xC7, 0x0C, 0xD9,
        0x08, 0x6D, 0xD0, 0x06, 0x26, 0x52, 0x40, 0x85, 0x80, 0x44, 0x30, 0x91, 0x06, 0x2C, 0x50,
        0xC8, 0x09, 0x24, 0xC5, 0x84, 0x1A, 0x96, 0x6D, 0x4A, 0x98, 0x2C, 0x99, 0x06, 0x6D, 0xA4,
        0x44, 0x32, 0x20, 0xA7, 0x64, 0x5A, 0x32, 0x6E, 0x11, 0xB5, 0x70, 0x20, 0x92, 0x61, 0x24,
        0x13, 0x8E, 0x04, 0x85, 0x2C, 0x0A, 0x48, 0x72, 0xC8, 0xA0, 0x51, 0xD3, 0x08, 0x2A, 0x99,
        0x20, 0x80, 0x58, 0x24, 0x20, 0x24, 0x07, 0x4E, 0x59, 0x14, 0x88, 0x10, 0xA4, 0x64, 0x60,
        0xC0, 0x6D, 0xE0, 0xB2, 0x8D, 0x1B, 0x19, 0x09, 0x20, 0x34, 0x22, 0xC0, 0x24, 0x41, 0x09,
        0x43, 0x71, 0x0A, 0x21, 0x20, 0x61, 0xA2, 0x01, 0x52, 0x22, 0x52, 0x1B, 0x80, 0x80, 0x9A,
        0x34, 0x00, 0x13, 0x93, 0x4D, 0xD3, 0x32, 0x29, 0x22, 0x17, 0x0A, 0x98, 0x92, 0x69, 0x1A,
        0x14, 0x51, 0x20, 0x27, 0x21, 0x9C, 0xC0, 0x20, 0x62, 0xA2, 0x81, 0x48, 0x18, 0x69, 0x1A,
        0x85, 0x4D, 0x83, 0x44, 0x69, 0x5B, 0x20, 0x41, 0x03, 0x12, 0x42, 0xCB, 0x18, 0x46, 0x01,
        0xA9, 0x0D, 0x0C, 0x02, 0x31, 0x83, 0xB0, 0x21, 0x5A, 0x22, 0x4A, 0xC8, 0x92, 0x05, 0xD9,
        0x90, 0x69, 0x04, 0x30, 0x6A, 0x4B, 0x06, 0x4A, 0xD2, 0xB2, 0x01, 0x1C, 0x40, 0x40, 0x81,
        0x42, 0x32, 0x52, 0x32, 0x72, 0x54, 0xA6, 0x40, 0x5A, 0x18, 0x10, 0x0C, 0x32, 0x12, 0x92,
        0xC2, 0x80, 0x52, 0x12, 0x62, 0x5C, 0x82, 0x28, 0x0B, 0xB4, 0x6C, 0x03, 0x42, 0x8D, 0x53,
        0x10, 0x0C, 0x14, 0x01, 0x0E, 0xE1, 0x36, 0x52, 0x88, 0x84, 0x24, 0x91, 0x02, 0x0A, 0x63,
        0x46, 0x26, 0x20, 0x06, 0x29, 0x11, 0xC2, 0x28, 0xD0, 0x20, 0x48, 0x02, 0xB3, 0x6C, 0xA2,
        0x36, 0x09, 0x5A, 0x86, 0x48, 0xCB, 0xB4, 0x61, 0x8B, 0x46, 0x62, 0xC4, 0x40, 0x82, 0x1A,
        0x89, 0x09, 0x10, 0x02, 0x4D, 0x24, 0xB2, 0x45, 0x20, 0x12, 0x25, 0x24, 0xC9, 0x05, 0x88,
        0x28, 0x8C, 0xC9, 0xC0, 0x4D, 0x59, 0x48, 0x22, 0x0A, 0x27, 0x6E, 0xC1, 0x34, 0x64, 0x4C,
        0x90, 0x60, 0x5B, 0x44, 0x50, 0x82, 0x86, 0x49, 0x43, 0x88, 0x04, 0x43, 0xB2, 0x8C, 0x60,
        0x30, 0x80, 0xA2, 0x88, 0x2D, 0x84, 0xA4, 0x6D, 0x8C, 0xA6, 0x29, 0xD0, 0xC6, 0x84, 0x42,
        0x06, 0x46, 0x89, 0x88, 0x51, 0x00, 0xA9, 0x8D, 0x01, 0x49, 0x8D, 0xE4, 0x38, 0x0D, 0xA4,
        0x06, 0x8D, 0xD3, 0x94, 0x71, 0x42, 0xB2, 0x6C, 0x1A, 0x84, 0x61, 0x1B, 0xA3, 0x28, 0x42,
        0xB4, 0x28, 0x08, 0xA0, 0x71, 0x1A, 0xC5, 0x31, 0xE0, 0xA0, 0x4C, 0x01, 0x37, 0x65, 0x24,
        0x28, 0x62, 0x14, 0x28, 0x90, 0x09, 0x10, 0x61, 0xD9, 0x40, 0x22, 0x1B, 0x33, 0x60, 0x09,
        0x02, 0x92, 0xD0, 0x24, 0x81, 0x20, 0x04, 0x08, 0x49, 0x18, 0x44, 0xA3, 0x22, 0x2D, 0x5C,
        0x88, 0x44, 0x14, 0x98, 0x08, 0xA4, 0x46, 0x61, 0x01, 0x95, 0x64, 0x0B, 0x39, 0x0A, 0x0C,
        0x94, 0x50, 0xCA, 0x40, 0x6A, 0xD2, 0xB2, 0x20, 0xC0, 0x38, 0x01, 0x82, 0x30, 0x8E, 0x13,
        0xB9, 0x08, 0x91, 0x80, 0x84, 0x14, 0x88, 0x29, 0xC0, 0x18, 0x91, 0x12, 0x35, 0x0D, 0xA0,
        0x24, 0x22, 0xE2, 0x04, 0x06, 0xD9, 0xC2, 0x85, 0x04, 0x28, 0x12, 0x1C, 0xC9, 0x89, 0x18,
        0x02, 0x72, 0xD2, 0x40, 0x29, 0xC2, 0x08, 0x12, 0xD8, 0x06, 0x2A, 0x99, 0x94, 0x71, 0x9B,
        0xB8, 0x68, 0x23, 0x84, 0x29, 0x1A, 0x22, 0x89, 0x14, 0x45, 0x11, 0xDC, 0x82, 0x44, 0x50,
        0x96, 0x45, 0x0C, 0x44, 0x84, 0xC0, 0xB2, 0x04, 0x9A, 0xA6, 0x05, 0x43, 0x86, 0x2C, 0x44,
        0x32, 0x6E, 0x88, 0x44, 0x21, 0x20, 0xA8, 0x4C, 0x9A, 0x30, 0x70, 0xE3, 0xB8, 0x2D, 0x63,
        0x26, 0x88, 0x03, 0x25, 0x49, 0x03, 0x43, 0x8C, 0x48, 0xA8, 0x09, 0xCA, 0x14, 0x72, 0x53,
        0x34, 0x4E, 0x12, 0x43, 0x08, 0x1B, 0xA7, 0x04, 0x59, 0x30, 0x22, 0xD9, 0x94, 0x80, 0xE2,
        0x34, 0x22, 0x81, 0x42, 0x12, 0x9C, 0x30, 0x2A, 0x94, 0x34, 0x26, 0x61, 0x04, 0x45, 0x24,
        0x26, 0x28, 0x13, 0x46, 0x09, 0x4A, 0x32, 0x6D, 0x11, 0x28, 0x09, 0x18, 0xB8, 0x25, 0x62,
        0x28, 0x11, 0x13, 0x41, 0x0D, 0x41, 0xB2, 0x11, 0x90, 0x84, 0x4C, 0x8B, 0x12, 0x12, 0xA2,
        0xC6, 0x88, 0xC9, 0xC0, 0x30, 0x22, 0x06, 0x06, 0xD2, 0x18, 0x8E, 0x84, 0x86, 0x30, 0x90,
        0x44, 0x52, 0x12, 0x88, 0x31, 0xD9, 0x20, 0x71, 0x13, 0xC5, 0x28, 0x43, 0x06, 0x0E, 0x03,
        0x30, 0x60, 0xCC, 0xA6, 0x84, 0x58, 0x26, 0x52, 0x4C, 0x88, 0x01, 0x1E, 0xF7, 0x25, 0x62,
        0xC8, 0x5F, 0xFA, 0x43, 0xAC, 0xFA, 0x49, 0x21, 0x7F, 0x2B, 0x17, 0x2D, 0x7B, 0xBC, 0x14,
        0x62, 0x0E, 0x6D, 0x98, 0x0A, 0x71, 0xAA, 0xBB, 0xDF, 0x0C, 0x45, 0xE9, 0xA2, 0x06, 0xEC,
        0xB1, 0x42, 0x3F, 0xEE, 0x15, 0xDE, 0xCC, 0x17, 0x60, 0x13, 0x00, 0x14, 0x9D, 0x92, 0x23,
        0xCD, 0x6E, 0x6C, 0x6E, 0x1F, 0xA8, 0xE4, 0x1F, 0xC7, 0xC6, 0x49, 0x38, 0xAB, 0x68, 0x90,
        0x5F, 0xD3, 0xDC, 0xDA, 0x50, 0xD8, 0x70, 0x82, 0xE7, 0xD0, 0xD7, 0x1D, 0x1B, 0xC9, 0xB2,
        0xB8, 0x4C, 0x85, 0x52, 0x3C, 0xA8, 0xFE, 0x6C, 0xAD, 0x29, 0x4A, 0xDF, 0x83, 0xBE, 0x15,
        0xB1, 0x08, 0xFF, 0x72, 0x1D, 0x0C, 0xC8, 0x7B, 0xC3, 0xDD, 0x3A, 0x75, 0x90, 0x18, 0x4B,
        0x0E, 0x84, 0x56, 0x63, 0xA9, 0x1F, 0xC9, 0xE1, 0xC3, 0xC5, 0x3A, 0x61, 0xD8, 0x67, 0x42,
        0x0B, 0x04, 0xF0, 0x92, 0x35, 0x57, 0x53, 0xBC, 0x65, 0xA0, 0x63, 0x68, 0xFD, 0x41, 0x29,
        0x5F, 0xD0, 0x99, 0x24, 0x13, 0x2C, 0x6F, 0x91, 0xF6, 0x79, 0x64, 0xC1, 0x42, 0x67, 0x4A,
        0x72, 0x5C, 0x34, 0x39, 0x14, 0xC4, 0xCE, 0xCF, 0x58, 0xC0, 0x74, 0xBC, 0xAF, 0x45, 0x58,
        0xC9, 0x7B, 0xF7, 0x91, 0x1E, 0x07, 0xAA, 0x6D, 0x09, 0x38, 0xF2, 0xEE, 0x2B, 0xB3, 0xC1,
        0xA8, 0xC5, 0x95, 0xD6, 0x35, 0xE8, 0x43, 0x42, 0xFD, 0xEA, 0x01, 0xDC, 0x24, 0xB2, 0x11,
        0xAD, 0x2F, 0xC2, 0x81, 0xCF, 0x77, 0xE5, 0x91, 0x10, 0xC7, 0xAB, 0xC5, 0x4B, 0xF0, 0xC8,
        0x6D, 0x48, 0x0B, 0x9B, 0xE2, 0x76, 0x47, 0x1D, 0xC9, 0xD6, 0x03, 0xCE, 0xE9, 0x8C, 0xFD,
        0xAB, 0x3E, 0x9F, 0xCF, 0xB7, 0x03, 0x79, 0x35, 0x60, 0x54, 0x9E, 0xA4, 0x45, 0x0F, 0xA7,
        0xB3, 0x3F, 0xB9, 0x16, 0x9C, 0x44, 0xB4, 0xD2, 0x5F, 0xB9, 0xC4, 0x57, 0xF4, 0x97, 0x91,
        0xCD, 0x3D, 0xA0, 0x3E, 0xAC, 0x96, 0x09, 0x58, 0x13, 0xC1, 0x05, 0x13, 0x2C, 0xCD, 0xA4,
        0xE6, 0x3E, 0x49, 0x22, 0x8C, 0xD2, 0x3D, 0x8A, 0x1F, 0x37, 0x85, 0x6F, 0x14, 0x2D, 0x93,
        0xB9, 0x0D, 0xB0, 0x9F, 0x82, 0xAF, 0x89, 0x25, 0x8C, 0x63, 0xAA, 0xB8, 0x04, 0x7A, 0x80,
        0xC0, 0x36, 0xC9, 0x35, 0x7E, 0xA2, 0x04, 0x6F, 0x8D, 0xC6, 0x35, 0x4F, 0x0C, 0x52, 0x95,
        0xF3, 0x42, 0xBB, 0x41, 0x7D, 0x3C, 0xFE, 0xB0, 0xB1, 0xFD, 0x33, 0x62, 0x2C, 0x29, 0xE1,
        0x4C, 0xBB, 0xD9, 0x2E, 0x13, 0x63, 0xC6, 0x5E, 0xBD, 0x45, 0x04, 0xB7, 0x51, 0x23, 0x29,
        0xB9, 0x67, 0x0E, 0x32, 0xE1, 0xB2, 0xC6, 0x7A, 0x54, 0xE7, 0xF1, 0xA5, 0x5F, 0x8B, 0x9F,
        0x9E, 0xA0, 0x4E, 0x8C, 0xA3, 0xA7, 0x05, 0xE6, 0x2A, 0x3C, 0x5E, 0x63, 0x73, 0x74, 0xAF,
        0xB7, 0xAE, 0xB6, 0xDD, 0xEA, 0x61, 0x2C, 0xDE, 0x28, 0xF0, 0x1A, 0x20, 0x2D, 0x7A, 0xA4,
        0xE3, 0x47, 0x22, 0xD2, 0x7D, 0xD3, 0xF9, 0xB8, 0x98, 0x94, 0xD0, 0x19, 0xFD, 0x5D, 0x4D,
        0x71, 0x19, 0xEF, 0xE3, 0x72, 0x3B, 0xBA, 0x10, 0x4C, 0xB8, 0xBB, 0x09, 0x81, 0xE0, 0x74,
        0xDE, 0x3A, 0xFE, 0x20, 0x0D, 0xAA, 0xAE, 0xAD, 0x82, 0x6C, 0xC4, 0x5F, 0x24, 0x4D, 0xBF,
        0x43, 0x1A, 0xFA, 0xB3, 0x4E, 0xFB, 0xDF, 0x78, 0x24, 0x74, 0xD2, 0xFD, 0x57, 0x11, 0x8F,
        0x64, 0x62, 0x14, 0x93, 0x4E, 0xD9, 0x9C, 0xBA, 0x3B, 0x00, 0x3E, 0x8D, 0x67, 0xA3, 0x83,
        0x6F, 0x6F, 0x19, 0xFC, 0x41, 0x91, 0x0C, 0xE5, 0x16, 0x3E, 0xE3, 0xAE, 0x99, 0xEB, 0x84,
        0xD5, 0x14, 0xEB, 0x76, 0x1E, 0x63, 0x68, 0x4E, 0xA5, 0x6F, 0x97, 0x91, 0xD2, 0xDD, 0x4A,
        0xAC, 0x6E, 0x61, 0x68, 0xB9, 0x48, 0xC8, 0x17, 0xF7, 0x5A, 0x22, 0x2A, 0xCB, 0x0E, 0x8C,
        0xDC, 0x03, 0xCC, 0x4A, 0xFE, 0x8F, 0x67, 0x15, 0x7E, 0x1A, 0x36, 0x3B, 0x7F, 0xAE, 0xFF,
        0x9F, 0x17, 0x2B, 0x98, 0x91, 0x36, 0x77, 0xC5, 0xA1, 0xDD, 0x08, 0x5E, 0x9E, 0xE4, 0xC2,
        0x20, 0x52, 0xC1, 0xAF, 0x58, 0x19, 0x31, 0x16, 0x67, 0x3D, 0xCD, 0x3B, 0xFC, 0x5F, 0x34,
        0xB8, 0x55, 0xDC, 0xC6, 0xC7, 0x78, 0x85, 0x64, 0x9E, 0x9E, 0x71, 0xF4, 0x3D, 0x4A, 0xEA,
        0x0F, 0x4B, 0x72, 0xCA, 0x7E, 0xDA, 0x05, 0x78, 0xBA, 0x13, 0xD3, 0x1A, 0x65, 0x8D, 0x2D,
        0x06, 0x0A, 0x9A, 0x66, 0xFF, 0x69, 0xED, 0x1B, 0xE7, 0x99, 0x7A, 0x2F, 0xB1, 0xD2, 0x72,
        0x3D, 0x38, 0xF9, 0xBF, 0xAB, 0xE1, 0x8F, 0x8E, 0x7B, 0x3C, 0xDA, 0x90, 0x6E, 0x4E, 0x9B,
        0x5E, 0x94, 0x2C, 0x8E, 0xAE, 0xB2, 0x96, 0x07, 0x0E, 0xBF, 0xD3, 0x64, 0x94, 0x7A, 0x94,
        0x0C, 0xC9, 0x78, 0xBE, 0xD6, 0x6B, 0x37, 0x74, 0x9E, 0x6D, 0x5D, 0xCD, 0x7B, 0xE8, 0xC4,
        0x94, 0x44, 0x0E, 0x2B, 0x84, 0xCE, 0xCF, 0xEF, 0xB9, 0x8C, 0x0B, 0xED, 0xFB, 0x3C, 0x41,
        0xE3, 0x35, 0x9D, 0x2C, 0xD7, 0x19, 0x7F, 0xBE, 0x72, 0x0C, 0x48, 0xAA, 0x6C, 0x6B, 0x64,
        0x65, 0xC1, 0xEE, 0x63, 0xE3, 0x56, 0x9C, 0x2A, 0xDC, 0x74, 0x44, 0x91, 0x37, 0x0B, 0x7F,
        0x78, 0x26, 0xFE, 0x0B, 0x77, 0xA1, 0xD1, 0x9D, 0x64, 0x10, 0x1D, 0x03, 0x2B, 0x91, 0x81,
        0x06, 0xB4, 0x2D, 0x2E, 0xF7, 0x37, 0x47, 0xE5, 0x60, 0x1F, 0xE4, 0xBA, 0x50, 0xF2, 0x3E,
        0xDE, 0x52, 0x1F, 0x03, 0x1A, 0x81, 0x7D, 0x15, 0x29, 0x4A, 0x43, 0x72, 0x2E, 0x83, 0x78,
        0x78, 0x4B, 0x6D, 0xB0, 0xCF, 0x1B, 0xA9, 0xE8, 0xAE, 0x91, 0x1D, 0x92, 0x01, 0xB9, 0xCE,
        0x9C, 0xC3, 0x01, 0x9C, 0x6F, 0x5C, 0x27, 0xCB, 0x98, 0xDA, 0x26, 0x14, 0x4B, 0x64, 0x22,
        0x5A, 0x7C, 0x93, 0x2B, 0x30, 0xF7, 0x61, 0xE7, 0x8A, 0x2D, 0x59, 0xA1, 0xD8, 0xB8, 0x3E,
        0xC6, 0x34, 0x4A, 0x2F, 0x6D, 0xD4, 0x7E, 0x76, 0x57, 0x06, 0xD0, 0x0B, 0xF4, 0xA7, 0x9A,
        0x6A, 0x92, 0x6C, 0x3B, 0xA9, 0x1D, 0x81, 0x2C, 0x8F, 0x2C, 0x79, 0x7A, 0xB1, 0x79, 0x67,
        0x09, 0xE5, 0xD1, 0x68, 0x56, 0x77, 0x82, 0x93, 0x52, 0x9F, 0x02, 0x86, 0xD0, 0x15, 0xC3,
        0xB5, 0x39, 0x96, 0x19, 0x64, 0x2A, 0x33, 0x3E, 0x9E, 0x59, 0x3D, 0x6E, 0x3F, 0x53, 0x53,
        0x99, 0x42, 0x08, 0xE9, 0xE6, 0xA3, 0x32, 0x85, 0x1D, 0x7F, 0x65, 0x25, 0x22, 0xA9, 0x28,
        0xB9, 0x17, 0xE2, 0x7E, 0x2D, 0x6D, 0x42, 0x13, 0x7D, 0xFE, 0x2E, 0xBF, 0xA6, 0xFB, 0x1C,
        0x67, 0xB2, 0x6C, 0x02, 0x54, 0x52, 0x86, 0x85, 0xF7, 0xEB, 0xDB, 0xE3, 0x15, 0xA6, 0x8E,
        0xAA, 0x2D, 0xA7, 0x69, 0xE8, 0xA9, 0xF4, 0x2D, 0x3E, 0x60, 0x00, 0x7C, 0x71, 0x33, 0x09,
        0x26, 0xB2, 0xC0, 0x01, 0x2D, 0x83, 0xEA, 0xD4, 0xE4, 0xFD, 0x1E, 0xD8, 0x72, 0xCC, 0xD1,
        0x97, 0x22, 0x01, 0xD2, 0xB0, 0x27, 0xF3, 0x54, 0x5A, 0xC2, 0xD3, 0x0C, 0xD7, 0x8B, 0xC1,
        0xD7, 0x40, 0xFE, 0xCC, 0xBC, 0x6F, 0xC2, 0xA0, 0x44, 0x6C, 0x6E, 0x30, 0xEA, 0xC5, 0x1F,
        0x5A, 0x69, 0x09, 0x8A, 0xA2, 0xD4, 0x47, 0xF2, 0x08, 0x5B, 0x4E, 0x4E, 0x4B, 0x92, 0xCC,
        0xC2, 0x69, 0x21, 0xD2, 0xDE, 0x47, 0x85, 0x18, 0xCD, 0x09, 0x0C, 0xE2, 0x67, 0xAE, 0xA2,
        0xD2, 0x7A, 0xDA, 0x57, 0xFD, 0x88, 0xB4, 0x97, 0x6D, 0x89, 0xFB, 0x84, 0x3C, 0xDC, 0xCF,
        0x49, 0xA7, 0x6C, 0xA2, 0x67, 0x9E, 0x68, 0x01, 0xBF, 0xA7, 0xFB, 0x03, 0x18, 0x96, 0xFB,
        0x50, 0x62, 0x97, 0x04, 0xB9, 0x92, 0x39, 0x36, 0xBB, 0x5D, 0xD3, 0x85, 0x31, 0x11, 0x21,
        0xCA, 0xDF, 0xB1, 0x19, 0x95, 0xE5, 0x9B, 0x73, 0x03, 0x4C, 0xF6, 0x7E, 0xD0, 0x3A, 0xB8,
        0x13, 0x86, 0x76, 0x48, 0xD0, 0x25, 0x82, 0x80, 0x87, 0xE9, 0x49, 0xA9, 0xAF, 0xD1, 0x6B,
        0x95, 0xD7, 0x2D, 0x99, 0xB1, 0xED, 0xCA, 0x25, 0x7A, 0xAC, 0x13, 0x2F, 0xFB, 0x7A, 0x07,
        0x09, 0xAE, 0xD5, 0xA9, 0xC0, 0xFF, 0x05, 0xFB, 0x0F, 0x2B, 0xBF, 0x28, 0x40, 0x9E, 0xED,
        0x7B, 0x5F, 0x58, 0x01, 0xBE, 0x96, 0x4C, 0xED, 0x01, 0x9E, 0x1C, 0xB7, 0x85, 0x1D, 0x38,
        0x51, 0xF1, 0x02, 0x90, 0x67, 0x4E, 0x19, 0xFF, 0xB0, 0x08, 0xB3, 0x01, 0xC4, 0xAC, 0xF6,
        0x41, 0xA2, 0xBB, 0x14, 0x21, 0x6E, 0x1D, 0x69, 0xCA, 0xBF, 0x52, 0xB5, 0xEF, 0x22, 0x74,
        0x96, 0xB0, 0xF3, 0x07, 0x99, 0xA8, 0x55, 0xD1, 0x17, 0xFA, 0xD3, 0x74, 0x4A, 0x6F, 0xA3,
        0x35, 0x03, 0xEA, 0x79, 0x8B, 0x52, 0xDD, 0xD7, 0xEE, 0x54, 0x26, 0x60, 0x9D, 0xBF, 0xCD,
        0x3F, 0x0C, 0x13, 0xB1, 0x64, 0xD6, 0xC0, 0x51, 0xF7, 0xED, 0x4A, 0x11, 0x97, 0x19, 0xA7,
        0x12, 0xE3, 0x88, 0xD3, 0x28, 0x40, 0x20, 0x81, 0xFF, 0x13, 0x54, 0xB5, 0x54, 0xD2, 0xC2,
        0x37, 0xAF, 0xED, 0x3B, 0x15, 0x1C, 0x4B, 0xA8, 0xE9, 0xF4, 0xBD, 0xEB, 0x84, 0x99, 0xA3,
        0x06, 0x6E, 0x26, 0xBB, 0xC6, 0x9E, 0x8A, 0xF0, 0x89, 0xDE, 0xC7, 0x17, 0x31, 0xD1, 0xDC,
        0x52, 0x9E, 0xAB, 0x17, 0xEF, 0x73, 0x74, 0x73, 0x4C, 0x0F, 0xE4, 0x75, 0x49, 0x4C, 0x83,
        0x83, 0x6B, 0xDD, 0x34, 0xA0, 0x3B, 0x9B, 0xC8, 0x99, 0x14, 0x71, 0x60, 0x61, 0xBF, 0xB9,
        0x8E, 0xC6, 0xE6, 0x1C, 0x3E, 0xD4, 0x43, 0x8E, 0xDC, 0xAF, 0x25, 0x24, 0x3C, 0x64, 0x70,
        0x86, 0xB9, 0xEA, 0x70, 0x18, 0xB0, 0xD9, 0xA8, 0xA0, 0xB0, 0x0C, 0xEC, 0xB0, 0x0A, 0xBD,
        0xE2, 0x49, 0x8D, 0x69, 0xC2, 0x33, 0x61, 0x01, 0xA7, 0x72, 0xCB, 0xE4, 0xF5, 0x71, 0x52,
        0x3F, 0x51, 0xBD, 0x05, 0x88, 0x2C, 0xDF, 0x35, 0x8B, 0x84, 0x9C, 0xC1, 0x40, 0xAA, 0x1F,
        0xAF, 0x22, 0x42, 0x3A, 0x12, 0x85, 0x1C, 0xE0, 0xE3, 0x3F, 0xD4, 0x89, 0x75, 0xA4, 0x95,
        0x9F, 0xA5, 0xC5, 0xFE, 0x41, 0x8C, 0x93, 0x90, 0x81, 0x91, 0xAB, 0x6E, 0x74, 0x1B, 0x77,
        0xBF, 0xE0, 0x2C, 0xBD, 0x69, 0x8E, 0xE7, 0x95, 0xC4, 0x66, 0xD6, 0x15, 0x61, 0x9E, 0x64,
        0x41, 0x38, 0x2C, 0x6E, 0xAC, 0x01, 0x83, 0x4E, 0xE9, 0xAB, 0x73, 0xCE, 0xA8, 0x0B, 0xBE,
        0x23, 0x5C, 0x78, 0xDA, 0x91, 0xBD, 0x79, 0xB6, 0xF8, 0x2F, 0x89, 0x97, 0x85, 0xD6, 0x87,
        0x00, 0xD3, 0x93, 0xE6, 0x75, 0xC2, 0x22, 0x4D, 0x6B, 0x7A, 0x1A, 0xD2, 0x13, 0x20, 0x49,
        0x56, 0x79, 0xAD, 0xAE, 0xD7, 0x01, 0x67, 0xB5, 0x08, 0x66, 0x71, 0x3A, 0x53, 0x10, 0x9D,
        0xB7, 0xB6, 0xF7, 0xD8, 0x13, 0x04, 0xEC, 0xDF, 0xD8, 0x3B, 0x31, 0x9B, 0x1E, 0xF2, 0x48,
        0x30, 0x6B, 0x45, 0xAD, 0x29, 0xE7, 0xDD, 0xCC, 0x86, 0x3D, 0xAC, 0x56, 0x04, 0x8B, 0x5D,
        0x69, 0xEA, 0x17, 0x50, 0x11, 0xF7, 0x61, 0x4C, 0x00, 0xA8, 0x6A, 0x86, 0x3C, 0xDE, 0x18,
        0x72, 0xA8, 0x93, 0x28, 0x78, 0xB9, 0xAC, 0x7E, 0x1A, 0xC5, 0xBD, 0xA4, 0x99, 0x7B, 0x72,
        0x06, 0x4F, 0x0C, 0xD7, 0x5F, 0x4C, 0x81, 0x4E, 0x03, 0x4D, 0xE1, 0x1A, 0xCB, 0x90, 0x13,
        0xCF, 0x7E, 0xA9, 0x26, 0xB4, 0xE7, 0xEA, 0xAC, 0xE0, 0x70, 0xC7, 0xBA, 0x21, 0x88, 0xEF,
        0xAD, 0x2E, 0x43, 0x1E, 0x12, 0x23, 0xD4, 0x5D, 0xD0, 0x5C, 0x4D, 0x84, 0x03, 0xC2, 0xE4,
        0x5C, 0xEE, 0x64, 0x13, 0xEC, 0xBE, 0x75, 0x27, 0xE8, 0x73, 0xE4, 0x55, 0xC4, 0xE6, 0x10,
        0xA6, 0x18, 0x39, 0xAA, 0xCC, 0x0B, 0xD5, 0x6D, 0x24, 0x83, 0xE7, 0x8F, 0x29, 0x8B, 0x66,
        0xA4, 0x78, 0xEB, 0x2F, 0x55, 0x8C, 0xBA, 0xFC, 0xA8, 0x6B, 0xE8, 0x47, 0xBA, 0xEB, 0x02,
        0xC5, 0xB2, 0x16, 0xC8, 0xCD, 0x88, 0xFE, 0xA4, 0xDF, 0x24, 0x9B, 0x09, 0xE6, 0x70, 0xA2,
        0x07, 0x03, 0xAB, 0xAC, 0x24, 0xB0, 0xA9, 0x1A, 0xBC, 0x4A, 0x56, 0x46, 0x60, 0x14, 0x42,
        0xBA, 0x10, 0xBE, 0xCF, 0xD3, 0x09, 0x93, 0x88, 0x00, 0x51, 0xD0, 0x7F, 0x56, 0xA0, 0x5A,
        0x93, 0x79, 0xE7, 0xA8, 0xE6, 0xBE, 0xFE, 0xE3, 0xF2, 0x2F, 0xAA, 0x10, 0x63, 0x98, 0xF7,
        0x70, 0x60, 0x06, 0xE4, 0x2E, 0x9B, 0xE1, 0xEF, 0x89, 0xD2, 0x5C, 0x27, 0x2F, 0x11, 0xA9,
        0x50, 0x95, 0xC5, 0x87, 0xD7, 0x13, 0x73, 0x22, 0x84, 0xDE, 0x9D, 0xBD, 0x3C, 0x72, 0x17,
        0xB0, 0x68, 0x9E, 0x21, 0xD8, 0xEB, 0x0F, 0xF6, 0x96, 0x68,
    ])
    .unwrap()
}

fn bench_mldsa44_sign() {
    use bouncycastle::mldsa::{MLDSA44, MLDSA44_SK_LEN, MLDSATrait};

    eprintln!("MLDSA44/Sign");

    /* One-time setup of the KAT -- commented out so that keygen is not captured in the bench */
    // let seed = KeyMaterial256::from_bytes_as_type(
    //     &[0x00,0x01,0x02,0x03,0x04,0x05,0x06,0x07,0x08,0x09,0x0a,0x0b,0x0c,0x0d,0x0e,0x0f,0x10,0x11,0x12,0x13,0x14,0x15,0x16,0x17,0x18,0x19,0x1a,0x1b,0x1c,0x1d,0x1e,0x1f],
    //     KeyType::Seed,
    // ).unwrap();
    // let (_pk, sk) = MLDSA44::keygen_from_seed(&seed).unwrap();
    // use bouncycastle_hex as hex;
    // eprintln!("sk:\n{}", &hex::encode(sk.encode()));

    let sk = load_mldsa44_sk();

    let msg = b"The quick brown fox jumped over the lazy dog";

    measure(|| {
        let mu = MLDSA44::compute_mu_from_sk(&sk, msg, None).unwrap();
        let sig = MLDSA44::sign_mu_deterministic(&sk, None, &mu, [0u8; 32]).unwrap();
        print!("{:x?}", sig);
    });
}

/// Same as bench_mldsa44_sign(), but with a pre-expanded private key.
///
/// The matrix A_hat is expanded up-front and handed to the signature, which is what makes repeated
/// signatures with the same key cheaper -- at the cost of the memory A_hat occupies for as long
/// as it is held.
///
/// Only the signature is measured, not the expansion: building an MLDSA44PrivateKeyExpanded
/// inside this function would put its own peak (which exceeds a whole signature) into the
/// measurement, the way a keygen would. This calls the same entry point as bench_mldsa44_sign(),
/// differing only in passing Some(&a_hat) instead of None, so the two are comparable.
///
fn bench_mldsa44_sign_expanded_sk() {
    use bouncycastle::mldsa::{MLDSA44, MLDSA44_SK_LEN, MLDSAPrivateKeyTrait, MLDSATrait};

    eprintln!("MLDSA44/Sign_with_expanded_key");

    /* One-time setup of the KAT -- commented out so that keygen is not captured in the bench */
    // let seed = KeyMaterial256::from_bytes_as_type(
    //     &[0x00,0x01,0x02,0x03,0x04,0x05,0x06,0x07,0x08,0x09,0x0a,0x0b,0x0c,0x0d,0x0e,0x0f,0x10,0x11,0x12,0x13,0x14,0x15,0x16,0x17,0x18,0x19,0x1a,0x1b,0x1c,0x1d,0x1e,0x1f],
    //     KeyType::Seed,
    // ).unwrap();
    // let (_pk, sk) = MLDSA44::keygen_from_seed(&seed).unwrap();
    // use bouncycastle_hex as hex;
    // eprintln!("sk:\n{}", &hex::encode(sk.encode()));

    let sk = load_mldsa44_sk();

    let msg = b"The quick brown fox jumped over the lazy dog";

    measure(|| {
        let a_hat = sk.A_hat();
        let mu = MLDSA44::compute_mu_from_sk(&sk, msg, None).unwrap();
        let sig = MLDSA44::sign_mu_deterministic(&sk, Some(&a_hat), &mu, [0u8; 32]).unwrap();
        print!("{:x?}", sig);
    });
}

/// Loads the private key for the matching sign bench. See [`load_mldsa44_sk`] for why this is
/// `#[inline(never)]`.
#[inline(never)]
fn load_mldsa44_lowmemory_sk() -> bouncycastle::mldsa_lowmemory::MLDSA44PrivateKey {
    use bouncycastle::mldsa_lowmemory::MLDSA44PrivateKey;

    MLDSA44PrivateKey::from_bytes(&[
        0x00, 0x01, 0x02, 0x03, 0x04, 0x05, 0x06, 0x07, 0x08, 0x09, 0x0A, 0x0B, 0x0C, 0x0D, 0x0E,
        0x0F, 0x10, 0x11, 0x12, 0x13, 0x14, 0x15, 0x16, 0x17, 0x18, 0x19, 0x1A, 0x1B, 0x1C, 0x1D,
        0x1E, 0x1F,
    ])
    .unwrap()
}

fn bench_mldsa44_lowmemory_sign() {
    use bouncycastle::mldsa_lowmemory::{MLDSA44, MLDSA44_SK_LEN, MLDSATrait};

    eprintln!("MLDSA44_lowmemory/Sign");

    /* One-time setup of the KAT -- commented out so that keygen is not captured in the bench */
    // let seed = KeyMaterial256::from_bytes_as_type(
    //     &[0x00,0x01,0x02,0x03,0x04,0x05,0x06,0x07,0x08,0x09,0x0a,0x0b,0x0c,0x0d,0x0e,0x0f,0x10,0x11,0x12,0x13,0x14,0x15,0x16,0x17,0x18,0x19,0x1a,0x1b,0x1c,0x1d,0x1e,0x1f],
    //     KeyType::Seed,
    // ).unwrap();
    // let (_pk, sk) = MLDSA44::keygen_from_seed(&seed).unwrap();
    // use bouncycastle_hex as hex;
    // eprintln!("sk:\n{}", &hex::encode(sk.encode()));

    let sk = load_mldsa44_lowmemory_sk();

    let msg = b"The quick brown fox jumped over the lazy dog";

    measure(|| {
        let mu = MLDSA44::compute_mu_from_sk(&sk, msg, None).unwrap();
        let sig = MLDSA44::sign_mu_deterministic(&sk, &mu, [0u8; 32]).unwrap();
        print!("{:x?}", sig);
    });
}

/// Loads the private key for the matching sign bench. See [`load_mldsa44_sk`] for why this is
/// `#[inline(never)]`.
#[inline(never)]
fn load_mldsa65_sk() -> bouncycastle::mldsa::MLDSA65PrivateKey {
    use bouncycastle::mldsa::MLDSA65PrivateKey;

    MLDSA65PrivateKey::from_bytes(&[
        0x48, 0x68, 0x3D, 0x91, 0x97, 0x8E, 0x31, 0xEB, 0x3D, 0xDD, 0xB8, 0xB0, 0x47, 0x34, 0x82,
        0xD2, 0xB8, 0x8A, 0x5F, 0x62, 0x59, 0x49, 0xFD, 0x8F, 0x58, 0xA5, 0x61, 0xE6, 0x96, 0xBD,
        0x4C, 0x27, 0xD8, 0x53, 0xFA, 0x69, 0xB8, 0x19, 0x90, 0x23, 0xE8, 0xCD, 0x67, 0x8D, 0xD9,
        0xFA, 0xBF, 0x90, 0x47, 0x64, 0x6F, 0xFD, 0x0C, 0xB3, 0xCC, 0x7F, 0x79, 0x58, 0x05, 0xA7,
        0x1E, 0x70, 0xD2, 0x37, 0x1B, 0x05, 0x63, 0xE3, 0xCD, 0x33, 0x46, 0x14, 0x9C, 0x8C, 0x9E,
        0xBC, 0xF2, 0x3B, 0x0A, 0x4E, 0x5A, 0x90, 0x0E, 0xEA, 0x9C, 0x65, 0x62, 0x79, 0x0A, 0x7C,
        0x63, 0xE3, 0x86, 0x63, 0xDA, 0xA2, 0xDD, 0xDB, 0x6E, 0x48, 0x0D, 0xC4, 0x05, 0xA1, 0xE7,
        0x01, 0x94, 0x8B, 0x74, 0x84, 0x1E, 0xF5, 0xCC, 0x1C, 0x3F, 0x2B, 0xF3, 0x27, 0x97, 0x2E,
        0x95, 0x10, 0x51, 0x0C, 0xD5, 0x37, 0x5E, 0xCC, 0x08, 0x55, 0x71, 0x77, 0x11, 0x87, 0x22,
        0x21, 0x86, 0x23, 0x81, 0x00, 0x04, 0x24, 0x77, 0x80, 0x61, 0x47, 0x50, 0x07, 0x50, 0x17,
        0x17, 0x03, 0x55, 0x04, 0x51, 0x51, 0x25, 0x47, 0x18, 0x38, 0x04, 0x61, 0x75, 0x72, 0x22,
        0x44, 0x10, 0x88, 0x68, 0x60, 0x86, 0x46, 0x01, 0x27, 0x47, 0x56, 0x71, 0x80, 0x87, 0x06,
        0x66, 0x86, 0x43, 0x32, 0x44, 0x41, 0x22, 0x04, 0x36, 0x38, 0x66, 0x75, 0x02, 0x82, 0x36,
        0x34, 0x24, 0x43, 0x22, 0x05, 0x73, 0x64, 0x10, 0x64, 0x55, 0x54, 0x77, 0x22, 0x75, 0x56,
        0x81, 0x43, 0x36, 0x14, 0x62, 0x55, 0x08, 0x20, 0x64, 0x37, 0x68, 0x54, 0x68, 0x75, 0x43,
        0x53, 0x75, 0x10, 0x68, 0x71, 0x83, 0x33, 0x80, 0x54, 0x75, 0x05, 0x25, 0x80, 0x75, 0x28,
        0x18, 0x84, 0x38, 0x11, 0x08, 0x72, 0x60, 0x20, 0x20, 0x08, 0x58, 0x83, 0x01, 0x83, 0x61,
        0x13, 0x82, 0x82, 0x12, 0x06, 0x17, 0x11, 0x57, 0x87, 0x68, 0x78, 0x88, 0x78, 0x64, 0x37,
        0x54, 0x60, 0x16, 0x57, 0x15, 0x50, 0x84, 0x71, 0x88, 0x66, 0x07, 0x27, 0x32, 0x88, 0x06,
        0x64, 0x74, 0x18, 0x56, 0x76, 0x21, 0x80, 0x31, 0x82, 0x76, 0x64, 0x15, 0x78, 0x24, 0x50,
        0x25, 0x64, 0x66, 0x43, 0x11, 0x35, 0x04, 0x36, 0x47, 0x80, 0x12, 0x66, 0x73, 0x14, 0x30,
        0x11, 0x66, 0x06, 0x55, 0x86, 0x47, 0x18, 0x36, 0x88, 0x63, 0x50, 0x38, 0x47, 0x86, 0x11,
        0x01, 0x20, 0x23, 0x56, 0x11, 0x61, 0x37, 0x86, 0x07, 0x85, 0x32, 0x12, 0x40, 0x07, 0x54,
        0x78, 0x82, 0x30, 0x43, 0x66, 0x61, 0x16, 0x60, 0x42, 0x55, 0x41, 0x82, 0x85, 0x60, 0x53,
        0x67, 0x78, 0x56, 0x38, 0x43, 0x44, 0x30, 0x63, 0x26, 0x10, 0x77, 0x07, 0x31, 0x78, 0x42,
        0x72, 0x14, 0x11, 0x16, 0x53, 0x03, 0x85, 0x27, 0x68, 0x67, 0x46, 0x01, 0x50, 0x82, 0x37,
        0x35, 0x32, 0x07, 0x66, 0x10, 0x75, 0x04, 0x68, 0x12, 0x48, 0x06, 0x66, 0x03, 0x03, 0x26,
        0x52, 0x31, 0x24, 0x45, 0x40, 0x88, 0x00, 0x31, 0x80, 0x88, 0x76, 0x72, 0x17, 0x30, 0x71,
        0x82, 0x47, 0x21, 0x51, 0x27, 0x80, 0x11, 0x65, 0x44, 0x74, 0x86, 0x61, 0x72, 0x23, 0x33,
        0x80, 0x86, 0x60, 0x64, 0x46, 0x83, 0x52, 0x15, 0x84, 0x20, 0x36, 0x80, 0x11, 0x80, 0x21,
        0x18, 0x18, 0x33, 0x17, 0x73, 0x54, 0x53, 0x48, 0x81, 0x00, 0x44, 0x86, 0x53, 0x67, 0x43,
        0x70, 0x57, 0x72, 0x58, 0x83, 0x34, 0x60, 0x38, 0x42, 0x32, 0x85, 0x68, 0x10, 0x06, 0x04,
        0x26, 0x04, 0x25, 0x84, 0x56, 0x02, 0x35, 0x68, 0x20, 0x51, 0x83, 0x86, 0x38, 0x43, 0x24,
        0x21, 0x22, 0x42, 0x45, 0x64, 0x58, 0x58, 0x67, 0x71, 0x45, 0x72, 0x85, 0x04, 0x78, 0x87,
        0x17, 0x18, 0x06, 0x18, 0x83, 0x60, 0x86, 0x86, 0x41, 0x56, 0x50, 0x81, 0x16, 0x50, 0x26,
        0x46, 0x70, 0x06, 0x08, 0x26, 0x62, 0x27, 0x38, 0x31, 0x72, 0x40, 0x72, 0x57, 0x30, 0x07,
        0x27, 0x28, 0x86, 0x20, 0x66, 0x75, 0x88, 0x68, 0x26, 0x07, 0x06, 0x40, 0x20, 0x33, 0x03,
        0x43, 0x66, 0x31, 0x55, 0x46, 0x42, 0x45, 0x34, 0x56, 0x67, 0x18, 0x73, 0x45, 0x65, 0x83,
        0x70, 0x22, 0x50, 0x84, 0x68, 0x56, 0x28, 0x80, 0x70, 0x36, 0x70, 0x84, 0x62, 0x37, 0x17,
        0x10, 0x06, 0x57, 0x17, 0x58, 0x47, 0x78, 0x70, 0x86, 0x55, 0x53, 0x78, 0x22, 0x35, 0x14,
        0x46, 0x77, 0x28, 0x56, 0x73, 0x03, 0x22, 0x87, 0x00, 0x14, 0x33, 0x20, 0x61, 0x71, 0x58,
        0x45, 0x52, 0x66, 0x32, 0x50, 0x26, 0x51, 0x33, 0x47, 0x77, 0x38, 0x03, 0x55, 0x16, 0x43,
        0x13, 0x47, 0x35, 0x10, 0x66, 0x27, 0x51, 0x75, 0x74, 0x02, 0x46, 0x88, 0x81, 0x70, 0x67,
        0x43, 0x46, 0x81, 0x86, 0x01, 0x76, 0x52, 0x45, 0x33, 0x30, 0x87, 0x21, 0x04, 0x34, 0x34,
        0x01, 0x03, 0x22, 0x87, 0x63, 0x51, 0x55, 0x26, 0x50, 0x81, 0x30, 0x77, 0x45, 0x44, 0x41,
        0x68, 0x15, 0x41, 0x83, 0x63, 0x64, 0x11, 0x20, 0x40, 0x26, 0x87, 0x30, 0x43, 0x67, 0x77,
        0x12, 0x80, 0x88, 0x46, 0x35, 0x54, 0x53, 0x00, 0x62, 0x45, 0x81, 0x04, 0x58, 0x36, 0x51,
        0x24, 0x84, 0x27, 0x80, 0x34, 0x51, 0x66, 0x63, 0x58, 0x43, 0x78, 0x56, 0x01, 0x46, 0x51,
        0x15, 0x74, 0x23, 0x21, 0x43, 0x66, 0x85, 0x22, 0x47, 0x77, 0x31, 0x34, 0x50, 0x17, 0x83,
        0x62, 0x42, 0x05, 0x50, 0x00, 0x64, 0x84, 0x47, 0x12, 0x34, 0x40, 0x88, 0x00, 0x60, 0x47,
        0x35, 0x40, 0x57, 0x83, 0x33, 0x63, 0x08, 0x21, 0x06, 0x15, 0x22, 0x52, 0x07, 0x24, 0x88,
        0x51, 0x34, 0x86, 0x37, 0x06, 0x76, 0x22, 0x58, 0x85, 0x71, 0x26, 0x56, 0x73, 0x47, 0x68,
        0x16, 0x46, 0x46, 0x84, 0x25, 0x87, 0x08, 0x12, 0x27, 0x05, 0x50, 0x08, 0x38, 0x32, 0x00,
        0x23, 0x20, 0x80, 0x66, 0x34, 0x53, 0x36, 0x00, 0x33, 0x46, 0x85, 0x72, 0x47, 0x06, 0x35,
        0x54, 0x00, 0x35, 0x77, 0x12, 0x27, 0x52, 0x30, 0x71, 0x42, 0x53, 0x68, 0x74, 0x37, 0x45,
        0x70, 0x05, 0x66, 0x43, 0x22, 0x44, 0x82, 0x85, 0x20, 0x72, 0x18, 0x33, 0x30, 0x20, 0x53,
        0x37, 0x33, 0x40, 0x77, 0x27, 0x80, 0x55, 0x25, 0x30, 0x63, 0x52, 0x50, 0x40, 0x67, 0x33,
        0x46, 0x13, 0x18, 0x07, 0x28, 0x07, 0x17, 0x24, 0x83, 0x77, 0x63, 0x45, 0x73, 0x18, 0x58,
        0x51, 0x60, 0x23, 0x33, 0x44, 0x36, 0x25, 0x16, 0x43, 0x38, 0x16, 0x08, 0x58, 0x77, 0x34,
        0x62, 0x42, 0x88, 0x30, 0x07, 0x03, 0x65, 0x85, 0x37, 0x55, 0x00, 0x75, 0x52, 0x31, 0x50,
        0x37, 0x02, 0x13, 0x24, 0x63, 0x04, 0x37, 0x08, 0x68, 0x06, 0x36, 0x15, 0x03, 0x03, 0x00,
        0x43, 0x58, 0x63, 0x57, 0x08, 0x02, 0x11, 0x06, 0x64, 0x73, 0x46, 0x35, 0x22, 0x62, 0x03,
        0x30, 0x43, 0x80, 0x21, 0x08, 0x52, 0x87, 0x57, 0x83, 0x21, 0x07, 0x88, 0x67, 0x48, 0x08,
        0x56, 0x34, 0x74, 0x36, 0x73, 0x42, 0x84, 0x05, 0x84, 0x66, 0x84, 0x14, 0x37, 0x00, 0x55,
        0x10, 0x87, 0x34, 0x26, 0x44, 0x77, 0x21, 0x12, 0x73, 0x84, 0x73, 0x65, 0x26, 0x47, 0x25,
        0x77, 0x14, 0x47, 0x04, 0x17, 0x86, 0x44, 0x26, 0x02, 0x47, 0x11, 0x87, 0x40, 0x81, 0x22,
        0x16, 0x60, 0x58, 0x47, 0x17, 0x81, 0x37, 0x06, 0x76, 0x80, 0x81, 0x70, 0x58, 0x18, 0x55,
        0x85, 0x47, 0x13, 0x63, 0x42, 0x10, 0x75, 0x58, 0x01, 0x63, 0x58, 0x35, 0x85, 0x18, 0x44,
        0x03, 0x84, 0x71, 0x10, 0x33, 0x87, 0x42, 0x62, 0x82, 0x47, 0x74, 0x13, 0x65, 0x54, 0x42,
        0x70, 0x73, 0x46, 0x35, 0x77, 0x75, 0x00, 0x66, 0x25, 0x62, 0x68, 0x42, 0x02, 0x12, 0x46,
        0x83, 0x86, 0x46, 0x16, 0x64, 0x60, 0x31, 0x22, 0x53, 0x88, 0x84, 0x54, 0x00, 0x84, 0x57,
        0x34, 0x46, 0x47, 0x54, 0x47, 0x25, 0x60, 0x54, 0x61, 0x66, 0x84, 0x66, 0x30, 0x88, 0x06,
        0x38, 0x27, 0x15, 0x63, 0x28, 0x71, 0x83, 0x84, 0x06, 0x52, 0x24, 0x76, 0x81, 0x16, 0x06,
        0x62, 0x13, 0x03, 0x30, 0x18, 0x68, 0x02, 0x80, 0x13, 0x84, 0x63, 0x05, 0x05, 0x65, 0x72,
        0x38, 0x75, 0x83, 0x65, 0x72, 0x32, 0x30, 0x68, 0x80, 0x46, 0x12, 0x26, 0x06, 0x65, 0x16,
        0x75, 0x57, 0x05, 0x32, 0x41, 0x32, 0x27, 0x67, 0x35, 0x17, 0x08, 0x01, 0x53, 0x00, 0x16,
        0x28, 0x46, 0x01, 0x34, 0x88, 0x77, 0x01, 0x11, 0x88, 0x15, 0x57, 0x13, 0x15, 0x46, 0x43,
        0x11, 0x70, 0x47, 0x32, 0x88, 0x28, 0x56, 0x36, 0x82, 0x34, 0x55, 0x50, 0x41, 0x86, 0x27,
        0x65, 0x63, 0x11, 0x11, 0x68, 0x75, 0x05, 0x10, 0x42, 0x54, 0x41, 0x44, 0x27, 0x85, 0x22,
        0x11, 0x17, 0x17, 0x88, 0x15, 0x36, 0x85, 0x15, 0x74, 0x47, 0x16, 0x62, 0x55, 0x36, 0x55,
        0x83, 0x63, 0x02, 0x50, 0x28, 0x55, 0x76, 0x87, 0x53, 0x27, 0x13, 0x71, 0x03, 0x72, 0x37,
        0x05, 0x71, 0x47, 0x61, 0x71, 0x36, 0x51, 0x84, 0x12, 0x42, 0x36, 0x64, 0x44, 0x66, 0x41,
        0x43, 0x52, 0x05, 0x21, 0x08, 0x51, 0x57, 0x03, 0x33, 0x63, 0x86, 0x02, 0x58, 0x42, 0x66,
        0x28, 0x14, 0x81, 0x10, 0x54, 0x62, 0x68, 0x17, 0x30, 0x38, 0x75, 0x64, 0x33, 0x21, 0x65,
        0x88, 0x56, 0x86, 0x63, 0x63, 0x28, 0x13, 0x40, 0x62, 0x54, 0x01, 0x20, 0x40, 0x88, 0x65,
        0x47, 0x88, 0x61, 0x71, 0x65, 0x76, 0x23, 0x72, 0x62, 0x34, 0x86, 0x70, 0x30, 0x11, 0x51,
        0x15, 0x63, 0x20, 0x50, 0x75, 0x35, 0x02, 0x12, 0x21, 0x08, 0x42, 0x65, 0x31, 0x43, 0x55,
        0x67, 0x11, 0x15, 0x25, 0x72, 0x01, 0x06, 0x85, 0x36, 0x30, 0x15, 0x05, 0x57, 0x58, 0x60,
        0x58, 0x78, 0x43, 0x14, 0x31, 0x32, 0x78, 0x78, 0x80, 0x87, 0x38, 0x47, 0x88, 0x63, 0x78,
        0x81, 0x81, 0x38, 0x73, 0x42, 0x61, 0x78, 0x38, 0x85, 0x24, 0x66, 0x77, 0x33, 0x50, 0x60,
        0x21, 0x15, 0x14, 0x64, 0x23, 0x82, 0x32, 0x68, 0x01, 0x35, 0x44, 0x07, 0x83, 0x47, 0x53,
        0x85, 0x53, 0x57, 0x52, 0x83, 0x23, 0x35, 0x18, 0x76, 0x01, 0x15, 0x21, 0x34, 0x32, 0x57,
        0x73, 0x33, 0x36, 0x55, 0x18, 0x86, 0x15, 0x81, 0x61, 0x68, 0x24, 0x18, 0x42, 0x21, 0x22,
        0x30, 0x84, 0x14, 0x48, 0x15, 0x12, 0x01, 0x10, 0x30, 0x24, 0x77, 0x72, 0x42, 0x54, 0x43,
        0x66, 0x06, 0x77, 0x17, 0x70, 0x76, 0x03, 0x01, 0x45, 0x25, 0x40, 0x35, 0x00, 0x18, 0x38,
        0x73, 0x23, 0x77, 0x35, 0x26, 0x50, 0x86, 0x35, 0x71, 0x13, 0x73, 0x44, 0x81, 0x60, 0x52,
        0x77, 0x45, 0x65, 0x53, 0x73, 0x00, 0x85, 0x83, 0x77, 0x85, 0x03, 0x51, 0x21, 0x11, 0x54,
        0x80, 0x62, 0x88, 0x50, 0x18, 0x02, 0x68, 0x13, 0x86, 0x52, 0x05, 0x34, 0x68, 0x01, 0x32,
        0x07, 0x24, 0x18, 0x03, 0x21, 0x30, 0x05, 0x72, 0x38, 0x64, 0x07, 0x64, 0x27, 0x11, 0x41,
        0x01, 0x83, 0x85, 0x25, 0x51, 0x06, 0x32, 0x60, 0x71, 0x04, 0x86, 0x51, 0x76, 0x83, 0x38,
        0x28, 0x57, 0x27, 0x62, 0x35, 0x45, 0x18, 0x73, 0x50, 0x83, 0x13, 0x28, 0x86, 0x37, 0x66,
        0x61, 0x42, 0x63, 0x11, 0x67, 0x50, 0x33, 0x11, 0x25, 0x53, 0x76, 0x41, 0x76, 0x03, 0x14,
        0x33, 0x17, 0x72, 0x12, 0x23, 0x44, 0x18, 0xA8, 0x2E, 0x4F, 0x5C, 0x9E, 0xA0, 0xFA, 0xF9,
        0x9E, 0xB0, 0x4D, 0x78, 0xA7, 0x33, 0x27, 0x11, 0x11, 0x7C, 0x33, 0xF1, 0x8E, 0xCA, 0x21,
        0xF8, 0x74, 0x33, 0x76, 0xAD, 0xA5, 0x21, 0x98, 0x04, 0xA7, 0xED, 0x9A, 0x55, 0x57, 0xFC,
        0xD6, 0x7A, 0x35, 0x50, 0xB3, 0xA4, 0xB8, 0xC5, 0x88, 0x62, 0x9C, 0x02, 0x14, 0x75, 0xFA,
        0x3D, 0x56, 0xD5, 0xD6, 0xCF, 0xBB, 0x1A, 0x09, 0xBD, 0xA8, 0xD1, 0x4D, 0xE6, 0x22, 0xDD,
        0xFF, 0x16, 0xD8, 0xBC, 0x99, 0xB1, 0x42, 0x78, 0xA8, 0xAF, 0x1D, 0x76, 0xBE, 0xD1, 0x57,
        0x67, 0x2D, 0xD9, 0xC3, 0x23, 0x16, 0xF9, 0x7E, 0x8D, 0xAA, 0xDE, 0xF8, 0xD9, 0xDA, 0x69,
        0x58, 0x67, 0x25, 0x56, 0x7F, 0xB9, 0x6B, 0x59, 0x99, 0x0D, 0x4B, 0xF0, 0xBC, 0x9C, 0x19,
        0x5B, 0x90, 0xB7, 0x42, 0x95, 0xF5, 0x67, 0x5B, 0x24, 0x25, 0x7C, 0x27, 0x10, 0xC1, 0x75,
        0xB0, 0x15, 0x3F, 0x29, 0x11, 0x32, 0x8C, 0x2E, 0xB7, 0xAB, 0xB9, 0xAD, 0x46, 0xE7, 0x0A,
        0x8B, 0x53, 0xC3, 0x9E, 0xA6, 0x42, 0xCE, 0xE4, 0xB3, 0xCB, 0x42, 0x62, 0x0E, 0x86, 0x3C,
        0xE8, 0xB6, 0x50, 0xCE, 0x8A, 0xDC, 0xD9, 0x23, 0x72, 0x1A, 0x16, 0x87, 0x02, 0x3C, 0x67,
        0x3A, 0x8C, 0xBB, 0x6B, 0x03, 0xD5, 0x1C, 0xD1, 0x97, 0xE8, 0xC3, 0x46, 0xEB, 0xAD, 0xCE,
        0x93, 0x95, 0x0F, 0x88, 0xCE, 0xE2, 0x01, 0xDB, 0x9E, 0x32, 0x08, 0x43, 0xE2, 0x9F, 0x30,
        0x0D, 0x9A, 0x19, 0x50, 0x0D, 0x70, 0xA4, 0xCA, 0xF2, 0x72, 0xC6, 0x9E, 0x4E, 0xEF, 0x69,
        0xFB, 0xB8, 0xA5, 0x5E, 0xFD, 0x7C, 0xA2, 0xBE, 0xD9, 0x90, 0xD2, 0xD3, 0xB5, 0x82, 0x84,
        0x8F, 0x9C, 0x45, 0xC2, 0xAB, 0xC5, 0x4C, 0xFC, 0x47, 0xD3, 0x4F, 0x06, 0xC0, 0xFF, 0xA5,
        0x6F, 0xCD, 0x76, 0x2A, 0xB9, 0xCB, 0xA9, 0x14, 0x6D, 0x77, 0x25, 0x21, 0x89, 0x63, 0xB2,
        0x40, 0xD7, 0x2B, 0x6D, 0x22, 0xC9, 0x31, 0x71, 0xFB, 0xD4, 0x77, 0x88, 0xB7, 0x6E, 0x72,
        0x04, 0x2D, 0xEF, 0x08, 0x78, 0xD2, 0x3D, 0xF6, 0x31, 0xA1, 0xA1, 0xE5, 0xA6, 0x02, 0x76,
        0x86, 0xDE, 0x5B, 0x4A, 0x10, 0xE9, 0x10, 0x69, 0xC8, 0xF2, 0xBA, 0x02, 0x59, 0xB0, 0x4D,
        0x64, 0x09, 0xDA, 0x96, 0x56, 0x7C, 0xA5, 0x2D, 0xA4, 0x97, 0x02, 0x6E, 0x58, 0x3A, 0x0E,
        0xCE, 0xFC, 0x1F, 0x01, 0xE6, 0xB9, 0x88, 0xE2, 0x1F, 0x97, 0x67, 0xA2, 0xB7, 0xE1, 0x67,
        0x2D, 0xEB, 0x9A, 0x1E, 0x2A, 0x3F, 0xCC, 0x86, 0x3A, 0xA9, 0x15, 0x17, 0xC3, 0x34, 0x62,
        0x06, 0x01, 0xB4, 0xFE, 0x79, 0x73, 0x0E, 0x93, 0x49, 0x35, 0xF4, 0xB6, 0xFB, 0xC4, 0xE3,
        0x26, 0x95, 0x14, 0x5C, 0x2B, 0x5F, 0x6A, 0x12, 0x7F, 0xEC, 0xC0, 0xA2, 0x77, 0x45, 0x1E,
        0xBC, 0x3F, 0xD5, 0x23, 0x44, 0x4F, 0x9E, 0xE7, 0xC9, 0xC3, 0x45, 0x34, 0xF3, 0x56, 0xDB,
        0x54, 0x4F, 0xC3, 0x1C, 0x1B, 0xFD, 0xE5, 0xF6, 0x5C, 0x77, 0xEA, 0x2F, 0x7C, 0x2E, 0xAE,
        0x4C, 0x55, 0xEB, 0xAF, 0x10, 0x42, 0x71, 0xC5, 0x66, 0xFD, 0x4E, 0xBA, 0xC7, 0x1C, 0x7A,
        0x62, 0xC7, 0x49, 0x52, 0x81, 0x7A, 0xE6, 0x75, 0x50, 0x4D, 0x95, 0x99, 0xB1, 0xB7, 0x62,
        0xB6, 0xAC, 0xA1, 0x68, 0xA8, 0x32, 0x48, 0xC9, 0xD9, 0xAD, 0xB0, 0xCE, 0xB1, 0x55, 0x6E,
        0x57, 0x59, 0x49, 0x0B, 0xBC, 0x0C, 0x79, 0x00, 0x79, 0x5A, 0xD7, 0x21, 0x23, 0x03, 0x8B,
        0x66, 0x2F, 0x64, 0xF1, 0x06, 0xA9, 0x99, 0x36, 0x81, 0xA2, 0x5D, 0x59, 0xAF, 0x7B, 0xC9,
        0x7A, 0x23, 0x5B, 0xE9, 0x28, 0x4C, 0x5B, 0xC4, 0x5A, 0x6C, 0x90, 0xCB, 0x1C, 0x29, 0x99,
        0xC6, 0x63, 0xD9, 0x6B, 0x47, 0x8E, 0x23, 0x07, 0xF8, 0x55, 0x48, 0x95, 0x7D, 0x65, 0x74,
        0x0E, 0x26, 0x73, 0xE9, 0xEB, 0xD1, 0x35, 0x28, 0x29, 0x03, 0x8F, 0x46, 0x2B, 0x8F, 0xD3,
        0xB5, 0x68, 0x1D, 0xA5, 0x5C, 0x02, 0x52, 0x52, 0x38, 0x53, 0x52, 0x5E, 0xA0, 0xAD, 0x64,
        0x7E, 0x71, 0xAC, 0x2C, 0x5A, 0x88, 0x93, 0xE6, 0x03, 0xAC, 0x97, 0xE5, 0x6C, 0x04, 0xCE,
        0xB2, 0xF2, 0x6F, 0x5C, 0x5B, 0x4B, 0x6D, 0x94, 0xAB, 0x81, 0x13, 0x80, 0xFD, 0x00, 0xF2,
        0x20, 0x8F, 0xE8, 0x65, 0x35, 0x08, 0x6A, 0xEB, 0xFD, 0x35, 0xC2, 0x91, 0x20, 0x62, 0x4C,
        0x04, 0xFB, 0xB6, 0x11, 0x39, 0x29, 0xD9, 0xC5, 0x56, 0x35, 0x02, 0x53, 0x76, 0x6C, 0x20,
        0x9F, 0xDB, 0xA8, 0x3C, 0x95, 0xFC, 0xCD, 0x34, 0x2A, 0x28, 0x09, 0x93, 0x55, 0xD0, 0x0B,
        0xC8, 0x63, 0xF4, 0xEE, 0xF5, 0x96, 0xEB, 0x0B, 0x42, 0xEB, 0xCC, 0x7C, 0x79, 0x49, 0x1C,
        0xCE, 0xAE, 0x20, 0x5E, 0xA0, 0xB8, 0x05, 0x9F, 0xBB, 0x8A, 0x57, 0x26, 0xC5, 0x94, 0x9D,
        0x2B, 0x15, 0xE7, 0xE2, 0x9C, 0x51, 0xFC, 0x9B, 0x02, 0xEE, 0x1A, 0x4F, 0xC3, 0x57, 0xB5,
        0xF1, 0xBE, 0xF9, 0xC4, 0xAD, 0xD4, 0x6A, 0x2A, 0x92, 0x0C, 0x2F, 0xBF, 0x08, 0xA3, 0x7E,
        0xB1, 0x51, 0x4B, 0xFA, 0x15, 0x11, 0x0A, 0x43, 0x92, 0xA7, 0x4C, 0x6F, 0x13, 0xC5, 0x0C,
        0x5C, 0xFF, 0xD9, 0x75, 0x31, 0x09, 0x8D, 0x7C, 0xD2, 0x3B, 0x60, 0xEB, 0x35, 0xC4, 0xA4,
        0x28, 0xB4, 0x6C, 0x55, 0x38, 0x6E, 0x10, 0x10, 0xC4, 0xBA, 0x7F, 0x70, 0xE4, 0xC7, 0xEC,
        0xB7, 0x57, 0x5F, 0x30, 0x63, 0xA7, 0x1E, 0x84, 0xDF, 0xDC, 0xF0, 0x9A, 0x58, 0xB2, 0xCD,
        0xB0, 0xF9, 0x9F, 0x27, 0xED, 0x37, 0x86, 0x10, 0xD2, 0x5C, 0xBA, 0xD7, 0xBF, 0xA6, 0xBA,
        0x0D, 0x59, 0x18, 0x9C, 0xFE, 0x88, 0xEA, 0xB9, 0xB4, 0x6D, 0x7E, 0x6D, 0xB0, 0x30, 0x7E,
        0xAB, 0xE4, 0x19, 0x8E, 0x99, 0xBD, 0x71, 0xF7, 0x79, 0xAB, 0x66, 0x58, 0x1E, 0x09, 0x12,
        0xFC, 0x7B, 0x1D, 0x25, 0x85, 0x24, 0x5E, 0x9A, 0x12, 0x68, 0x7A, 0x97, 0x5C, 0xD5, 0xE8,
        0xE1, 0xDC, 0xC0, 0x45, 0xD5, 0xF8, 0x91, 0xC4, 0xC6, 0x85, 0xDB, 0x07, 0xCF, 0x81, 0xE7,
        0x73, 0x89, 0xB3, 0x63, 0xEB, 0x6B, 0xDF, 0xE3, 0x9B, 0x27, 0xFF, 0x84, 0xC9, 0x7E, 0xEF,
        0xEE, 0x16, 0x2E, 0x3B, 0x45, 0x1F, 0xE6, 0x91, 0x47, 0x19, 0xCB, 0x64, 0x36, 0xD8, 0x55,
        0x96, 0x0F, 0xF9, 0x15, 0xD7, 0xCE, 0xA6, 0xAD, 0xEA, 0xFD, 0xFC, 0x1C, 0x05, 0x78, 0x6C,
        0x49, 0xF9, 0x23, 0xA4, 0x74, 0xFF, 0xDF, 0xC3, 0x15, 0x3A, 0x06, 0xE6, 0xED, 0x0B, 0x0A,
        0xD2, 0x20, 0xD7, 0x25, 0x24, 0x43, 0x4D, 0x52, 0x73, 0xC0, 0xAA, 0xB6, 0xDD, 0xE4, 0xE9,
        0x14, 0x76, 0xD5, 0x81, 0xA2, 0x69, 0x5A, 0x60, 0xDE, 0x6D, 0x9F, 0x44, 0xD7, 0x7A, 0xA0,
        0x82, 0x66, 0xE9, 0x38, 0xEE, 0xB4, 0xA9, 0x59, 0x7C, 0x9B, 0x64, 0x98, 0x60, 0x59, 0xE4,
        0x92, 0x62, 0xA4, 0xEA, 0xB2, 0x45, 0x4E, 0x14, 0x01, 0x5A, 0xD0, 0x53, 0x6C, 0x42, 0x73,
        0x3A, 0x5D, 0x77, 0xD7, 0x99, 0x5C, 0x2A, 0x20, 0x44, 0x60, 0x09, 0xEB, 0xFE, 0x56, 0x32,
        0xC8, 0x0C, 0x08, 0xED, 0x2B, 0x97, 0xAF, 0x35, 0x06, 0x64, 0x89, 0xF5, 0x97, 0xEB, 0x1B,
        0x1F, 0x11, 0xF0, 0x4F, 0x60, 0xE0, 0xC9, 0x04, 0x01, 0x59, 0xC4, 0x4A, 0xB3, 0xE6, 0x0E,
        0x0A, 0x15, 0x22, 0x9D, 0x19, 0x12, 0x28, 0xBE, 0xD1, 0x7B, 0xBC, 0x3A, 0xC9, 0x39, 0xB3,
        0xC6, 0x7C, 0xEE, 0x13, 0x5F, 0x35, 0x2C, 0x27, 0x21, 0x6C, 0x9C, 0x31, 0xF7, 0x2A, 0x3E,
        0x87, 0x04, 0x0C, 0x5F, 0x61, 0x93, 0x06, 0xEB, 0x0B, 0x6C, 0xCA, 0x2A, 0x9C, 0xE7, 0xB2,
        0x2A, 0x16, 0x94, 0xD0, 0x0C, 0xA9, 0xC0, 0x5E, 0x31, 0x51, 0x26, 0x45, 0x7F, 0x26, 0xCE,
        0x84, 0xF9, 0x61, 0x72, 0x41, 0x86, 0x07, 0x82, 0xF8, 0x64, 0xB4, 0x73, 0xD8, 0x40, 0x17,
        0x49, 0x19, 0x02, 0xB1, 0xBD, 0xC8, 0xCD, 0xC5, 0x80, 0x0D, 0xD4, 0x61, 0x27, 0xFB, 0x80,
        0xA7, 0x1C, 0x09, 0x5B, 0x47, 0x3A, 0x56, 0x25, 0x29, 0xB3, 0xB1, 0xE7, 0xE4, 0x37, 0xE1,
        0x58, 0xA5, 0xF6, 0x66, 0x6E, 0x99, 0x74, 0xD0, 0x05, 0xB0, 0x62, 0xC2, 0x30, 0x9E, 0x6D,
        0xCE, 0x98, 0xF9, 0xB6, 0x58, 0xC6, 0xE3, 0xF9, 0xA2, 0x16, 0xD5, 0x8C, 0x8C, 0x91, 0x42,
        0xBD, 0x1C, 0x8C, 0x85, 0xA9, 0xDA, 0x87, 0x2E, 0xBB, 0xFA, 0xD3, 0xFE, 0xA9, 0xD9, 0xAB,
        0xA2, 0xB6, 0x8C, 0x0E, 0x8F, 0x19, 0xC6, 0xFF, 0x5F, 0x00, 0x58, 0x4D, 0x45, 0xDA, 0xF9,
        0xD6, 0xC9, 0xD6, 0x9E, 0xD0, 0x4B, 0x8D, 0xA8, 0xD6, 0x87, 0x25, 0x8B, 0x77, 0x80, 0x79,
        0x27, 0x61, 0x2C, 0x53, 0x04, 0x46, 0xFE, 0xA7, 0x69, 0x7A, 0xE3, 0xF9, 0x26, 0x69, 0x89,
        0x29, 0xBC, 0x6A, 0x5A, 0x8C, 0xF3, 0xE2, 0x02, 0x4C, 0x0F, 0x0C, 0x5E, 0xE5, 0x7B, 0x58,
        0x69, 0xBF, 0x98, 0x18, 0x81, 0xCA, 0xF9, 0xE3, 0x66, 0x5F, 0xC7, 0xF7, 0xEF, 0xC6, 0x78,
        0x92, 0x9F, 0x87, 0xA5, 0x6E, 0xAA, 0x42, 0xEA, 0x4D, 0x1F, 0xF6, 0x69, 0x18, 0x22, 0xDD,
        0x79, 0xA4, 0x70, 0x96, 0xB7, 0x76, 0xD1, 0xD8, 0xF0, 0x14, 0x56, 0xE5, 0x87, 0x3B, 0x07,
        0x38, 0x40, 0x6C, 0x38, 0x2C, 0x57, 0x3A, 0xE9, 0xCD, 0xE2, 0xD9, 0xE7, 0xF2, 0x31, 0xB6,
        0xCC, 0x5C, 0x67, 0x6E, 0x7C, 0xF4, 0x39, 0x63, 0x37, 0x30, 0x13, 0xA5, 0x80, 0x75, 0x38,
        0x1F, 0xF0, 0x94, 0x9B, 0xE0, 0x84, 0x54, 0x6D, 0x72, 0xE4, 0xF8, 0xA3, 0xE5, 0xFE, 0x4A,
        0xA5, 0x09, 0x1A, 0xDD, 0x23, 0x4E, 0x2A, 0xFE, 0x00, 0x30, 0xB1, 0xB6, 0x63, 0xAE, 0x9D,
        0x2D, 0x32, 0x41, 0x09, 0x86, 0xB9, 0x40, 0x2A, 0xAA, 0xF2, 0x46, 0x5B, 0x74, 0xA5, 0xE2,
        0xD0, 0xBC, 0x38, 0xE3, 0xA9, 0x2B, 0xBD, 0xDD, 0x8A, 0x1F, 0xED, 0x7B, 0x94, 0x8C, 0x23,
        0xCC, 0xE6, 0xF8, 0xC0, 0x8F, 0xE3, 0x56, 0x83, 0x5B, 0xA6, 0x5B, 0x0F, 0x98, 0x40, 0x68,
        0x61, 0x6E, 0xF4, 0x81, 0x38, 0xEF, 0xD8, 0x9B, 0xF3, 0x57, 0xA5, 0x4D, 0x2E, 0xBB, 0xF3,
        0x76, 0xCB, 0xDC, 0xC6, 0x9C, 0x5F, 0x1F, 0x61, 0xC6, 0x4D, 0x27, 0x94, 0xBC, 0x06, 0xCC,
        0xB9, 0xAB, 0xDF, 0x66, 0xE2, 0x50, 0x85, 0xD8, 0xC8, 0x30, 0xE2, 0xAE, 0x3B, 0x0F, 0xE0,
        0xF0, 0x7A, 0x7A, 0xF8, 0xB9, 0x32, 0x0B, 0xF3, 0x42, 0x97, 0x09, 0x97, 0xD6, 0x7D, 0x7C,
        0x12, 0x59, 0x3A, 0x8F, 0xBF, 0xAD, 0xE6, 0x35, 0xAA, 0xC5, 0x30, 0x83, 0xA7, 0x02, 0x2C,
        0x47, 0xD5, 0xF7, 0x7A, 0x52, 0xB5, 0x7B, 0x59, 0x8D, 0xA9, 0x39, 0x2A, 0xE6, 0xD8, 0x6A,
        0xFC, 0x46, 0xFC, 0x06, 0x45, 0x51, 0x81, 0xB9, 0xC7, 0x5A, 0x64, 0x6D, 0xC2, 0x1F, 0x81,
        0xE4, 0xBF, 0x21, 0x37, 0x53, 0xDE, 0x73, 0x7F, 0xD2, 0xA1, 0x40, 0x02, 0x79, 0x20, 0xAD,
        0xD3, 0x5A, 0x22, 0x3F, 0x9F, 0x5F, 0x44, 0x65, 0xCE, 0xB6, 0x0C, 0x03, 0xED, 0x04, 0x55,
        0xA3, 0x33, 0xA5, 0xCC, 0x83, 0xAD, 0xBF, 0x43, 0xF1, 0xF4, 0x2C, 0x2C, 0xCB, 0x83, 0x28,
        0xC2, 0x1C, 0x7A, 0xB7, 0xFA, 0xED, 0x2B, 0x21, 0xCF, 0xAD, 0xE2, 0xDA, 0x55, 0x22, 0x3A,
        0xAA, 0xB2, 0xAF, 0x9B, 0x41, 0xC7, 0x33, 0x23, 0x41, 0x74, 0x63, 0x41, 0xB3, 0x9A, 0xA2,
        0xF4, 0x38, 0x15, 0x65, 0x0F, 0x54, 0x80, 0x51, 0x14, 0x24, 0xCF, 0xA6, 0x90, 0x17, 0x79,
        0xC4, 0xD1, 0x8B, 0x63, 0x8C, 0xC0, 0x28, 0x7A, 0xAA, 0xF3, 0x16, 0x80, 0x33, 0x8D, 0x20,
        0xB1, 0x7C, 0x74, 0x49, 0xFD, 0xC6, 0xA2, 0x78, 0xA8, 0xD9, 0x6A, 0x82, 0xEE, 0x4C, 0x4E,
        0xCA, 0x40, 0x12, 0x5E, 0x2D, 0x65, 0x29, 0x00, 0x71, 0xC7, 0xAE, 0xF1, 0xBE, 0x6A, 0x99,
        0x15, 0x98, 0xFB, 0x9D, 0x59, 0x51, 0x25, 0x23, 0xBC, 0xD4, 0xB3, 0x8C, 0x56, 0x6B, 0x8E,
        0x80, 0xA7, 0x3A, 0xE3, 0x33, 0xE1, 0x34, 0x41, 0x43, 0x27, 0xEF, 0x1D, 0x83, 0xC4, 0x7C,
        0x49, 0xDF, 0xE7, 0x93, 0x6D, 0xF1, 0x33, 0x8A, 0x5E, 0x24, 0x77, 0x87, 0x86, 0x8F, 0xC8,
        0x4F, 0xDC, 0xB9, 0x5A, 0xC8, 0x9C, 0x18, 0x5C, 0x4B, 0xB5, 0xFD, 0x57, 0xB2, 0x33, 0x8A,
        0xC4, 0x2B, 0x41, 0xC1, 0x0A, 0x82, 0x3D, 0xF3, 0x96, 0x24, 0xF3, 0x6B, 0x15, 0xA2, 0xF0,
        0x67, 0x58, 0x4E, 0x06, 0xCA, 0x2E, 0x08, 0xCC, 0xAF, 0xF1, 0x61, 0x8F, 0xE0, 0x1D, 0xD0,
        0x6D, 0xF3, 0x51, 0x2E, 0x0B, 0x72, 0x4D, 0xEC, 0x85, 0x06, 0xDA, 0x24, 0x21, 0x5A, 0xCA,
        0xCC, 0x2C, 0x51, 0xB8, 0x2A, 0xD8, 0xD3, 0x02, 0x00, 0x2F, 0xB4, 0x10, 0x68, 0xB1, 0xDA,
        0x4F, 0x8B, 0xB1, 0x47, 0x98, 0x7B, 0x35, 0x16, 0xBA, 0xD5, 0xDB, 0xDD, 0xF0, 0x13, 0x18,
        0xFD, 0x3F, 0xA9, 0xBC, 0x43, 0x70, 0x2A, 0xC4, 0x98, 0xC7, 0x19, 0xD9, 0x5F, 0x2E, 0x84,
        0x1B, 0x62, 0x2A, 0x5E, 0x48, 0x48, 0xA3, 0xC5, 0xC2, 0x62, 0x95, 0x99, 0x92, 0xEA, 0x7A,
        0x7D, 0x72, 0xCA, 0x8A, 0x36, 0x80, 0x28, 0xF4, 0x97, 0xDF, 0xAD, 0x93, 0x35, 0x5C, 0xBB,
        0x1B, 0xB9, 0x78, 0x6D, 0x14, 0xFF, 0x2C, 0xF5, 0x90, 0x31, 0x78, 0x48, 0xF9, 0x58, 0x56,
        0x42, 0x71, 0x10, 0xDD, 0xA3, 0x6F, 0x51, 0x92, 0xA8, 0x16, 0xCE, 0x9C, 0x88, 0x16, 0xCC,
        0x7B, 0xBF, 0xC8, 0x04, 0xEF, 0xC4, 0x00, 0x85, 0xA3, 0x85, 0x0B, 0x89, 0xF1, 0xE7, 0xFE,
        0x56, 0x56, 0xDB, 0xA4, 0x10, 0xF9, 0x06, 0xA9, 0x7C, 0x32, 0x33, 0x6C, 0x1A, 0xE7, 0xE8,
        0x17, 0x37, 0xA8, 0x3E, 0x08, 0x73, 0x54, 0xE4, 0x28, 0xDA, 0x85, 0x38, 0xD9, 0x48, 0xDB,
        0xF5, 0xDF, 0xAC, 0xB5, 0x9D, 0xD2, 0xB5, 0xFD, 0x3B, 0xC8, 0x03, 0xF4, 0xBA, 0x43, 0x2C,
        0x9A, 0x73, 0x9D, 0xF2, 0xCF, 0xA9, 0xED, 0x94, 0x84, 0x32, 0x0F, 0x97, 0xED, 0xFF, 0x1A,
        0x48, 0xC6, 0xB8, 0x6B, 0x30, 0x02, 0xCF, 0xB7, 0x72, 0xDD, 0x5E, 0x56, 0x2B, 0xC4, 0xC3,
        0xD6, 0x83, 0xED, 0x96, 0x4B, 0x61, 0x99, 0xFA, 0x05, 0x14, 0xB0, 0x79, 0x0D, 0x95, 0x80,
        0x95, 0xB7, 0xB8, 0x5C, 0x6B, 0xE8, 0x75, 0xFB, 0xB5, 0x59, 0xE1, 0x93, 0x01, 0x46, 0xCC,
        0xEA, 0x63, 0xA3, 0x88, 0xA1, 0x94, 0xFE, 0x09, 0xC3, 0xDE, 0xA0, 0x3B, 0xE5, 0x2D, 0xE2,
        0x7E, 0x90, 0x10, 0x17, 0xAF, 0xE8, 0x09, 0xAF, 0x63, 0x0A, 0x73, 0x82, 0xBF, 0x5C, 0x4C,
        0xD4, 0xD1, 0xB8, 0xF4, 0x15, 0x79, 0xFB, 0x43, 0x48, 0xED, 0xE4, 0xCA, 0x05, 0xF4, 0xCD,
        0x3F, 0x13, 0x9A, 0x31, 0xB2, 0x54, 0x4E, 0x51, 0x6D, 0xBE, 0x40, 0x86, 0xB9, 0xBB, 0x4B,
        0x2B, 0xED, 0x47, 0xE2, 0xD2, 0x30, 0x98, 0x2D, 0xD5, 0x19, 0x24, 0x29, 0xD3, 0x77, 0xB7,
        0xC0, 0x74, 0x5C, 0xC0, 0x68, 0xE2, 0xF5, 0xA4, 0xAA, 0x04, 0xC7, 0xFF, 0x87, 0x20, 0x9E,
        0xD1, 0x25, 0x99, 0x76, 0xA0, 0xFC, 0x9B, 0x25, 0xE9, 0xE8, 0x51, 0xD4, 0xE3, 0x50, 0x2C,
        0x02, 0xC8, 0x5D, 0x6D, 0xFF, 0x02, 0x9E, 0x21, 0x1D, 0x01, 0xEB, 0xF0, 0xE9, 0xE7, 0x18,
        0x8D, 0x56, 0x8F, 0x84, 0x37, 0xD8, 0x13, 0xB0, 0xF1, 0x22, 0xF2, 0xFB, 0x17, 0x60, 0x3B,
        0x69, 0x3E, 0xD9, 0xC3, 0x8F, 0x17, 0xCF, 0xD5, 0x0B, 0x81, 0x5E, 0x6D, 0x9D, 0xFC, 0x0E,
        0xD2, 0xCC, 0xF1, 0x9F, 0x63, 0x99, 0x27, 0x4A, 0x14, 0x20, 0xF2, 0x35, 0xA5, 0x9D, 0x8B,
        0xF7, 0x24, 0x34, 0x5E, 0x14, 0xE4, 0x5D, 0x9E, 0x4B, 0xE8, 0x93, 0x4D, 0xFC, 0x3F, 0xA9,
        0x26, 0x78, 0xDB, 0x61, 0xD7, 0x11, 0x8B, 0xF5, 0x3C, 0xB8, 0xA2, 0x22, 0x5B, 0x33, 0x5F,
        0x7E, 0xAE, 0x50, 0xE3, 0xF9, 0x41, 0x23, 0x76, 0x28, 0xDB, 0x76, 0xD8, 0xEA, 0x38, 0xF7,
        0x7A, 0x72, 0xAF, 0x3A, 0x26, 0xC8, 0x1F, 0xE4, 0x35, 0x23, 0xB3, 0x35, 0x53, 0x5A, 0x5D,
        0x1D, 0xB7, 0xC3, 0x8F, 0x34, 0x10, 0x82, 0xBB, 0x57, 0x34, 0xD0, 0x89, 0xE8, 0xAE, 0x30,
        0x9C, 0xFD, 0xA3, 0xA0, 0xBC, 0xB5, 0xCD, 0x5B, 0x09, 0x71, 0x13, 0xC8, 0xED, 0xF9, 0x61,
        0x6A, 0xA4, 0xF6, 0xE6, 0x63, 0x1B, 0x91, 0x25, 0x27, 0x6F, 0xB3, 0xF6, 0x80, 0xA3, 0x43,
        0x41, 0xC3, 0xDB, 0x66, 0x8D, 0xC6, 0xCA, 0xD4, 0x5F, 0xC9, 0x3B, 0x27, 0x08, 0xCA, 0x2A,
        0xF7, 0x5C, 0xCC, 0xE7, 0x34, 0xFD, 0x19, 0x1C, 0x50, 0x08, 0x9D, 0xAD, 0x53, 0x98, 0x2F,
        0xDD, 0xAE, 0x02, 0x53, 0x1F, 0xF9, 0x3E, 0x1F, 0x21, 0xFF, 0x39, 0x5F, 0xC0, 0xA1, 0x28,
        0x74, 0xED, 0xF0, 0x6B, 0x6F, 0x96, 0x47, 0xE9, 0x5A, 0x73, 0x24, 0x58, 0x6C, 0x71, 0xDF,
        0xD9, 0x1D, 0x90, 0x1D, 0x62, 0x18, 0x58, 0x19, 0x0F, 0xEC, 0xD0, 0x0C, 0xCD, 0x11, 0x0B,
        0xBA, 0xC5, 0x9F, 0x96, 0xCB, 0x88, 0x4C, 0x3C, 0x93, 0x99, 0x47, 0x48, 0xA5, 0x6F, 0x41,
        0x28, 0x3B, 0xFC, 0x41, 0xFB, 0x89, 0x05, 0x21, 0x53, 0xA8, 0x94, 0x58, 0x8C, 0x3C, 0xB9,
        0x01, 0x7F, 0x3D, 0x66, 0x32, 0x6C, 0x98, 0x56, 0x37, 0xE5, 0x75, 0xAC, 0xB8, 0x12, 0x34,
        0x63, 0x42, 0x65, 0x40, 0x25, 0xD6, 0x02, 0xDE, 0x3B, 0xA9, 0x40, 0xC1, 0x9A, 0xC1, 0xA6,
        0x33, 0xDF, 0xFD, 0xA9, 0x77, 0xB5, 0x29, 0xB8, 0x01, 0x3E, 0x19, 0xC1, 0xD6, 0xD0, 0x68,
        0x0F, 0x4D, 0xAE, 0x62, 0xC9, 0x24, 0x45, 0x0A, 0xE6, 0x6A, 0xAB, 0x82, 0xF2, 0x14, 0x73,
        0x06, 0x1D, 0xAB, 0x3D, 0x62, 0xB2, 0x47, 0xF9, 0x07, 0xE3, 0x55, 0x19, 0x39, 0xAD, 0x3F,
        0x54, 0x65, 0xE9, 0xD0, 0x8A, 0x82, 0xBF, 0xEA, 0x17, 0xEE, 0xA1, 0xB6, 0xB2, 0xB9, 0x23,
        0x75, 0x74, 0x77, 0xF9, 0x93, 0x00, 0x0B, 0x2F, 0x43, 0xB7, 0x0F, 0x28, 0xAA, 0xAB, 0x1F,
        0xE9, 0xA2, 0x6A, 0xD1, 0xFD, 0x33, 0x61, 0x61, 0x6C, 0x0B, 0x0E, 0x24, 0x2F, 0xE7, 0x66,
        0x04, 0xB7, 0x03, 0x3A, 0x1F, 0x30, 0xE9, 0x7E, 0x28, 0xF5, 0x26, 0xCA, 0x3C, 0x88, 0x0F,
        0xE2, 0xB8, 0xD9, 0xD1, 0xB0, 0xC9, 0xFF, 0x18, 0x8B, 0x31, 0xCB, 0x9D, 0x97, 0x42, 0x5A,
        0xCA, 0xB9, 0xB2, 0x16, 0xD9, 0x8A, 0x6A, 0xE3, 0x55, 0xE5, 0x83, 0xDA, 0x71, 0xE8, 0x86,
        0x4E, 0xE3, 0xD1, 0x6B, 0x07, 0x59, 0x79, 0x61, 0x90, 0xEF, 0x54, 0x5C, 0x1E, 0x62, 0xBF,
        0xEF, 0x92, 0xAF, 0x6C, 0xA1, 0x47, 0xB1, 0x32, 0x44, 0xD6, 0xC8, 0x92, 0xFC, 0x8E, 0xF2,
        0x23, 0xAB, 0x3F, 0x43, 0xF9, 0x24, 0xC2, 0xF4, 0x66, 0x09, 0x7E, 0xE8,
    ])
    .unwrap()
}

fn bench_mldsa65_sign() {
    use bouncycastle::mldsa::{MLDSA65, MLDSA65_SK_LEN, MLDSATrait};

    eprintln!("MLDSA65/Sign");

    /* One-time setup of the KAT -- commented out so that keygen is not captured in the bench */
    // let seed = KeyMaterial256::from_bytes_as_type(
    //     &[0x00,0x01,0x02,0x03,0x04,0x05,0x06,0x07,0x08,0x09,0x0a,0x0b,0x0c,0x0d,0x0e,0x0f,0x10,0x11,0x12,0x13,0x14,0x15,0x16,0x17,0x18,0x19,0x1a,0x1b,0x1c,0x1d,0x1e,0x1f],
    //     KeyType::Seed,
    // ).unwrap();
    //
    // let (_pk, sk) = MLDSA65::keygen_from_seed(&seed).unwrap();
    // use bouncycastle_hex as hex;
    // eprintln!("sk:\n{}", &hex::encode(sk.encode()));

    let sk = load_mldsa65_sk();

    let msg = b"The quick brown fox jumped over the lazy dog";

    measure(|| {
        let mu = MLDSA65::compute_mu_from_sk(&sk, msg, None).unwrap();
        let sig = MLDSA65::sign_mu_deterministic(&sk, None, &mu, [0u8; 32]).unwrap();
        print!("{:x?}", sig);
    });
}

/// Same as bench_mldsa65_sign(), but with a pre-expanded private key.
///
/// The matrix A_hat is expanded up-front and handed to the signature, which is what makes repeated
/// signatures with the same key cheaper -- at the cost of the memory A_hat occupies for as long
/// as it is held.
///
/// Only the signature is measured, not the expansion: building an MLDSA65PrivateKeyExpanded
/// inside this function would put its own peak (which exceeds a whole signature) into the
/// measurement, the way a keygen would. This calls the same entry point as bench_mldsa65_sign(),
/// differing only in passing Some(&a_hat) instead of None, so the two are comparable.
///
fn bench_mldsa65_sign_expanded_sk() {
    use bouncycastle::mldsa::{MLDSA65, MLDSA65_SK_LEN, MLDSAPrivateKeyTrait, MLDSATrait};

    eprintln!("MLDSA65/Sign_with_expanded_key");

    /* One-time setup of the KAT -- commented out so that keygen is not captured in the bench */
    // let seed = KeyMaterial256::from_bytes_as_type(
    //     &[0x00,0x01,0x02,0x03,0x04,0x05,0x06,0x07,0x08,0x09,0x0a,0x0b,0x0c,0x0d,0x0e,0x0f,0x10,0x11,0x12,0x13,0x14,0x15,0x16,0x17,0x18,0x19,0x1a,0x1b,0x1c,0x1d,0x1e,0x1f],
    //     KeyType::Seed,
    // ).unwrap();
    //
    // let (_pk, sk) = MLDSA65::keygen_from_seed(&seed).unwrap();
    // use bouncycastle_hex as hex;
    // eprintln!("sk:\n{}", &hex::encode(sk.encode()));

    let sk = load_mldsa65_sk();

    let msg = b"The quick brown fox jumped over the lazy dog";

    measure(|| {
        let a_hat = sk.A_hat();
        let mu = MLDSA65::compute_mu_from_sk(&sk, msg, None).unwrap();
        let sig = MLDSA65::sign_mu_deterministic(&sk, Some(&a_hat), &mu, [0u8; 32]).unwrap();
        print!("{:x?}", sig);
    });
}

/// Loads the private key for the matching sign bench. See [`load_mldsa44_sk`] for why this is
/// `#[inline(never)]`.
#[inline(never)]
fn load_mldsa65_lowmemory_sk() -> bouncycastle::mldsa_lowmemory::MLDSA65PrivateKey {
    use bouncycastle::mldsa_lowmemory::MLDSA65PrivateKey;

    MLDSA65PrivateKey::from_bytes(&[
        0x00, 0x01, 0x02, 0x03, 0x04, 0x05, 0x06, 0x07, 0x08, 0x09, 0x0A, 0x0B, 0x0C, 0x0D, 0x0E,
        0x0F, 0x10, 0x11, 0x12, 0x13, 0x14, 0x15, 0x16, 0x17, 0x18, 0x19, 0x1A, 0x1B, 0x1C, 0x1D,
        0x1E, 0x1F,
    ])
    .unwrap()
}

fn bench_mldsa65_lowmemory_sign() {
    use bouncycastle::mldsa_lowmemory::{MLDSA65, MLDSA65_SK_LEN, MLDSATrait};

    eprintln!("MLDSA65_lowmemory/Sign");

    /* One-time setup of the KAT -- commented out so that keygen is not captured in the bench */
    // let seed = KeyMaterial256::from_bytes_as_type(
    //     &[0x00,0x01,0x02,0x03,0x04,0x05,0x06,0x07,0x08,0x09,0x0a,0x0b,0x0c,0x0d,0x0e,0x0f,0x10,0x11,0x12,0x13,0x14,0x15,0x16,0x17,0x18,0x19,0x1a,0x1b,0x1c,0x1d,0x1e,0x1f],
    //     KeyType::Seed,
    // ).unwrap();
    // let (_pk, sk) = MLDSA65::keygen_from_seed(&seed).unwrap();
    // use bouncycastle_hex as hex;
    // eprintln!("sk:\n{}", &hex::encode(sk.encode()));

    let sk = load_mldsa65_lowmemory_sk();

    let msg = b"The quick brown fox jumped over the lazy dog";

    measure(|| {
        let mu = MLDSA65::compute_mu_from_sk(&sk, msg, None).unwrap();
        let sig = MLDSA65::sign_mu_deterministic(&sk, &mu, [0u8; 32]).unwrap();
        print!("{:x?}", sig);
    });
}

/// Loads the private key for the matching sign bench. See [`load_mldsa44_sk`] for why this is
/// `#[inline(never)]`.
#[inline(never)]
fn load_mldsa87_sk() -> bouncycastle::mldsa::MLDSA87PrivateKey {
    use bouncycastle::mldsa::MLDSA87PrivateKey;

    MLDSA87PrivateKey::from_bytes(&[
        0x97, 0x92, 0xBC, 0xEC, 0x2F, 0x24, 0x30, 0x68, 0x6A, 0x82, 0xFC, 0xCF, 0x3C, 0x2F, 0x5F,
        0xF6, 0x65, 0xE7, 0x71, 0xD7, 0xAB, 0x41, 0xB9, 0x02, 0x58, 0xCF, 0xA7, 0xE9, 0x0E, 0xC9,
        0x71, 0x24, 0xD8, 0xE9, 0xEE, 0x4E, 0x90, 0xA1, 0x6C, 0x60, 0x2F, 0x5E, 0xC9, 0xBC, 0x38,
        0x51, 0x7D, 0xC3, 0x0E, 0x32, 0x9D, 0x5A, 0xB2, 0x76, 0x73, 0xBD, 0x85, 0xF4, 0xC9, 0xB0,
        0x30, 0x0F, 0x77, 0x63, 0x89, 0x88, 0x67, 0x50, 0xB5, 0x7C, 0x24, 0xDB, 0x3F, 0xC0, 0x12,
        0xE6, 0x1E, 0xDE, 0x59, 0x75, 0x33, 0x37, 0x37, 0x4F, 0xA7, 0x12, 0x49, 0x91, 0x54, 0x9A,
        0xF2, 0x43, 0x49, 0x6D, 0x06, 0x37, 0xCB, 0x3B, 0xE0, 0x5A, 0x59, 0x48, 0x23, 0x5B, 0xF7,
        0x98, 0x75, 0xF8, 0x96, 0xD8, 0xFE, 0x0C, 0xAB, 0x30, 0xC8, 0x49, 0x48, 0xDB, 0x4D, 0x63,
        0x15, 0xAA, 0xAF, 0x16, 0x0A, 0xC6, 0x24, 0x36, 0x64, 0x22, 0x01, 0x48, 0x16, 0x11, 0x09,
        0x11, 0x2C, 0x94, 0x02, 0x89, 0x22, 0x45, 0x2C, 0x62, 0xB8, 0x45, 0x00, 0x45, 0x2A, 0x08,
        0x96, 0x70, 0x90, 0x12, 0x6E, 0x14, 0x93, 0x70, 0xD4, 0x46, 0x10, 0x84, 0x44, 0x51, 0x58,
        0x96, 0x91, 0x0C, 0xA9, 0x29, 0x82, 0xB2, 0x41, 0xC9, 0x08, 0x71, 0xC4, 0x28, 0x68, 0x04,
        0x96, 0x89, 0x48, 0x40, 0x85, 0x9B, 0x22, 0x6D, 0x1C, 0x28, 0x64, 0x59, 0x12, 0x41, 0x9C,
        0xB8, 0x91, 0x84, 0x04, 0x89, 0x44, 0x90, 0x05, 0xCB, 0x34, 0x62, 0xA0, 0x86, 0x90, 0x40,
        0x26, 0x92, 0x20, 0x99, 0x29, 0x13, 0x05, 0x69, 0x5C, 0x34, 0x68, 0xA4, 0x32, 0x8E, 0x19,
        0x26, 0x92, 0x59, 0x46, 0x10, 0x09, 0xA4, 0x49, 0x23, 0x42, 0x4D, 0x12, 0x36, 0x61, 0x58,
        0x10, 0x65, 0x01, 0x28, 0x90, 0x1A, 0x33, 0x4C, 0x99, 0x86, 0x31, 0xD3, 0xA2, 0x49, 0x09,
        0x82, 0x25, 0x43, 0x14, 0x28, 0xC0, 0x38, 0x81, 0x03, 0x15, 0x4D, 0x5B, 0x28, 0x86, 0x08,
        0x87, 0x48, 0x23, 0x31, 0x52, 0x94, 0x22, 0x25, 0xC3, 0xC0, 0x4D, 0xA4, 0x98, 0x21, 0x98,
        0x40, 0x20, 0xD1, 0x42, 0x86, 0xCB, 0x40, 0x70, 0x5B, 0xB0, 0x71, 0x9C, 0x96, 0x2C, 0xC1,
        0x12, 0x06, 0x53, 0x46, 0x09, 0x0C, 0x45, 0x02, 0x14, 0x46, 0x6E, 0x91, 0xB4, 0x21, 0x54,
        0xB0, 0x8C, 0xE4, 0x46, 0x42, 0x9A, 0x20, 0x8C, 0x01, 0x21, 0x25, 0x13, 0x41, 0x05, 0x5A,
        0x40, 0x22, 0x13, 0xC9, 0x0C, 0xA0, 0x18, 0x40, 0x52, 0xC2, 0x30, 0xCB, 0x34, 0x2C, 0x4B,
        0xC8, 0x68, 0x1B, 0xA4, 0x60, 0x49, 0x84, 0x84, 0x63, 0x30, 0x29, 0x4A, 0xA0, 0x69, 0x5B,
        0x80, 0x04, 0xD2, 0x38, 0x0A, 0x14, 0x26, 0x4C, 0xE2, 0xB2, 0x44, 0x8B, 0xA2, 0x11, 0x24,
        0x46, 0x49, 0xC4, 0x14, 0x52, 0x0B, 0x42, 0x71, 0x03, 0xB2, 0x10, 0x92, 0x28, 0x80, 0x01,
        0x24, 0x88, 0xE3, 0x08, 0x11, 0x0A, 0x05, 0x28, 0x19, 0xC4, 0x81, 0x00, 0x20, 0x22, 0xDC,
        0x44, 0x68, 0x42, 0x12, 0x22, 0x44, 0x00, 0x2A, 0xC9, 0x26, 0x6A, 0x0C, 0x87, 0x31, 0xE0,
        0xC0, 0x44, 0x99, 0x14, 0x84, 0x18, 0x36, 0x0D, 0x11, 0x37, 0x42, 0x22, 0x18, 0x8C, 0x63,
        0xB2, 0x91, 0x0C, 0x98, 0x08, 0xA1, 0xA0, 0x01, 0x08, 0x92, 0x44, 0x04, 0x13, 0x24, 0x5C,
        0x98, 0x71, 0x82, 0x84, 0x71, 0x84, 0x32, 0x52, 0x51, 0xB0, 0x31, 0x9C, 0x42, 0x2E, 0x1A,
        0xA8, 0x28, 0x02, 0x08, 0x91, 0x01, 0xC0, 0x89, 0x0B, 0xC7, 0x05, 0x8A, 0x24, 0x65, 0x22,
        0xC2, 0x64, 0x4C, 0x88, 0x91, 0x5C, 0x82, 0x68, 0x13, 0xA5, 0x64, 0x50, 0x20, 0x86, 0x21,
        0x04, 0x02, 0x91, 0x94, 0x44, 0x48, 0x22, 0x30, 0x22, 0x39, 0x4A, 0x02, 0x98, 0x84, 0x09,
        0xA2, 0x88, 0x19, 0x19, 0x29, 0x44, 0x48, 0x8C, 0x22, 0x95, 0x0C, 0xA1, 0x04, 0x72, 0x04,
        0x87, 0x70, 0x12, 0x21, 0x10, 0x42, 0x06, 0x84, 0x1B, 0x49, 0x85, 0x89, 0x06, 0x4A, 0xD3,
        0x36, 0x08, 0xDB, 0xC0, 0x40, 0x58, 0xB6, 0x51, 0x0C, 0xA7, 0x09, 0x8C, 0x24, 0x61, 0x99,
        0x90, 0x64, 0x8C, 0xC2, 0x90, 0x5B, 0x24, 0x90, 0x10, 0xA3, 0x49, 0x03, 0x25, 0x61, 0x43,
        0x32, 0x8A, 0x11, 0x98, 0x44, 0xC8, 0xB2, 0x20, 0x04, 0x38, 0x41, 0x10, 0x47, 0x2C, 0x19,
        0xC6, 0x44, 0x1C, 0x25, 0x2C, 0x04, 0x88, 0x30, 0xD9, 0x46, 0x69, 0x9B, 0x20, 0x00, 0x1B,
        0x46, 0x82, 0x5A, 0xA4, 0x80, 0x5B, 0xA0, 0x49, 0x18, 0x90, 0x25, 0x00, 0x26, 0x80, 0x0B,
        0xC2, 0x31, 0x5A, 0x40, 0x72, 0x54, 0xC6, 0x20, 0xC1, 0xB0, 0x31, 0x24, 0xB1, 0x4D, 0x10,
        0x95, 0x28, 0x14, 0x00, 0x0A, 0xA0, 0xC8, 0x4D, 0x54, 0xA2, 0x88, 0x23, 0x98, 0x81, 0x60,
        0x90, 0x04, 0x02, 0x16, 0x2C, 0x13, 0x21, 0x40, 0x91, 0x86, 0x8D, 0x08, 0xC2, 0x91, 0x91,
        0x14, 0x26, 0xD0, 0xB4, 0x0C, 0x09, 0xC6, 0x60, 0x51, 0x44, 0x2E, 0x04, 0x11, 0x26, 0x00,
        0x29, 0x11, 0x93, 0xC2, 0x08, 0x63, 0xA4, 0x31, 0x22, 0x00, 0x28, 0xC1, 0x14, 0x08, 0x0C,
        0x40, 0x2C, 0x41, 0x14, 0x06, 0x9C, 0x20, 0x72, 0x54, 0x22, 0x06, 0x8B, 0x08, 0x4D, 0xA1,
        0x48, 0x69, 0x10, 0x30, 0x41, 0x1C, 0x28, 0x49, 0x44, 0x18, 0x8E, 0xCC, 0x96, 0x48, 0xD9,
        0x42, 0x50, 0x1B, 0x06, 0x49, 0x0C, 0x45, 0x88, 0x23, 0x04, 0x0D, 0x20, 0x30, 0x2E, 0x23,
        0x85, 0x2C, 0x14, 0x07, 0x30, 0x40, 0xB6, 0x85, 0x4C, 0xC0, 0x20, 0x44, 0x86, 0x20, 0x19,
        0x00, 0x6C, 0x54, 0x02, 0x48, 0xCC, 0x88, 0x6C, 0x59, 0x06, 0x32, 0x49, 0x14, 0x84, 0x04,
        0xC7, 0x50, 0x13, 0x49, 0x28, 0xE4, 0x06, 0x09, 0xD3, 0xC6, 0x10, 0xC8, 0x28, 0x4C, 0x23,
        0x39, 0x44, 0x52, 0xA4, 0x64, 0xCC, 0xA8, 0x49, 0x44, 0x38, 0x32, 0x0A, 0x89, 0x84, 0x00,
        0x34, 0x2C, 0x22, 0x85, 0x8D, 0x10, 0x31, 0x09, 0x09, 0x32, 0x65, 0x1C, 0x89, 0x8C, 0x40,
        0x40, 0x29, 0x21, 0x85, 0x00, 0x09, 0xA1, 0x6D, 0x84, 0xC0, 0x64, 0xE2, 0x02, 0x2D, 0x48,
        0x04, 0x40, 0x12, 0x09, 0x8E, 0xE0, 0x42, 0x2E, 0x93, 0x44, 0x08, 0x12, 0x10, 0x6A, 0x01,
        0x84, 0x05, 0x92, 0x30, 0x8A, 0xCB, 0x34, 0x8E, 0xA2, 0x26, 0x2E, 0x5C, 0x86, 0x11, 0x0B,
        0x35, 0x08, 0x18, 0x10, 0x00, 0x02, 0x34, 0x26, 0x24, 0x23, 0x89, 0xD1, 0x84, 0x00, 0x24,
        0x46, 0x60, 0x13, 0xB2, 0x49, 0x24, 0x28, 0x46, 0x18, 0x02, 0x71, 0xA0, 0x38, 0x90, 0x89,
        0x14, 0x44, 0xD3, 0x96, 0x2D, 0xA3, 0x18, 0x40, 0x23, 0x27, 0x21, 0xC0, 0x18, 0x50, 0x43,
        0xC8, 0x04, 0x41, 0x42, 0x8D, 0x5C, 0x26, 0x41, 0x44, 0xA2, 0x6D, 0x48, 0x12, 0x0E, 0x40,
        0x32, 0x25, 0x0B, 0x14, 0x82, 0x0A, 0x48, 0x2E, 0xCB, 0x82, 0x88, 0x03, 0xA3, 0x60, 0x1B,
        0x25, 0x26, 0x8C, 0xB8, 0x20, 0x24, 0xB0, 0x85, 0x98, 0x04, 0x21, 0x08, 0xA7, 0x2C, 0x83,
        0x38, 0x64, 0x54, 0x32, 0x89, 0x01, 0x04, 0x01, 0x23, 0x49, 0x84, 0x02, 0x95, 0x69, 0xD1,
        0xA4, 0x4D, 0x13, 0xA4, 0x0C, 0x91, 0x46, 0x0D, 0x61, 0x94, 0x80, 0x90, 0x38, 0x45, 0x5C,
        0xC6, 0x50, 0x01, 0x17, 0x20, 0x53, 0xC6, 0x28, 0x9B, 0x18, 0x10, 0x41, 0x12, 0x68, 0x90,
        0x12, 0x21, 0xC0, 0x10, 0x84, 0x42, 0x16, 0x92, 0x53, 0x82, 0x29, 0x81, 0x26, 0x49, 0xD8,
        0xA4, 0x05, 0x9A, 0x26, 0x24, 0x24, 0x03, 0x29, 0xE0, 0x40, 0x26, 0xD2, 0x02, 0x48, 0x11,
        0x24, 0x68, 0x11, 0x99, 0x89, 0x98, 0x14, 0x85, 0xC9, 0x20, 0x0D, 0x50, 0x12, 0x8C, 0x1C,
        0x08, 0x10, 0x02, 0x10, 0x00, 0x00, 0x95, 0x28, 0xC1, 0x28, 0x90, 0x59, 0xB4, 0x85, 0xD3,
        0x14, 0x65, 0x0A, 0x40, 0x6E, 0x11, 0x29, 0x65, 0x18, 0xC2, 0x4C, 0x21, 0x34, 0x65, 0xD8,
        0x30, 0x69, 0x10, 0x30, 0x52, 0x19, 0x31, 0x66, 0x8C, 0x18, 0x8A, 0xC8, 0xC0, 0x08, 0x4C,
        0x98, 0x30, 0xA3, 0xA6, 0x20, 0x41, 0x16, 0x22, 0x18, 0x05, 0x2E, 0x22, 0x25, 0x2A, 0x64,
        0xB8, 0x25, 0x0A, 0xB3, 0x01, 0x63, 0x20, 0x84, 0x09, 0x80, 0x09, 0x19, 0x28, 0x0E, 0x02,
        0x11, 0x01, 0xA3, 0x94, 0x11, 0xE3, 0x98, 0x6C, 0x58, 0x20, 0x21, 0x09, 0x41, 0x10, 0x60,
        0x36, 0x22, 0x08, 0x06, 0x71, 0x12, 0xC2, 0x85, 0x5A, 0xA0, 0x85, 0xC0, 0xC6, 0x84, 0x5C,
        0x38, 0x06, 0xCB, 0xB6, 0x69, 0x14, 0x84, 0x84, 0x53, 0x22, 0x82, 0xA1, 0xA6, 0x40, 0xCC,
        0x86, 0x00, 0xC4, 0x26, 0x22, 0xA0, 0xA8, 0x08, 0x98, 0x34, 0x72, 0xD4, 0x20, 0x41, 0x43,
        0xC4, 0x90, 0x48, 0x16, 0x68, 0x1B, 0x16, 0x52, 0x1A, 0x37, 0x02, 0x50, 0x20, 0x42, 0x48,
        0x48, 0x8A, 0x20, 0x11, 0x41, 0xE2, 0x00, 0x6C, 0xC0, 0xC2, 0x0C, 0x14, 0x06, 0x49, 0x11,
        0x31, 0x4D, 0x19, 0x06, 0x0A, 0x89, 0x46, 0x09, 0x1B, 0x81, 0x65, 0x44, 0xC8, 0x00, 0x82,
        0x06, 0x70, 0x00, 0x16, 0x72, 0xCC, 0x24, 0x50, 0x8A, 0x42, 0x89, 0x9C, 0x96, 0x90, 0x64,
        0x28, 0x70, 0x92, 0xB2, 0x68, 0x98, 0x26, 0x62, 0x61, 0x94, 0x40, 0xC1, 0x16, 0x89, 0xD8,
        0x42, 0x64, 0x1A, 0x21, 0x4E, 0x62, 0x90, 0x64, 0x21, 0xC8, 0x24, 0x8B, 0x28, 0x6D, 0x5C,
        0x42, 0x92, 0xA0, 0xC6, 0x4D, 0x0C, 0x85, 0x80, 0xCC, 0x88, 0x4D, 0xD4, 0x42, 0x8D, 0x42,
        0x34, 0x8A, 0x0B, 0x04, 0x51, 0xC3, 0x26, 0x86, 0x24, 0x25, 0x81, 0x12, 0x35, 0x06, 0xA0,
        0x44, 0x04, 0xC8, 0x94, 0x81, 0x5B, 0xB4, 0x31, 0x1C, 0x08, 0x06, 0x5C, 0x24, 0x08, 0x03,
        0x27, 0x6A, 0x20, 0xC2, 0x25, 0xE1, 0x80, 0x90, 0x19, 0xB4, 0x6D, 0xA3, 0x46, 0x0C, 0x4B,
        0x18, 0x60, 0x50, 0xC6, 0x2C, 0x1B, 0x92, 0x2D, 0x11, 0x15, 0x04, 0xA2, 0x00, 0x04, 0x21,
        0x48, 0x2E, 0xD8, 0x16, 0x06, 0xD2, 0x10, 0x8A, 0x83, 0xA2, 0x25, 0x08, 0x31, 0x0D, 0x09,
        0x38, 0x51, 0xD9, 0x48, 0x49, 0x0B, 0x16, 0x4C, 0x23, 0x32, 0x25, 0x19, 0x19, 0x02, 0x4A,
        0x44, 0x09, 0xD1, 0xB2, 0x21, 0x0B, 0x83, 0x2C, 0x23, 0x25, 0x85, 0x93, 0x16, 0x85, 0x44,
        0xA0, 0x44, 0x1B, 0x83, 0x50, 0x02, 0x22, 0x72, 0x4B, 0x04, 0x80, 0x9B, 0x14, 0x65, 0x21,
        0x93, 0x60, 0x18, 0x13, 0x0A, 0xD9, 0x46, 0x0D, 0x22, 0x45, 0x61, 0xC8, 0xB4, 0x40, 0xA1,
        0x42, 0x2D, 0x02, 0xB8, 0x09, 0x00, 0x14, 0x44, 0x9B, 0xB6, 0x11, 0x0B, 0x97, 0x8C, 0x40,
        0x10, 0x4A, 0x82, 0x14, 0x6A, 0xDA, 0x90, 0x05, 0x1C, 0x02, 0x8E, 0x0C, 0x19, 0x72, 0xA3,
        0xB4, 0x8D, 0x24, 0x30, 0x50, 0x11, 0x87, 0x09, 0x64, 0xC6, 0x28, 0xE4, 0x18, 0x92, 0x98,
        0xB4, 0x6C, 0x61, 0x16, 0x51, 0x40, 0x46, 0x0E, 0x1C, 0x32, 0x48, 0xDA, 0x20, 0x51, 0x88,
        0x36, 0x8A, 0x23, 0xB1, 0x21, 0x82, 0x90, 0x28, 0x1A, 0x15, 0x32, 0xE2, 0x18, 0x61, 0x92,
        0x04, 0x8E, 0x13, 0xB6, 0x90, 0x13, 0x13, 0x68, 0xC9, 0x84, 0x68, 0x4C, 0x40, 0x6D, 0x0B,
        0x33, 0x00, 0x81, 0x46, 0x4D, 0xD2, 0x38, 0x0C, 0x04, 0x96, 0x81, 0xA4, 0x88, 0x50, 0x02,
        0x90, 0x85, 0x22, 0xB0, 0x04, 0xD3, 0xA4, 0x71, 0xD2, 0x80, 0x10, 0xCA, 0x96, 0x40, 0x51,
        0xA6, 0x41, 0xA4, 0x84, 0x28, 0xE0, 0x08, 0x52, 0x0B, 0x30, 0x8C, 0xD2, 0x38, 0x0A, 0x0C,
        0x29, 0x51, 0xC3, 0x82, 0x09, 0xCA, 0x20, 0x91, 0xD8, 0x36, 0x92, 0xA3, 0xA6, 0x28, 0x92,
        0x42, 0x22, 0xA2, 0x16, 0x01, 0x1A, 0x34, 0x86, 0x37, 0xD9, 0xA6, 0x59, 0x16, 0x98, 0x81,
        0xEC, 0x21, 0xCF, 0x48, 0x11, 0x86, 0x9D, 0x1D, 0x7F, 0x13, 0x9F, 0x05, 0x37, 0xE9, 0x6F,
        0x11, 0x84, 0x58, 0x54, 0x05, 0xFD, 0x17, 0x80, 0x8A, 0xF1, 0xE0, 0x62, 0x39, 0xD3, 0xB3,
        0x4E, 0x5A, 0xCA, 0x8B, 0xF1, 0x36, 0x96, 0x77, 0xB4, 0x47, 0xAC, 0x71, 0x8A, 0xC4, 0x7D,
        0x85, 0x0C, 0x4D, 0x77, 0xB0, 0xBE, 0x31, 0xDC, 0x9F, 0x50, 0x8E, 0x39, 0x78, 0xF2, 0x42,
        0x74, 0xAB, 0x01, 0x85, 0xF7, 0x27, 0xAB, 0xDF, 0xF5, 0x9F, 0x44, 0x90, 0x37, 0x1B, 0xF0,
        0x46, 0x10, 0xE3, 0x64, 0xE6, 0x4E, 0xC8, 0x75, 0xEF, 0x9D, 0x20, 0xDC, 0x94, 0x07, 0x7E,
        0x1E, 0x16, 0x63, 0x27, 0xA8, 0x79, 0xB8, 0xAB, 0x51, 0x61, 0x60, 0xB2, 0xA3, 0xF7, 0x74,
        0x37, 0xB9, 0xB3, 0xCC, 0x7D, 0x17, 0xAE, 0xAD, 0xDC, 0x84, 0xDB, 0x62, 0x74, 0x6A, 0x35,
        0xAC, 0x09, 0x6F, 0x78, 0x2F, 0x62, 0xA7, 0xF0, 0x1A, 0xA6, 0xD6, 0x69, 0x3D, 0xEE, 0xC9,
        0x0B, 0x23, 0xC6, 0x69, 0x85, 0xA0, 0x23, 0x07, 0xE0, 0xA1, 0xCA, 0xE5, 0x98, 0xA6, 0x73,
        0x24, 0xDB, 0xA0, 0xF5, 0x2F, 0x22, 0x43, 0x22, 0x75, 0xE9, 0x32, 0x57, 0x06, 0x5C, 0x3B,
        0x7E, 0x5E, 0x1C, 0xFE, 0x1D, 0xFD, 0x4D, 0x0D, 0xF0, 0x86, 0xDF, 0x21, 0x24, 0x34, 0x14,
        0xA2, 0xD2, 0x7E, 0x20, 0x23, 0x0A, 0x82, 0x9B, 0xE4, 0xEB, 0x4C, 0x82, 0xC1, 0x6D, 0x35,
        0xF7, 0x8B, 0x0E, 0x5E, 0x19, 0x83, 0x32, 0xE0, 0x00, 0x74, 0xBB, 0x64, 0x61, 0x2F, 0xAB,
        0x17, 0xD4, 0xC8, 0x97, 0x1C, 0xB6, 0x8E, 0x5E, 0xDA, 0xB0, 0x36, 0x9F, 0x11, 0x57, 0xB3,
        0x46, 0x9A, 0xBD, 0x83, 0x84, 0xE2, 0xD9, 0x55, 0x3F, 0x1B, 0x78, 0xE7, 0x86, 0xE1, 0xEE,
        0x9D, 0x0B, 0x98, 0xD3, 0x9F, 0x83, 0xCC, 0xEC, 0xF3, 0x7D, 0x1E, 0xBD, 0x3A, 0x9D, 0x63,
        0xAE, 0xC7, 0x66, 0x16, 0x4A, 0x10, 0x17, 0x1A, 0x4F, 0xD8, 0xC6, 0x3D, 0xAF, 0x18, 0x2C,
        0x42, 0x12, 0x58, 0xC5, 0xF5, 0x29, 0xAA, 0x55, 0xCB, 0x7E, 0xBA, 0xE2, 0xE1, 0x65, 0x23,
        0x15, 0xE1, 0xF7, 0x1E, 0x8A, 0x74, 0x13, 0x14, 0x10, 0xD0, 0x32, 0x47, 0xED, 0xE1, 0x1D,
        0x34, 0xDB, 0x91, 0xF6, 0xF0, 0x8A, 0xA2, 0x47, 0x8F, 0xD7, 0x89, 0x67, 0x9C, 0x04, 0x94,
        0x9F, 0x71, 0xBC, 0x01, 0x71, 0xE0, 0x7E, 0x3A, 0x8B, 0xB5, 0x75, 0x3D, 0xBB, 0xDA, 0xA4,
        0x11, 0xA6, 0x35, 0x0A, 0xB4, 0x6E, 0xEF, 0xBF, 0x86, 0xFC, 0x55, 0x1C, 0x29, 0xEF, 0xE4,
        0xCD, 0xD7, 0x66, 0x1D, 0x5C, 0xF6, 0xC3, 0xDB, 0x22, 0xD0, 0xCE, 0xDD, 0xE5, 0x99, 0x85,
        0x44, 0x59, 0xD9, 0x7F, 0x20, 0xDF, 0x74, 0x55, 0xBD, 0xF3, 0x56, 0xA1, 0x98, 0xD0, 0xF7,
        0xEB, 0x6D, 0x34, 0x11, 0x1F, 0xC9, 0x40, 0xB2, 0x5C, 0x05, 0x43, 0xB7, 0x88, 0xED, 0xDA,
        0x9D, 0x26, 0x81, 0x0E, 0xAC, 0x3D, 0x6C, 0xC9, 0xC5, 0x13, 0x27, 0xC2, 0xCF, 0x83, 0xE8,
        0x87, 0xD4, 0x08, 0x9E, 0x19, 0x69, 0x5E, 0x11, 0xAD, 0xD8, 0x37, 0xF6, 0xF4, 0x40, 0xCC,
        0x36, 0x0F, 0x93, 0xF3, 0x2F, 0xEE, 0x8A, 0x96, 0x63, 0x71, 0x2C, 0x6B, 0xBD, 0x38, 0xC8,
        0x4A, 0xB7, 0xB5, 0x48, 0x23, 0xEC, 0x36, 0x3E, 0xB7, 0xE4, 0x2E, 0xB5, 0x9F, 0xC1, 0xFC,
        0xE6, 0x0F, 0xBD, 0x55, 0x30, 0x7B, 0x3E, 0xC8, 0x5F, 0xD9, 0xDA, 0xF3, 0x20, 0x6D, 0x7B,
        0x4B, 0x39, 0x17, 0xF1, 0xC8, 0xB7, 0xA9, 0x2E, 0x3C, 0x67, 0xD8, 0x98, 0x80, 0xFD, 0xF2,
        0xE4, 0x7F, 0x5A, 0x0C, 0x99, 0x45, 0x95, 0xDB, 0x17, 0x0A, 0xF4, 0x1B, 0xAB, 0xF5, 0xA2,
        0x5B, 0x4D, 0xC1, 0xC4, 0x2D, 0xD6, 0xA9, 0xDB, 0x27, 0x1E, 0x76, 0x4D, 0xE2, 0xFB, 0x01,
        0x5A, 0x49, 0xA8, 0x50, 0xC7, 0x91, 0x9B, 0xE4, 0x70, 0x06, 0xA3, 0x36, 0xE2, 0xE3, 0x25,
        0xFD, 0xE5, 0x3A, 0xC5, 0x99, 0x55, 0x4D, 0x0A, 0x7D, 0xE4, 0xEF, 0x45, 0xEC, 0x40, 0xC3,
        0x9D, 0x6B, 0xAF, 0xF3, 0x11, 0xBE, 0xEE, 0x75, 0xD8, 0x9E, 0x02, 0xAD, 0x31, 0xF4, 0xBE,
        0x4B, 0xD2, 0x0A, 0xE9, 0x19, 0x4F, 0x5E, 0xDD, 0xDA, 0xA6, 0x65, 0x07, 0x76, 0x11, 0x6E,
        0x9F, 0x27, 0x0F, 0x77, 0x71, 0x4A, 0xD7, 0xA8, 0xE8, 0x9A, 0xCE, 0xF7, 0x4B, 0x7F, 0xF7,
        0xD8, 0xDB, 0xEC, 0x27, 0xF8, 0x02, 0x0A, 0x98, 0x52, 0x47, 0xE2, 0xCD, 0xAC, 0xEF, 0x48,
        0x94, 0xA4, 0xD6, 0x8B, 0xA3, 0x7C, 0xA9, 0x12, 0xD6, 0xBE, 0x73, 0x50, 0x1C, 0x99, 0x51,
        0x81, 0xE5, 0xB7, 0x77, 0x23, 0x35, 0x0B, 0x36, 0x31, 0xDA, 0x37, 0x00, 0xE1, 0x3F, 0xD3,
        0x66, 0xE1, 0x31, 0xBF, 0x06, 0xB3, 0x6E, 0xB6, 0xB0, 0x34, 0x50, 0x93, 0x20, 0x9F, 0x0A,
        0x7B, 0xEF, 0xFA, 0xE1, 0xFD, 0xD8, 0x75, 0xB0, 0x06, 0x87, 0xC1, 0x16, 0x3C, 0x35, 0x3D,
        0x7D, 0x2A, 0xC9, 0x09, 0x37, 0xB3, 0x4E, 0x97, 0x8E, 0x92, 0xF8, 0x21, 0xAD, 0xC9, 0x66,
        0x22, 0x02, 0xEC, 0xE8, 0x9A, 0x17, 0xE7, 0xBB, 0x65, 0xAE, 0x17, 0xD8, 0x3B, 0x90, 0xDB,
        0xBE, 0x6A, 0x50, 0x1A, 0x4E, 0x13, 0x45, 0xBE, 0xE4, 0xE5, 0xA5, 0xB5, 0x3A, 0xF2, 0xE5,
        0xBA, 0x3D, 0x1E, 0xF3, 0xF4, 0xE0, 0x5A, 0xDF, 0x0B, 0x3A, 0x4C, 0xF2, 0xE5, 0x30, 0x36,
        0x0F, 0xEE, 0x64, 0x92, 0x99, 0x02, 0xB5, 0x71, 0xF6, 0xFD, 0x2E, 0x30, 0x56, 0x52, 0xA4,
        0xCB, 0x01, 0x0F, 0x79, 0xF8, 0x15, 0xE1, 0x8F, 0x2B, 0xBB, 0x8C, 0xC8, 0x9F, 0xA6, 0xFC,
        0x76, 0xF7, 0x7C, 0x89, 0xE2, 0x93, 0xCF, 0x17, 0x5A, 0x0B, 0x19, 0x58, 0x00, 0xFE, 0x72,
        0xD2, 0xCC, 0xDD, 0x7D, 0x75, 0xE5, 0xBD, 0x90, 0xBC, 0x6A, 0xC4, 0x35, 0xD6, 0xA4, 0x40,
        0xEF, 0x85, 0x2E, 0x9A, 0x1C, 0x8C, 0x53, 0xDE, 0x03, 0xBF, 0x19, 0x33, 0x65, 0xD7, 0x35,
        0xAA, 0xF2, 0x9C, 0x51, 0x62, 0xA6, 0x17, 0xE3, 0x64, 0xE7, 0xF9, 0x44, 0x16, 0x8D, 0x0F,
        0xB4, 0x8F, 0xEF, 0x40, 0x55, 0x8F, 0x45, 0x42, 0x97, 0xCC, 0x3D, 0xD5, 0x08, 0x66, 0x2C,
        0xF2, 0x3F, 0xB8, 0x8E, 0x19, 0x54, 0xAA, 0x45, 0xD1, 0xC5, 0xE1, 0x15, 0xBC, 0xC3, 0x6F,
        0x05, 0xB3, 0xE0, 0x98, 0xD5, 0x55, 0x22, 0x0F, 0x40, 0xBE, 0x26, 0x29, 0xB3, 0x45, 0x07,
        0xB8, 0x46, 0x4C, 0x54, 0xC2, 0x7B, 0x5D, 0xEC, 0x78, 0xDA, 0x8F, 0x22, 0x65, 0x05, 0x14,
        0x79, 0x7A, 0xF8, 0x6A, 0x25, 0x12, 0xBC, 0xB7, 0xE2, 0x92, 0x33, 0x79, 0xEF, 0x6D, 0x73,
        0xC1, 0x37, 0x00, 0x6C, 0x1B, 0x38, 0xF5, 0x1E, 0x37, 0xF9, 0x35, 0x85, 0xE2, 0x90, 0x41,
        0xA3, 0xE4, 0xE3, 0xAF, 0x46, 0x00, 0x7C, 0xE1, 0x3B, 0x8B, 0x5F, 0x7B, 0x17, 0xD5, 0xD6,
        0x5D, 0x7D, 0x56, 0x68, 0xE4, 0x27, 0xBC, 0xBE, 0x7E, 0xC1, 0xD7, 0xC4, 0x08, 0xC0, 0x54,
        0xA4, 0x8C, 0x1A, 0xE7, 0x97, 0xBF, 0x99, 0xAC, 0xBC, 0x8D, 0x26, 0x07, 0x52, 0x29, 0x35,
        0xFD, 0x66, 0x5E, 0xA7, 0x82, 0x2D, 0x93, 0x0F, 0x23, 0xEA, 0xBF, 0xF7, 0x83, 0xBB, 0x23,
        0x69, 0x75, 0x69, 0xE2, 0x04, 0xB9, 0x43, 0x14, 0x1E, 0x00, 0xC0, 0x88, 0x10, 0x95, 0x6B,
        0xE0, 0x52, 0x53, 0x65, 0xDB, 0xAB, 0x54, 0xED, 0x48, 0xCB, 0x76, 0x96, 0x4C, 0xCD, 0xF5,
        0xCB, 0xD3, 0xAE, 0xE7, 0x28, 0x2D, 0x4A, 0x00, 0x00, 0xD2, 0x78, 0x4D, 0x7B, 0x8F, 0xAB,
        0x16, 0xB2, 0xF7, 0xF0, 0xD5, 0x22, 0x57, 0x32, 0xB1, 0xEF, 0xBC, 0x4E, 0xB1, 0xCF, 0xED,
        0xEB, 0x43, 0xFD, 0xE7, 0x9B, 0x69, 0xEC, 0xC0, 0xFB, 0xEA, 0xA1, 0xE6, 0xB4, 0x07, 0x28,
        0x67, 0x3B, 0xD4, 0xB2, 0xE9, 0x8A, 0x0D, 0x4A, 0x8F, 0x02, 0xF8, 0x53, 0x95, 0x07, 0x30,
        0xF2, 0x8D, 0x35, 0xEB, 0x12, 0xFC, 0xC7, 0x97, 0x68, 0xB8, 0xE1, 0x8E, 0x4B, 0xDA, 0x0E,
        0x58, 0xA3, 0x31, 0xA2, 0xF7, 0x1D, 0x7C, 0xCC, 0x2D, 0x45, 0x1B, 0x32, 0xB1, 0xC6, 0x5C,
        0x31, 0x2A, 0xCF, 0x47, 0xEE, 0x51, 0x3B, 0x21, 0x95, 0x4C, 0x41, 0xC0, 0x0C, 0x87, 0x38,
        0x72, 0xEE, 0x94, 0xCF, 0x14, 0xF4, 0x60, 0x37, 0x42, 0x53, 0x61, 0xF4, 0xBD, 0xB5, 0x48,
        0x21, 0xF7, 0x11, 0x46, 0x0C, 0xEB, 0xAE, 0x8C, 0x07, 0x50, 0x8A, 0x92, 0x19, 0xF8, 0x8F,
        0xA6, 0xBE, 0xDA, 0xA6, 0x78, 0xEE, 0xD5, 0x01, 0x94, 0x4A, 0x16, 0xAE, 0x6F, 0x7B, 0x5B,
        0xB7, 0xA2, 0xE1, 0xE3, 0x57, 0xE7, 0x0D, 0x7B, 0x98, 0x46, 0x1A, 0x2C, 0x71, 0xCB, 0x0F,
        0xA7, 0x62, 0xD6, 0xAD, 0x98, 0x24, 0x08, 0x1D, 0x37, 0xF2, 0x92, 0xFD, 0x4B, 0xE8, 0xB8,
        0x4C, 0x36, 0x11, 0x0D, 0xC7, 0x44, 0x36, 0x02, 0x01, 0xBE, 0xEB, 0xE0, 0xBD, 0x6C, 0x9D,
        0x05, 0xE8, 0x69, 0x25, 0x6D, 0x2F, 0xF3, 0xF9, 0x95, 0x17, 0xB7, 0xEF, 0xD2, 0xA3, 0x37,
        0x74, 0x05, 0x6C, 0xB5, 0x67, 0x16, 0x75, 0xA8, 0xB4, 0x92, 0xE9, 0xF5, 0xF2, 0x62, 0x0E,
        0xB8, 0xEF, 0x93, 0x81, 0xD3, 0xD1, 0xDF, 0x19, 0x93, 0x8B, 0x7B, 0x5F, 0xFA, 0xAC, 0x59,
        0xBC, 0x81, 0x10, 0xFA, 0x87, 0xBA, 0x8D, 0x7A, 0x3D, 0x01, 0x65, 0xF8, 0xE4, 0x1D, 0xD0,
        0xF8, 0x04, 0xF1, 0x1B, 0x9D, 0xED, 0x0F, 0x35, 0x2A, 0x59, 0x78, 0x35, 0xD0, 0x63, 0x07,
        0xA8, 0xE0, 0xC6, 0xEF, 0x4D, 0x21, 0x90, 0x43, 0x39, 0xE1, 0xCF, 0x45, 0x89, 0x23, 0xA3,
        0xE8, 0x9E, 0x02, 0x5D, 0x94, 0x53, 0x47, 0x36, 0x6C, 0x02, 0xF3, 0xDD, 0x63, 0x68, 0xD4,
        0xE4, 0x7E, 0x85, 0xD3, 0xD2, 0xA9, 0x70, 0x5B, 0xD5, 0x79, 0x61, 0x85, 0x2E, 0x5A, 0x57,
        0x9F, 0x93, 0xB1, 0xC5, 0x14, 0xC5, 0x39, 0xF4, 0x9E, 0xA1, 0x16, 0x3A, 0x2A, 0x49, 0x3B,
        0x0E, 0xFC, 0xB4, 0x7F, 0x47, 0x48, 0xF6, 0xA9, 0x9E, 0x10, 0xBF, 0x70, 0x78, 0x28, 0x2E,
        0x4A, 0xCE, 0x18, 0x13, 0x6E, 0x2A, 0x8B, 0x3E, 0xE0, 0xA3, 0x80, 0xDC, 0xD3, 0xB3, 0xEF,
        0x3E, 0x65, 0xE1, 0xB8, 0x15, 0x72, 0x89, 0xD6, 0x24, 0x67, 0xAD, 0x48, 0x8B, 0xA0, 0x39,
        0x2B, 0x2E, 0x90, 0xA1, 0xED, 0xED, 0xCB, 0xDC, 0x93, 0x1D, 0xC1, 0x72, 0x98, 0xCC, 0xEF,
        0x76, 0x64, 0x5C, 0x7D, 0x33, 0x0A, 0x05, 0xC2, 0xCE, 0x40, 0xF8, 0x9B, 0x85, 0x46, 0x8F,
        0x35, 0x7A, 0x21, 0x77, 0x51, 0xE1, 0x54, 0x63, 0x13, 0x04, 0xEC, 0x4E, 0x04, 0xBB, 0x45,
        0xB3, 0x67, 0x89, 0x09, 0xC7, 0x4A, 0xF5, 0x1C, 0xE3, 0x70, 0x36, 0x4D, 0x8F, 0x4F, 0x7E,
        0xB1, 0xE6, 0x1E, 0x00, 0x28, 0x74, 0x29, 0xC9, 0x96, 0x1D, 0xE8, 0x32, 0x2C, 0xA9, 0xA2,
        0x62, 0x9B, 0x13, 0x09, 0xD8, 0x00, 0xE9, 0x2B, 0xC1, 0xDC, 0x50, 0x55, 0xDC, 0xC7, 0x97,
        0xF3, 0x38, 0x66, 0xEB, 0x0C, 0xFD, 0x8D, 0x49, 0x02, 0x50, 0xD4, 0x8F, 0xFC, 0xA8, 0x02,
        0x2F, 0x49, 0x29, 0x0E, 0x2D, 0x53, 0x76, 0x16, 0x2F, 0xBA, 0xA9, 0x82, 0xD1, 0x64, 0x53,
        0xC8, 0x25, 0xB3, 0x5F, 0x65, 0x15, 0x63, 0x5E, 0xA9, 0x2B, 0xEA, 0x72, 0x36, 0x7B, 0xAA,
        0x54, 0xDE, 0x3F, 0x9E, 0xAE, 0xA6, 0x95, 0x42, 0xA8, 0x1A, 0x41, 0x27, 0xF7, 0x1C, 0xBA,
        0xA2, 0x57, 0xF3, 0x24, 0xFE, 0xFE, 0xF1, 0x4F, 0x08, 0xFB, 0xD6, 0x5A, 0x04, 0x9C, 0xD2,
        0xFB, 0x36, 0x25, 0x94, 0xA8, 0xE2, 0x3F, 0xF1, 0xA2, 0x61, 0x7D, 0xB5, 0xB1, 0x58, 0xF6,
        0xF0, 0x1C, 0xF5, 0x0A, 0xB0, 0xED, 0x95, 0xC6, 0xE7, 0x09, 0x84, 0x11, 0x64, 0x10, 0x8B,
        0x06, 0xE1, 0xB4, 0x0A, 0xB0, 0xAB, 0x11, 0xC4, 0x08, 0x30, 0x1D, 0x3D, 0x9D, 0x8E, 0xA6,
        0x9E, 0x96, 0x8A, 0x96, 0x00, 0xB3, 0xD1, 0x7F, 0x38, 0x01, 0x1C, 0xE2, 0x80, 0x74, 0xE2,
        0xC2, 0xE1, 0x0B, 0xF6, 0x19, 0x7C, 0x60, 0x2D, 0x8D, 0x0C, 0xE7, 0xD3, 0xA3, 0xEF, 0x2D,
        0x89, 0x62, 0x3B, 0xC9, 0xF1, 0x2E, 0xA3, 0x38, 0x79, 0x1E, 0x92, 0x66, 0xBB, 0x8C, 0xE0,
        0x2B, 0x12, 0x4C, 0x6C, 0x79, 0x29, 0xBA, 0xEA, 0x69, 0x32, 0x44, 0x09, 0x84, 0x54, 0xA0,
        0x80, 0xEB, 0x75, 0x23, 0xE1, 0x3B, 0xB1, 0xB7, 0xC5, 0xB6, 0x77, 0x5F, 0xAB, 0xAB, 0xAB,
        0xBE, 0x90, 0x75, 0xFE, 0x56, 0x87, 0xAA, 0x45, 0x13, 0x97, 0xBB, 0x9C, 0xFC, 0xCD, 0x05,
        0x12, 0x43, 0xE9, 0xBF, 0x5A, 0xEF, 0x24, 0x06, 0x2D, 0x33, 0x5D, 0xE5, 0xFC, 0xE2, 0x4E,
        0x9D, 0xDB, 0xDE, 0x11, 0x91, 0x05, 0x2D, 0x80, 0xC3, 0x6D, 0xF9, 0xF8, 0x43, 0x48, 0x72,
        0xF2, 0x77, 0xED, 0x4F, 0x5A, 0x1C, 0xE8, 0xEB, 0xD3, 0xB9, 0x60, 0x82, 0x4A, 0x4E, 0x4F,
        0x10, 0x01, 0xB0, 0x4C, 0xB6, 0x85, 0xF9, 0xBE, 0xE4, 0xD0, 0xDD, 0xB0, 0xC5, 0x71, 0x59,
        0x8A, 0xC2, 0x02, 0x1A, 0x66, 0x06, 0xFD, 0x23, 0x34, 0x5C, 0x6F, 0xBB, 0x84, 0xF0, 0xCE,
        0x05, 0xFE, 0x52, 0x73, 0x45, 0x21, 0xB7, 0xB0, 0x7C, 0x63, 0x88, 0xD3, 0xA3, 0xB9, 0x93,
        0x18, 0xBF, 0x01, 0x31, 0x50, 0x4A, 0xA9, 0xDF, 0xBA, 0xF5, 0x48, 0xF9, 0xD3, 0x2A, 0x9C,
        0xD4, 0xC6, 0x89, 0x35, 0x24, 0xB1, 0x13, 0x30, 0xA2, 0xD3, 0xAA, 0xD3, 0xED, 0x2A, 0x58,
        0x96, 0x6E, 0xBB, 0x01, 0x34, 0x46, 0x5D, 0x54, 0x3F, 0xD7, 0x79, 0x7A, 0xF5, 0x49, 0xF5,
        0x68, 0xEA, 0xEB, 0xE9, 0x57, 0xF6, 0x4F, 0xEC, 0x85, 0x46, 0x74, 0x90, 0x2B, 0x97, 0x55,
        0x87, 0x56, 0x98, 0x69, 0x46, 0xEA, 0x3A, 0xB7, 0xA2, 0x51, 0xCB, 0xBE, 0xA1, 0x1A, 0x68,
        0x7B, 0xD4, 0x3F, 0x5D, 0x0B, 0xD8, 0x9C, 0xD2, 0xCA, 0xBA, 0x61, 0xD5, 0x21, 0x83, 0x74,
        0x99, 0x0E, 0xE8, 0xB9, 0x22, 0x19, 0xED, 0x25, 0xDC, 0xA0, 0x11, 0xC6, 0x8A, 0x97, 0x57,
        0xC0, 0x13, 0xBD, 0x83, 0x7B, 0x2D, 0xD7, 0x34, 0xE3, 0x75, 0x1F, 0x64, 0xFC, 0xB4, 0xB2,
        0x3D, 0xCD, 0x6B, 0xC5, 0x7E, 0xA5, 0x67, 0xF5, 0x71, 0x6E, 0x17, 0x36, 0x72, 0x44, 0x75,
        0x1E, 0x23, 0x03, 0xB2, 0x2A, 0x95, 0x3E, 0x77, 0x27, 0x56, 0x95, 0x6C, 0xDC, 0xC0, 0x13,
        0xFF, 0xD2, 0xC3, 0x24, 0x90, 0x75, 0x44, 0x22, 0xA5, 0x72, 0x52, 0x9D, 0x4C, 0x92, 0xF1,
        0xEB, 0xB1, 0x9F, 0x1D, 0xAD, 0x4D, 0x03, 0x6F, 0x2F, 0xDF, 0x31, 0xCA, 0x91, 0x01, 0xBD,
        0xF8, 0x1A, 0xEA, 0x94, 0x8A, 0xED, 0xCF, 0x21, 0x7A, 0xA8, 0xFC, 0xCD, 0x7A, 0x07, 0x71,
        0xAA, 0x27, 0x53, 0xE1, 0xA8, 0x23, 0xBF, 0x41, 0xC9, 0x53, 0x77, 0xA2, 0xFF, 0xA6, 0x1B,
        0x22, 0x65, 0x13, 0x81, 0x53, 0xCE, 0x86, 0xD2, 0xC8, 0x7D, 0xD0, 0x7A, 0x4B, 0x32, 0xD2,
        0x7F, 0x5F, 0x28, 0x72, 0x64, 0x14, 0x31, 0xCE, 0x9A, 0x18, 0xA5, 0x02, 0xAA, 0xEF, 0xD9,
        0xAF, 0xC5, 0xB0, 0xD1, 0x3C, 0xD4, 0x6C, 0x35, 0x7E, 0x38, 0xE6, 0x9E, 0x1E, 0xE9, 0x45,
        0xAD, 0xD1, 0x99, 0x29, 0x32, 0xA5, 0xB1, 0xE5, 0xC5, 0x62, 0x9C, 0x9F, 0x48, 0xF7, 0x66,
        0x18, 0x53, 0xDA, 0x00, 0x78, 0x7C, 0x9D, 0x78, 0xFB, 0x92, 0x55, 0x53, 0xBF, 0x07, 0xA5,
        0x0D, 0xD5, 0xB9, 0xD9, 0x35, 0x85, 0x34, 0x20, 0xE4, 0xD1, 0xA7, 0x1A, 0xE6, 0x2F, 0xF9,
        0x0C, 0xA1, 0x93, 0xCD, 0xD6, 0xC2, 0xF4, 0xBE, 0xD2, 0x63, 0x41, 0x5A, 0xAF, 0x9A, 0x35,
        0x09, 0x4B, 0xC2, 0xA2, 0x2E, 0x2A, 0x66, 0x3C, 0x76, 0x45, 0x00, 0x1C, 0xD1, 0x90, 0xB7,
        0xBC, 0x17, 0xC7, 0x5F, 0xEA, 0xDF, 0x8E, 0x87, 0xCE, 0x5C, 0x24, 0xB7, 0x63, 0xB6, 0x58,
        0x4E, 0xD3, 0x2E, 0x71, 0xB0, 0x26, 0x81, 0x42, 0xEA, 0x3E, 0xD6, 0x89, 0x81, 0x57, 0xBF,
        0x92, 0x3B, 0xEB, 0xF0, 0x19, 0x2D, 0x1B, 0xF5, 0xEE, 0x30, 0xA7, 0xD3, 0x51, 0x63, 0x4A,
        0x60, 0xB5, 0x04, 0xDD, 0xE3, 0x8A, 0x2E, 0x11, 0x4F, 0x7A, 0xE9, 0xBF, 0x17, 0x6D, 0x4A,
        0x18, 0xBA, 0x28, 0x95, 0xA7, 0xBB, 0x4B, 0x47, 0x44, 0x4A, 0x9B, 0xA8, 0xDB, 0xB4, 0xC1,
        0x24, 0xCD, 0x41, 0xBB, 0xB3, 0x2F, 0x4B, 0xCB, 0x1D, 0xE4, 0x8C, 0x4A, 0xBB, 0x51, 0x06,
        0x07, 0xA0, 0x01, 0xB5, 0xA0, 0x00, 0xBB, 0xA4, 0x36, 0x18, 0xB6, 0xC1, 0x9E, 0x43, 0x51,
        0x7B, 0x45, 0xB4, 0x24, 0x05, 0x92, 0x8B, 0x67, 0xC7, 0x13, 0x88, 0x18, 0x58, 0xBA, 0xD3,
        0xA4, 0x25, 0x11, 0xC2, 0x71, 0x6F, 0xF9, 0xCD, 0x33, 0x20, 0x34, 0xB6, 0x72, 0xB5, 0x2F,
        0xF1, 0x66, 0x10, 0x80, 0x5C, 0xDB, 0xE7, 0x54, 0x4A, 0x8A, 0x84, 0xB6, 0x6E, 0x1C, 0x74,
        0x5A, 0x73, 0xC1, 0xB6, 0xBC, 0xDA, 0x5B, 0x77, 0xB9, 0x51, 0xF3, 0x6C, 0x0F, 0x7A, 0x53,
        0x72, 0xDE, 0x9E, 0x5D, 0x1F, 0x9B, 0xBC, 0xDE, 0x88, 0x43, 0xC6, 0x90, 0x90, 0x02, 0xDD,
        0xA4, 0x87, 0x5E, 0x67, 0x57, 0x1A, 0xF0, 0xBE, 0xC5, 0x81, 0x85, 0x6C, 0x32, 0xC0, 0x9C,
        0x24, 0x0E, 0x66, 0x4E, 0x76, 0x1E, 0x57, 0xCD, 0x0D, 0x8D, 0xC8, 0xA7, 0x1C, 0xB9, 0x18,
        0xA5, 0x76, 0x2D, 0x11, 0x12, 0x85, 0xCD, 0x8B, 0x56, 0x13, 0xDD, 0xBD, 0x0C, 0xA0, 0x8A,
        0xC0, 0x34, 0x2B, 0x2B, 0xDE, 0xE3, 0x8F, 0x96, 0xFA, 0x75, 0x4B, 0xB2, 0xB0, 0x87, 0x17,
        0x9C, 0x11, 0x3C, 0x93, 0x98, 0x6A, 0x81, 0x03, 0x56, 0xEB, 0x94, 0x54, 0x0B, 0x93, 0xCB,
        0x9D, 0xEC, 0x4A, 0xA9, 0x29, 0x0F, 0xF1, 0x2E, 0xC1, 0xAA, 0x2E, 0x65, 0x6C, 0x9B, 0xE3,
        0xD5, 0x90, 0x75, 0x3C, 0x36, 0x6C, 0x60, 0x14, 0x06, 0xC0, 0x61, 0xBC, 0x22, 0x03, 0x3A,
        0x1F, 0xD1, 0xF4, 0xE1, 0x11, 0x1D, 0x03, 0x9B, 0x88, 0x13, 0xB9, 0x83, 0xCB, 0x50, 0x6C,
        0x3E, 0xA7, 0xFF, 0x30, 0x57, 0x98, 0x3E, 0x8B, 0xF0, 0x16, 0x82, 0xFB, 0xB0, 0x0F, 0x43,
        0x00, 0x53, 0x13, 0xC8, 0x2C, 0x13, 0x92, 0x91, 0x8A, 0x61, 0x65, 0xA1, 0x33, 0x38, 0xFF,
        0xE1, 0x1A, 0x99, 0x2C, 0x1F, 0xB3, 0xD1, 0x03, 0x2A, 0xA6, 0x79, 0xA4, 0x18, 0xC8, 0xBA,
        0x4F, 0x8A, 0x0B, 0xC1, 0x99, 0xE1, 0x0C, 0xF6, 0xBD, 0x77, 0xA1, 0x4F, 0xDD, 0x6A, 0x06,
        0x09, 0x35, 0x14, 0x34, 0x8E, 0x3A, 0x89, 0x74, 0x43, 0x4A, 0xE8, 0xA3, 0x67, 0x63, 0x69,
        0xC6, 0xBE, 0x2C, 0xF9, 0x0E, 0x67, 0x2B, 0x34, 0x3F, 0xCE, 0x04, 0xAC, 0x6B, 0x22, 0xE0,
        0xCF, 0x47, 0x56, 0x8B, 0xC4, 0x5D, 0x70, 0xA6, 0x8E, 0x68, 0xC6, 0x49, 0xA4, 0x83, 0x0A,
        0xE2, 0x18, 0x59, 0x0C, 0x1A, 0x43, 0x7E, 0x7A, 0x23, 0xA5, 0x4E, 0xFE, 0x44, 0xF6, 0x70,
        0x86, 0xEB, 0x69, 0x7B, 0x9F, 0xA5, 0x78, 0x35, 0xF0, 0xB8, 0xF7, 0x0F, 0x0A, 0x92, 0x92,
        0x26, 0xEF, 0xB3, 0x36, 0xC0, 0xE2, 0x18, 0x33, 0xA0, 0x28, 0x21, 0x8C, 0xD6, 0x37, 0x32,
        0xC8, 0x0A, 0xA4, 0x77, 0xE6, 0x2D, 0x14, 0x1D, 0xBA, 0x81, 0x85, 0x4F, 0x70, 0xDA, 0x68,
        0xDA, 0xFF, 0x4A, 0x84, 0xCB, 0x6D, 0xE7, 0x79, 0x25, 0x4E, 0x8A, 0x97, 0xE7, 0x35, 0x65,
        0x37, 0x4A, 0xF4, 0x09, 0x2A, 0xF0, 0x5C, 0xBD, 0x66, 0x54, 0xAF, 0xC3, 0xFD, 0x72, 0xF0,
        0xAE, 0x23, 0x26, 0x95, 0xCB, 0x66, 0x68, 0xEA, 0xFE, 0xCC, 0x40, 0x69, 0xBD, 0x90, 0xBB,
        0x52, 0x8B, 0x83, 0xEF, 0xA2, 0xFB, 0xCD, 0xBD, 0x93, 0xB2, 0x89, 0x92, 0x96, 0x21, 0xED,
        0x74, 0xD8, 0x08, 0x73, 0x8F, 0xC1, 0x03, 0xEE, 0xB1, 0x05, 0x51, 0x08, 0x51, 0xFC, 0x93,
        0x19, 0xF1, 0x71, 0xEA, 0x0C, 0xED, 0x0B, 0x97, 0xB5, 0xB9, 0xFB, 0x5E, 0xF9, 0x85, 0x18,
        0x6B, 0xC5, 0x20, 0x98, 0xF9, 0xEB, 0x47, 0x6F, 0x67, 0xB7, 0xCC, 0x76, 0x65, 0xD4, 0x75,
        0x87, 0x97, 0x5C, 0xB4, 0x5A, 0x50, 0xFC, 0x64, 0x10, 0x07, 0x19, 0xBF, 0x76, 0x34, 0x5F,
        0x0F, 0xDF, 0x1E, 0x09, 0xEF, 0xE9, 0xFB, 0x80, 0x0D, 0xC1, 0x14, 0xE4, 0x6B, 0xE0, 0x87,
        0x9A, 0x19, 0x5C, 0xC0, 0x68, 0x70, 0xE2, 0x3D, 0x26, 0x31, 0xDA, 0xE7, 0x1C, 0x39, 0x94,
        0x48, 0x1C, 0x87, 0x61, 0xC4, 0x0D, 0x07, 0xC5, 0xBF, 0xCA, 0x95, 0xE7, 0x18, 0xB7, 0xB2,
        0x25, 0x85, 0xAF, 0x03, 0xED, 0x34, 0x17, 0x5A, 0x46, 0xD5, 0x7A, 0xF3, 0x51, 0x8E, 0x32,
        0xA7, 0xFC, 0x1A, 0xA4, 0x48, 0x27, 0x32, 0xA8, 0x1A, 0x87, 0xF7, 0x24, 0xF8, 0xD2, 0xE7,
        0x80, 0xB3, 0xA3, 0x9D, 0x45, 0x1A, 0x38, 0x0F, 0x75, 0xC2, 0xD6, 0x80, 0xCC, 0x72, 0x13,
        0xEA, 0xB1, 0xD4, 0xA5, 0x9D, 0x39, 0x4A, 0xE3, 0x81, 0x0A, 0x1C, 0x90, 0x81, 0x8D, 0x52,
        0xF9, 0x3F, 0xB2, 0x03, 0xE2, 0xD8, 0xB1, 0xB5, 0xFA, 0x8F, 0x60, 0xB2, 0xD5, 0x85, 0xD9,
        0x13, 0x5D, 0x64, 0x88, 0x46, 0xF1, 0x38, 0xB8, 0x69, 0x53, 0x24, 0x2D, 0x2B, 0xB1, 0xF2,
        0xEC, 0xDF, 0x38, 0x9B, 0x4D, 0xE7, 0x65, 0x18, 0x17, 0xB8, 0xE4, 0xE6, 0x4B, 0x33, 0x3F,
        0x1A, 0xAC, 0x52, 0x3A, 0x93, 0xF2, 0x74, 0x8A, 0x9C, 0x38, 0xFF, 0xBC, 0x29, 0xCE, 0xD4,
        0x57, 0xB6, 0xF9, 0x78, 0x1B, 0x08, 0xA6, 0x7A, 0x19, 0x75, 0xD0, 0x31, 0xCC, 0xD7, 0x15,
        0x45, 0xC0, 0x03, 0x74, 0x34, 0x05, 0x6C, 0x24, 0x34, 0xD1, 0x3E, 0x6C, 0x4B, 0xEE, 0xBF,
        0x46, 0xFC, 0x12, 0x22, 0x2C, 0x0B, 0x2E, 0xCC, 0xD6, 0x15, 0x9D, 0x5A, 0xEA, 0x8E, 0x55,
        0x4D, 0x7A, 0x09, 0x65, 0x2B, 0x06, 0xBF, 0x7C, 0xA6, 0x99, 0xA7, 0x19, 0x9E, 0x71, 0x6D,
        0x05, 0xDD, 0x55, 0x30, 0x41, 0xA8, 0xF2, 0xB3, 0x03, 0xD2, 0x36, 0xA9, 0xBA, 0xBA, 0xAF,
        0xB9, 0xFA, 0x52, 0x8F, 0x28, 0xA2, 0xCA, 0x2A, 0xA7, 0x80, 0xB9, 0x40, 0x38, 0x3C, 0x09,
        0x9A, 0xA6, 0x5A, 0x00, 0x74, 0xB8, 0x3F, 0xD1, 0xF0, 0xBC, 0x5B, 0x7B, 0x5E, 0x46, 0xC2,
        0x5E, 0x54, 0x83, 0x8B, 0x3C, 0xBC, 0xFC, 0x95, 0xF8, 0x7F, 0x1D, 0x47, 0x1B, 0x3B, 0xA8,
        0x94, 0x43, 0x4F, 0xA5, 0x89, 0x52, 0xFD, 0xCB, 0x77, 0xF1, 0x61, 0x37, 0x26, 0x93, 0x30,
        0x6D, 0xBA, 0x4E, 0x8F, 0x21, 0x6D, 0x1C, 0x8E, 0x5C, 0xAF, 0xF0, 0xFE, 0x83, 0x60, 0xA5,
        0x1C, 0x60, 0x76, 0x36, 0x44, 0x16, 0x9F, 0xDC, 0x6A, 0x82, 0x67, 0xF2, 0xE3, 0xF9, 0x09,
        0xA6, 0x1B, 0x2A, 0x67, 0x8B, 0xCE, 0x6A, 0xE9, 0x04, 0x03, 0xA8, 0x36, 0xB1, 0xA7, 0xB7,
        0xE8, 0xCD, 0x8B, 0x54, 0xC3, 0x70, 0x87, 0xA9, 0xE1, 0x44, 0x46, 0xD9, 0x5E, 0x69, 0x08,
        0xD2, 0xEE, 0xDB, 0xFC, 0xC6, 0x53, 0xE0, 0x2F, 0xDF, 0x77, 0x1F, 0x70, 0x1A, 0x79, 0xB9,
        0xE5, 0xA2, 0x6E, 0xD0, 0xA9, 0x47, 0x84, 0x20, 0x70, 0xF3, 0xB5, 0x70, 0x17, 0x42, 0x21,
        0x12, 0x19, 0xE7, 0x61, 0x76, 0x2C, 0x37, 0xF0, 0xD0, 0xA1, 0xD1, 0xB9, 0x75, 0x0F, 0xEE,
        0x57, 0x7E, 0x12, 0x08, 0x11, 0x5C, 0x66, 0xAC, 0x07, 0xEC, 0x09, 0x1E, 0x6A, 0x3F, 0xC4,
        0xAA, 0x6A, 0x25, 0x3B, 0xCB, 0xA8, 0x68, 0xED, 0xD3, 0x15, 0x4D, 0xCA, 0xF5, 0x16, 0x2F,
        0x61, 0x5E, 0x85, 0x49, 0x0A, 0x6C, 0xA3, 0x42, 0xF3, 0x4C, 0x43, 0xAC, 0x61, 0xA3, 0xEA,
        0x6B, 0xFE, 0xEF, 0xD8, 0x50, 0xE1, 0x90, 0xEB, 0x1D, 0x8D, 0xA4, 0xD2, 0x8B, 0x5E, 0xCE,
        0xEB, 0x16, 0x78, 0xC0, 0x24, 0x33, 0xEC, 0xD5, 0xD4, 0x8B, 0x25, 0x36, 0x40, 0x42, 0x57,
        0xE8, 0xCA, 0x7B, 0xEF, 0x58, 0x55, 0xF2, 0xB8, 0x13, 0xED, 0x2F, 0x4C, 0x40, 0x94, 0x45,
        0xA3, 0x31, 0x7C, 0x9B, 0xE1, 0xA3, 0x5A, 0xE2, 0xFB, 0x4D, 0x2B, 0x87, 0x92, 0x1B, 0x90,
        0x4B, 0xF2, 0xC1, 0x4D, 0xB5, 0x14, 0xCE, 0xE0, 0x45, 0x25, 0x1C, 0xFC, 0x27, 0x63, 0x74,
        0xDB, 0x15, 0xC9, 0x9D, 0xEA, 0x15, 0xAC, 0xDE, 0x19, 0x7C, 0x6E, 0xB5, 0x24, 0x98, 0x8E,
        0x39, 0xB6, 0x32, 0x87, 0xBE, 0xB8, 0x67, 0x68, 0x65, 0xAA, 0xA3, 0xBA, 0xD1, 0xB4, 0x3B,
        0x8C, 0xAB, 0x15, 0xCB, 0xF2, 0x7A, 0x49, 0x87, 0x59, 0xE3, 0x20, 0x3A, 0xBF, 0x36, 0x9E,
        0x97, 0x24, 0x2F, 0x0B, 0x01, 0x54, 0x14, 0x9F, 0x14, 0xAC, 0x23, 0x3C, 0xDB, 0x73, 0xA2,
        0x2B, 0x7F, 0xB8, 0xF0, 0x93, 0x25, 0xBF, 0x2A, 0xCE, 0x83, 0xBB, 0x6B, 0x5D, 0xB8, 0xA1,
        0x21, 0xA2, 0xB6, 0x82, 0x14, 0x9A, 0x69, 0x13, 0x1C, 0xCC, 0xE5, 0x22, 0x29, 0x84, 0x0B,
        0x11, 0x3F, 0xC7, 0xB0, 0xBC, 0xC5, 0x84, 0x05, 0xBF, 0xE8, 0x7F, 0x1F, 0x95, 0xFF, 0xC2,
        0xE9, 0x6F, 0xC5, 0x59, 0x65, 0x67, 0xE9, 0x43, 0x64, 0xDF, 0xAA, 0x6D, 0x9D, 0x5A, 0x6E,
        0xB9, 0x9A, 0xE4, 0xDD, 0xF4, 0x24,
    ])
    .unwrap()
}

fn bench_mldsa87_sign() {
    use bouncycastle::mldsa::{MLDSA87, MLDSATrait};

    eprintln!("MLDSA87/Sign");

    /* One-time setup of the KAT -- commented out so that keygen is not captured in the bench */
    // let seed = KeyMaterial256::from_bytes_as_type(
    //     &[0x00,0x01,0x02,0x03,0x04,0x05,0x06,0x07,0x08,0x09,0x0a,0x0b,0x0c,0x0d,0x0e,0x0f,0x10,0x11,0x12,0x13,0x14,0x15,0x16,0x17,0x18,0x19,0x1a,0x1b,0x1c,0x1d,0x1e,0x1f],
    //     KeyType::Seed,
    // ).unwrap();
    // let (_pk, sk) = MLDSA87::keygen_from_seed(&seed).unwrap();
    // use bouncycastle_hex as hex;
    // eprintln!("sk:\n{}", &hex::encode(sk.encode()));

    let msg = b"The quick brown fox jumped over the lazy dog";

    // let (_pk, sk) = MLDSA87::keygen_from_seed(&seed).unwrap();
    let sk = load_mldsa87_sk();

    measure(|| {
        let mu = MLDSA87::compute_mu_from_sk(&sk, msg, None).unwrap();
        let sig = MLDSA87::sign_mu_deterministic(&sk, None, &mu, [0u8; 32]).unwrap();
        print!("{:x?}", sig);
    });
}

/// Same as bench_mldsa87_sign(), but with a pre-expanded private key.
///
/// The matrix A_hat is expanded up-front and handed to the signature, which is what makes repeated
/// signatures with the same key cheaper -- at the cost of the memory A_hat occupies for as long
/// as it is held.
///
/// Only the signature is measured, not the expansion: building an MLDSA87PrivateKeyExpanded
/// inside this function would put its own peak (which exceeds a whole signature) into the
/// measurement, the way a keygen would. This calls the same entry point as bench_mldsa87_sign(),
/// differing only in passing Some(&a_hat) instead of None, so the two are comparable.
///
fn bench_mldsa87_sign_expanded_sk() {
    use bouncycastle::mldsa::{MLDSA87, MLDSAPrivateKeyTrait, MLDSATrait};

    eprintln!("MLDSA87/Sign_with_expanded_key");

    /* One-time setup of the KAT -- commented out so that keygen is not captured in the bench */
    // let seed = KeyMaterial256::from_bytes_as_type(
    //     &[0x00,0x01,0x02,0x03,0x04,0x05,0x06,0x07,0x08,0x09,0x0a,0x0b,0x0c,0x0d,0x0e,0x0f,0x10,0x11,0x12,0x13,0x14,0x15,0x16,0x17,0x18,0x19,0x1a,0x1b,0x1c,0x1d,0x1e,0x1f],
    //     KeyType::Seed,
    // ).unwrap();
    // let (_pk, sk) = MLDSA87::keygen_from_seed(&seed).unwrap();
    // use bouncycastle_hex as hex;
    // eprintln!("sk:\n{}", &hex::encode(sk.encode()));

    let msg = b"The quick brown fox jumped over the lazy dog";

    // let (_pk, sk) = MLDSA87::keygen_from_seed(&seed).unwrap();
    let sk = load_mldsa87_sk();

    measure(|| {
        let a_hat = sk.A_hat();
        let mu = MLDSA87::compute_mu_from_sk(&sk, msg, None).unwrap();
        let sig = MLDSA87::sign_mu_deterministic(&sk, Some(&a_hat), &mu, [0u8; 32]).unwrap();
        print!("{:x?}", sig);
    });
}

/// Loads the private key for the matching sign bench. See [`load_mldsa44_sk`] for why this is
/// `#[inline(never)]`.
#[inline(never)]
fn load_mldsa87_lowmemory_sk() -> bouncycastle::mldsa_lowmemory::MLDSA87PrivateKey {
    use bouncycastle::mldsa_lowmemory::MLDSA87PrivateKey;

    MLDSA87PrivateKey::from_bytes(&[
        0x00, 0x01, 0x02, 0x03, 0x04, 0x05, 0x06, 0x07, 0x08, 0x09, 0x0A, 0x0B, 0x0C, 0x0D, 0x0E,
        0x0F, 0x10, 0x11, 0x12, 0x13, 0x14, 0x15, 0x16, 0x17, 0x18, 0x19, 0x1A, 0x1B, 0x1C, 0x1D,
        0x1E, 0x1F,
    ])
    .unwrap()
}

fn bench_mldsa87_lowmemory_sign() {
    use bouncycastle::mldsa_lowmemory::{MLDSA87, MLDSA87_SK_LEN, MLDSATrait};

    eprintln!("MLDSA87_lowmemory/Sign");

    /* One-time setup of the KAT -- commented out so that keygen is not captured in the bench */
    // let seed = KeyMaterial256::from_bytes_as_type(
    //     &[0x00,0x01,0x02,0x03,0x04,0x05,0x06,0x07,0x08,0x09,0x0a,0x0b,0x0c,0x0d,0x0e,0x0f,0x10,0x11,0x12,0x13,0x14,0x15,0x16,0x17,0x18,0x19,0x1a,0x1b,0x1c,0x1d,0x1e,0x1f],
    //     KeyType::Seed,
    // ).unwrap();
    // let (_pk, sk) = MLDSA65::keygen_from_seed(&seed).unwrap();
    // use bouncycastle_hex as hex;
    // eprintln!("sk:\n{}", &hex::encode(sk.encode()));

    let sk = load_mldsa87_lowmemory_sk();

    let msg = b"The quick brown fox jumped over the lazy dog";

    measure(|| {
        let mu = MLDSA87::compute_mu_from_sk(&sk, msg, None).unwrap();
        let sig = MLDSA87::sign_mu_deterministic(&sk, &mu, [0u8; 32]).unwrap();
        print!("{:x?}", sig);
    });
}

/// Loads the public key for the matching verify bench. See [`load_mldsa44_sk`] for why this is
/// `#[inline(never)]`.
#[inline(never)]
fn load_mldsa44_pk() -> bouncycastle::mldsa::MLDSA44PublicKey {
    use bouncycastle::mldsa::MLDSA44PublicKey;

    MLDSA44PublicKey::from_bytes(&[
        0xD7, 0xB2, 0xB4, 0x72, 0x54, 0xAA, 0xE0, 0xDB, 0x45, 0xE7, 0x93, 0x0D, 0x4A, 0x98, 0xD2,
        0xC9, 0x7D, 0x8F, 0x13, 0x97, 0xD1, 0x78, 0x9D, 0xAF, 0xA1, 0x70, 0x24, 0xB3, 0x16, 0xE9,
        0xBE, 0xC9, 0x4F, 0xC9, 0x94, 0x6D, 0x42, 0xF1, 0x9B, 0x79, 0xA7, 0x41, 0x3B, 0xBA, 0xA3,
        0x3E, 0x71, 0x49, 0xCB, 0x42, 0xED, 0x51, 0x15, 0x69, 0x3A, 0xC0, 0x41, 0xFA, 0xCB, 0x98,
        0x8A, 0xDE, 0xB5, 0xFE, 0x0E, 0x1D, 0x86, 0x31, 0x18, 0x49, 0x95, 0xB5, 0x92, 0xC3, 0x97,
        0xD2, 0x29, 0x4E, 0x2E, 0x14, 0xF9, 0x0A, 0xA4, 0x14, 0xBA, 0x38, 0x26, 0x89, 0x9A, 0xC4,
        0x3F, 0x4C, 0xCC, 0xAC, 0xBC, 0x26, 0xE9, 0xA8, 0x32, 0xB9, 0x51, 0x18, 0xD5, 0xCB, 0x43,
        0x3C, 0xBE, 0xF9, 0x66, 0x0B, 0x00, 0x13, 0x8E, 0x08, 0x17, 0xF6, 0x1E, 0x76, 0x2C, 0xA2,
        0x74, 0xC3, 0x6A, 0xD5, 0x54, 0xEB, 0x22, 0xAA, 0xC1, 0x16, 0x2E, 0x4A, 0xB0, 0x1A, 0xCB,
        0xA1, 0xE3, 0x8C, 0x4E, 0xFD, 0x8F, 0x80, 0xB6, 0x5B, 0x33, 0x3D, 0x0F, 0x72, 0xE5, 0x5D,
        0xFE, 0x71, 0xCE, 0x9C, 0x1E, 0xBB, 0x98, 0x89, 0xE7, 0xC5, 0x61, 0x06, 0xC0, 0xFD, 0x73,
        0x80, 0x3A, 0x2A, 0xEC, 0xFE, 0xAF, 0xDE, 0xD7, 0xAA, 0x3C, 0xB2, 0xCE, 0xDA, 0x54, 0xD1,
        0x2B, 0xD8, 0xCD, 0x36, 0xA7, 0x8C, 0xF9, 0x75, 0x94, 0x3B, 0x47, 0xAB, 0xD2, 0x5E, 0x88,
        0x0A, 0xC4, 0x52, 0xE5, 0x74, 0x2E, 0xD1, 0xE8, 0xD1, 0xA8, 0x2A, 0xFA, 0x86, 0xE5, 0x90,
        0xC7, 0x58, 0xC1, 0x5A, 0xE4, 0xD2, 0x84, 0x0D, 0x92, 0xBC, 0xA1, 0xA5, 0x09, 0x0F, 0x40,
        0x49, 0x65, 0x97, 0xFC, 0xA7, 0xD8, 0xB9, 0x51, 0x3F, 0x1A, 0x1B, 0xDA, 0x6E, 0x95, 0x0A,
        0xAA, 0x98, 0xDE, 0x46, 0x75, 0x07, 0xD4, 0xA4, 0xF5, 0xA4, 0xF0, 0x59, 0x92, 0x16, 0x58,
        0x2C, 0x35, 0x72, 0xF6, 0x2E, 0xDA, 0x89, 0x05, 0xAB, 0x35, 0x81, 0x67, 0x0C, 0x4A, 0x02,
        0x77, 0x7A, 0x33, 0xE0, 0xCA, 0x72, 0x95, 0xFD, 0x8F, 0x4F, 0xF6, 0xD1, 0xA0, 0xA3, 0xA7,
        0x68, 0x3D, 0x65, 0xF5, 0xF5, 0xF7, 0xFC, 0x60, 0xDA, 0x02, 0x3E, 0x82, 0x6C, 0x5F, 0x92,
        0x14, 0x4C, 0x02, 0xF7, 0xD1, 0xBA, 0x10, 0x75, 0x98, 0x75, 0x53, 0xEA, 0x93, 0x67, 0xFC,
        0xD7, 0x6D, 0x99, 0x0B, 0x7F, 0xA9, 0x9C, 0xD4, 0x5A, 0xFD, 0xB8, 0x83, 0x6D, 0x43, 0xE4,
        0x59, 0xF5, 0x18, 0x7D, 0xF0, 0x58, 0x47, 0x97, 0x09, 0xA0, 0x1E, 0xA6, 0x83, 0x59, 0x35,
        0xFA, 0x70, 0x46, 0x09, 0x90, 0xCD, 0x3D, 0xC1, 0xBA, 0x40, 0x1B, 0xA9, 0x4B, 0xAB, 0x1D,
        0xDE, 0x41, 0xAC, 0x67, 0xAB, 0x33, 0x19, 0xDC, 0xAC, 0xA0, 0x60, 0x48, 0xD4, 0xC4, 0xEE,
        0xF2, 0x7E, 0xE1, 0x3A, 0x9C, 0x17, 0xD0, 0x53, 0x8F, 0x43, 0x0F, 0x2D, 0x64, 0x2D, 0xC2,
        0x41, 0x56, 0x60, 0xDE, 0x78, 0x87, 0x7D, 0x8D, 0x8A, 0xBC, 0x72, 0x52, 0x39, 0x78, 0xC0,
        0x42, 0xE4, 0x28, 0x5F, 0x43, 0x19, 0x84, 0x6C, 0x44, 0x12, 0x62, 0x42, 0x97, 0x68, 0x44,
        0xC1, 0x0E, 0x55, 0x6B, 0xA2, 0x15, 0xB5, 0xA7, 0x19, 0xE5, 0x9D, 0x0C, 0x6B, 0x2A, 0x96,
        0xD3, 0x98, 0x59, 0x07, 0x1F, 0xDC, 0xC2, 0xCD, 0xE7, 0x52, 0x4A, 0x7B, 0xED, 0xAE, 0x54,
        0xE8, 0x5B, 0x31, 0x8E, 0x85, 0x4E, 0x8F, 0xE2, 0xB2, 0xF3, 0xED, 0xFA, 0xC9, 0x71, 0x91,
        0x28, 0x27, 0x0A, 0xAF, 0xD1, 0xE5, 0x04, 0x4C, 0x3A, 0x4F, 0xDA, 0xFD, 0x9F, 0xF3, 0x1F,
        0x90, 0x78, 0x4B, 0x8E, 0x8E, 0x45, 0x96, 0x14, 0x4A, 0x0D, 0xAF, 0x58, 0x65, 0x11, 0xD3,
        0xD9, 0x96, 0x2B, 0x9E, 0xA9, 0x5A, 0xF1, 0x97, 0xB4, 0xE5, 0xFC, 0x60, 0xF2, 0xB1, 0xED,
        0x15, 0xDE, 0x3A, 0x5B, 0xEF, 0x5F, 0x89, 0xBD, 0xC7, 0x9D, 0x91, 0x05, 0x1D, 0x9B, 0x28,
        0x16, 0xE7, 0x4F, 0xA5, 0x45, 0x31, 0xEF, 0xDC, 0x1C, 0xBE, 0x74, 0xD4, 0x48, 0x85, 0x7F,
        0x47, 0x6B, 0xCD, 0x58, 0xF2, 0x1C, 0x0B, 0x65, 0x3B, 0x3B, 0x76, 0xA4, 0xE0, 0x76, 0xA6,
        0x55, 0x9A, 0x30, 0x27, 0x18, 0x55, 0x5C, 0xC6, 0x3F, 0x74, 0x85, 0x9A, 0xAB, 0xAB, 0x92,
        0x5F, 0x02, 0x38, 0x61, 0xCA, 0x8C, 0xD0, 0xF7, 0xBA, 0xDB, 0x28, 0x71, 0xF6, 0x7D, 0x55,
        0x32, 0x6D, 0x74, 0x51, 0x13, 0x5A, 0xD4, 0x5F, 0x4A, 0x1B, 0xA6, 0x91, 0x18, 0xFB, 0xB2,
        0xC8, 0xA3, 0x0E, 0xEC, 0x93, 0x92, 0xEF, 0x3F, 0x97, 0x70, 0x66, 0xC9, 0xAD, 0xD5, 0xC7,
        0x10, 0xCC, 0x64, 0x7B, 0x15, 0x14, 0xD2, 0x17, 0xD9, 0x58, 0xC7, 0x01, 0x7C, 0x3E, 0x90,
        0xFD, 0x20, 0xC0, 0x4E, 0x67, 0x4B, 0x90, 0x48, 0x6E, 0x93, 0x70, 0xA3, 0x1A, 0x00, 0x1D,
        0x32, 0xF4, 0x73, 0x97, 0x9E, 0x49, 0x06, 0x74, 0x9E, 0x7E, 0x47, 0x7F, 0xA0, 0xB7, 0x45,
        0x08, 0xF8, 0xA5, 0xF2, 0x37, 0x83, 0x12, 0xB8, 0x3C, 0x25, 0xBD, 0x38, 0x8C, 0xA0, 0xB0,
        0xFF, 0xF7, 0x47, 0x8B, 0xAF, 0x42, 0xB7, 0x16, 0x67, 0xED, 0xAA, 0xC9, 0x7C, 0x46, 0xB1,
        0x29, 0x64, 0x3E, 0x58, 0x6E, 0x5B, 0x05, 0x5A, 0x0C, 0x21, 0x19, 0x46, 0xD4, 0xF3, 0x6E,
        0x67, 0x5B, 0xED, 0x58, 0x60, 0xFA, 0x04, 0x2A, 0x31, 0x5D, 0x98, 0x26, 0x16, 0x4D, 0x6A,
        0x92, 0x37, 0xC3, 0x5A, 0x5F, 0xBF, 0x49, 0x54, 0x90, 0xA5, 0xBD, 0x4D, 0xF2, 0x48, 0xB9,
        0x5C, 0x4A, 0xAE, 0x77, 0x84, 0xB6, 0x05, 0x67, 0x31, 0x66, 0xAC, 0x42, 0x45, 0xB5, 0xB4,
        0xB0, 0x82, 0xA0, 0x9E, 0x93, 0x23, 0xE6, 0x2F, 0x20, 0x78, 0xC5, 0xB7, 0x67, 0x83, 0x44,
        0x6D, 0xEF, 0xD7, 0x36, 0xAD, 0x3A, 0x37, 0x02, 0xD4, 0x9B, 0x08, 0x98, 0x44, 0x90, 0x0A,
        0x61, 0x83, 0x33, 0x97, 0xBC, 0x44, 0x19, 0xB3, 0x0D, 0x7A, 0x97, 0xA0, 0xB3, 0x87, 0xC1,
        0x91, 0x14, 0x74, 0xC4, 0xD4, 0x1B, 0x53, 0xE3, 0x2A, 0x97, 0x7A, 0xCB, 0x6F, 0x0E, 0xA7,
        0x5D, 0xB6, 0x5B, 0xB3, 0x9E, 0x59, 0xE7, 0x01, 0xE7, 0x69, 0x57, 0xDE, 0xF6, 0xF2, 0xD4,
        0x45, 0x59, 0xC3, 0x1A, 0x77, 0x12, 0x2B, 0x52, 0x04, 0xE3, 0xB5, 0xC2, 0x19, 0xF1, 0x68,
        0x8B, 0x14, 0xED, 0x0B, 0xC0, 0xB8, 0x01, 0xB3, 0xE6, 0xE8, 0x2D, 0xCD, 0x43, 0xE9, 0xC0,
        0xE9, 0xF4, 0x17, 0x44, 0xCD, 0x98, 0x15, 0xBD, 0x1B, 0xC8, 0x82, 0x0D, 0x8B, 0xB1, 0x23,
        0xF0, 0x4F, 0xAC, 0xD1, 0xB1, 0xB6, 0x85, 0xDD, 0x5A, 0x2B, 0x1B, 0x8D, 0xBB, 0xF3, 0xED,
        0x93, 0x36, 0x70, 0xF0, 0x95, 0xA1, 0x80, 0xB4, 0xF1, 0x92, 0xD0, 0x8B, 0x10, 0xB8, 0xFA,
        0xBB, 0xDF, 0xCC, 0x2B, 0x24, 0x51, 0x8E, 0x32, 0xEE, 0xA0, 0xA5, 0xE0, 0xC9, 0x04, 0xCA,
        0x84, 0x47, 0x80, 0x08, 0x3F, 0x3B, 0x0C, 0xD2, 0xD0, 0xB8, 0xB6, 0xAF, 0x67, 0xBC, 0x35,
        0x5B, 0x94, 0x94, 0x02, 0x5D, 0xC7, 0xB0, 0xA7, 0x8F, 0xA8, 0x0E, 0x3A, 0x2D, 0xBF, 0xEB,
        0x51, 0x32, 0x88, 0x51, 0xD6, 0x07, 0x81, 0x98, 0xE9, 0x49, 0x36, 0x51, 0xAE, 0x78, 0x7E,
        0xC0, 0x25, 0x1F, 0x92, 0x2B, 0xA3, 0x0E, 0x9F, 0x51, 0xDF, 0x62, 0xA6, 0xD7, 0x27, 0x84,
        0xCF, 0x3D, 0xD2, 0x05, 0x39, 0x31, 0x76, 0xDF, 0xA3, 0x24, 0xA5, 0x12, 0xBD, 0x94, 0x97,
        0x0A, 0x36, 0xDD, 0x34, 0xA5, 0x14, 0xA8, 0x67, 0x91, 0xF0, 0xEB, 0x36, 0xF0, 0x14, 0x5B,
        0x09, 0xAB, 0x64, 0x65, 0x1B, 0x4A, 0x03, 0x13, 0xB2, 0x99, 0x61, 0x1A, 0x2A, 0x1C, 0x48,
        0x89, 0x16, 0x27, 0x59, 0x87, 0x68, 0xA3, 0x11, 0x40, 0x60, 0xBA, 0x44, 0x43, 0x48, 0x6D,
        0xF5, 0x15, 0x22, 0xA1, 0xCE, 0x88, 0xB3, 0x09, 0x85, 0xC2, 0x16, 0xF8, 0xE6, 0xED, 0x17,
        0x8D, 0xD5, 0x67, 0xB3, 0x04, 0xA0, 0xD4, 0xCA, 0xFB, 0xA8, 0x82, 0xA2, 0x83, 0x42, 0xF1,
        0x7A, 0x9A, 0xA2, 0x6A, 0xE5, 0x8D, 0xB6, 0x30, 0x08, 0x3D, 0x2C, 0x35, 0x8F, 0xDF, 0x56,
        0x6C, 0x3F, 0x5D, 0x62, 0xA4, 0x28, 0x56, 0x7B, 0xC9, 0xEA, 0x8C, 0xE9, 0x5C, 0xAA, 0x0F,
        0x35, 0x47, 0x4B, 0x0B, 0xFA, 0x8F, 0x33, 0x9A, 0x25, 0x0A, 0xB4, 0xDF, 0xCF, 0x20, 0x83,
        0xBE, 0x8E, 0xEF, 0xBC, 0x10, 0x55, 0xE1, 0x8F, 0xE1, 0x53, 0x70, 0xEE, 0xCB, 0x26, 0x05,
        0x66, 0xD8, 0x3F, 0xF0, 0x6B, 0x21, 0x1A, 0xAE, 0xC4, 0x3C, 0xA2, 0x9B, 0x54, 0xCC, 0xD0,
        0x0F, 0x88, 0x15, 0xA2, 0x46, 0x5E, 0xF0, 0xB4, 0x65, 0x15, 0xCC, 0x7E, 0x41, 0xF3, 0x12,
        0x4F, 0x09, 0xEF, 0xFF, 0x73, 0x93, 0x09, 0xAB, 0x58, 0xB2, 0x9A, 0x14, 0x59, 0xA0, 0x0B,
        0xCE, 0x50, 0x38, 0xE9, 0x38, 0xC9, 0x67, 0x8F, 0x72, 0xEB, 0x0E, 0x4E, 0xE5, 0xFD, 0xAA,
        0xE6, 0x6D, 0x9F, 0x85, 0x73, 0xFC, 0x97, 0xFC, 0x42, 0xB4, 0x95, 0x9F, 0x4B, 0xF8, 0xB6,
        0x1D, 0x78, 0x43, 0x3E, 0x86, 0xB0, 0x33, 0x5D, 0x6E, 0x91, 0x91, 0xC4, 0xD8, 0xBF, 0x48,
        0x7B, 0x39, 0x05, 0xC1, 0x08, 0xCF, 0xD6, 0xAC, 0x24, 0xB0, 0xCE, 0xB7, 0xDC, 0xB7, 0xCF,
        0x51, 0xF8, 0x4D, 0x0E, 0xD6, 0x87, 0xB9, 0x5E, 0xAE, 0xB1, 0xC5, 0x33, 0xC0, 0x6F, 0x0D,
        0x97, 0x02, 0x3D, 0x92, 0xA7, 0x08, 0x25, 0x83, 0x7B, 0x59, 0xBA, 0x6C, 0xB7, 0xD4, 0xE5,
        0x6B, 0x0A, 0x87, 0xC2, 0x03, 0x86, 0x2A, 0xE8, 0xF3, 0x15, 0xBA, 0x59, 0x25, 0xE8, 0xED,
        0xEF, 0xA6, 0x79, 0x36, 0x9A, 0x22, 0x02, 0x76, 0x61, 0x51, 0xF1, 0x6A, 0x96, 0x5F, 0x9F,
        0x81, 0xEC, 0xE7, 0x6C, 0xC0, 0x70, 0xB5, 0x58, 0x69, 0xE4, 0xDB, 0x97, 0x84, 0xCF, 0x05,
        0xC8, 0x30, 0xB3, 0x24, 0x2C, 0x83, 0x12,
    ])
    .unwrap()
}

fn bench_mldsa44_verify() {
    use bouncycastle::mldsa::{MLDSA44, MLDSA44_SIG_LEN, MLDSATrait};

    eprintln!("MLDSA44/Verify");

    let msg = b"The quick brown fox jumped over the lazy dog";

    /* One-time setup of the KAT -- commented out so that keygen is not captured in the bench */
    // let seed = KeyMaterial256::from_bytes_as_type(
    //     &[0x00,0x01,0x02,0x03,0x04,0x05,0x06,0x07,0x08,0x09,0x0a,0x0b,0x0c,0x0d,0x0e,0x0f,0x10,0x11,0x12,0x13,0x14,0x15,0x16,0x17,0x18,0x19,0x1a,0x1b,0x1c,0x1d,0x1e,0x1f],
    //     KeyType::Seed,
    // ).unwrap();
    //
    // let (mldsa44_pk, _mldsa44_sk) = MLDSA44::keygen_from_seed(&seed).unwrap();

    // eprintln!("pk:\n{}", &*hex::encode(&mldsa44_pk.encode()));
    // let mu = MLDSA44::compute_mu_from_sk(&mldsa44_sk, msg, None).unwrap();
    // let sig = MLDSA44::sign_mu_deterministic(&mldsa44_sk, &mu, [0u8; 32]).unwrap();
    // eprintln!("sig:\n{}", &*hex::encode(sig));

    let mldsa44_pk = load_mldsa44_pk();
    let sig: [u8; MLDSA44_SIG_LEN] = [
        0x5E, 0x93, 0xB7, 0x85, 0xC5, 0x11, 0x9C, 0x39, 0x83, 0xA2, 0x91, 0xB1, 0x84, 0x20, 0xFD,
        0xBE, 0x4B, 0xCA, 0x53, 0xD5, 0xA3, 0x73, 0x29, 0x22, 0xFA, 0xAA, 0xCD, 0x5A, 0x5D, 0x32,
        0xA7, 0x45, 0xC7, 0x8D, 0x10, 0x5B, 0xA1, 0x0B, 0xEE, 0x1E, 0xD8, 0x06, 0x9F, 0x19, 0xE6,
        0xC5, 0x37, 0xBD, 0xA1, 0x6E, 0x89, 0xD3, 0x90, 0x04, 0xC3, 0x59, 0xD1, 0xFD, 0x38, 0x1A,
        0x02, 0x91, 0xF1, 0xC5, 0x1F, 0x1C, 0x38, 0xED, 0xCD, 0xB3, 0x15, 0xC8, 0xC6, 0x95, 0x70,
        0xD8, 0xF2, 0x5F, 0x16, 0x55, 0xBA, 0x8E, 0xA8, 0x3A, 0xFF, 0x24, 0xB8, 0xB6, 0xBE, 0x8D,
        0xE7, 0x62, 0x34, 0x2E, 0x34, 0x7E, 0xAB, 0x2C, 0xAA, 0x68, 0x03, 0xED, 0x70, 0x59, 0x52,
        0xDD, 0x64, 0x50, 0xC5, 0x18, 0x5E, 0x9D, 0x60, 0xCE, 0x96, 0xE8, 0xDC, 0xA4, 0x23, 0xA0,
        0x2F, 0x64, 0x6C, 0xEA, 0x69, 0x01, 0x64, 0xA2, 0x26, 0xE4, 0xC3, 0xD6, 0xA5, 0x15, 0xCE,
        0x16, 0x29, 0x0F, 0x19, 0xB2, 0xC6, 0x26, 0xDA, 0x9B, 0x45, 0x0E, 0xCF, 0x66, 0x50, 0x13,
        0xC5, 0xE2, 0x26, 0xB6, 0xC0, 0xAC, 0x5C, 0x07, 0xCE, 0x90, 0xE2, 0x78, 0xF1, 0xB0, 0x13,
        0x4E, 0x38, 0x5D, 0x13, 0xE7, 0x42, 0x08, 0xA0, 0xB3, 0xFF, 0x05, 0x2A, 0x36, 0x25, 0x79,
        0xF9, 0x20, 0x7E, 0xA0, 0x1F, 0x18, 0xA0, 0x39, 0xAA, 0x1B, 0x97, 0xAE, 0x34, 0x52, 0x67,
        0x5B, 0x62, 0x07, 0x71, 0xF8, 0x01, 0x2E, 0xE7, 0xA4, 0xE5, 0x5C, 0x98, 0xBF, 0xD2, 0x01,
        0x9E, 0xD8, 0xA3, 0xB0, 0x0A, 0xCE, 0xA8, 0xE8, 0xAB, 0x28, 0x17, 0x2F, 0xAA, 0x42, 0xCA,
        0x1F, 0xDA, 0x83, 0xC5, 0xFF, 0xE8, 0x1A, 0x45, 0xBE, 0x73, 0x6B, 0xDE, 0xDD, 0x5F, 0xB3,
        0x00, 0xCE, 0x17, 0x07, 0x8B, 0x38, 0x0F, 0x62, 0x0B, 0xDE, 0xEB, 0xAD, 0x69, 0x36, 0x01,
        0x37, 0x2C, 0x85, 0xEA, 0xCF, 0x79, 0xBC, 0x98, 0xE1, 0xB4, 0x8F, 0x2A, 0xD7, 0xE5, 0xDC,
        0xE4, 0x27, 0x9A, 0x12, 0x95, 0xBB, 0x2B, 0xA6, 0x0A, 0x0C, 0x5E, 0x37, 0x26, 0x64, 0x2D,
        0x23, 0x36, 0xC5, 0xEB, 0x1D, 0x37, 0xC8, 0x62, 0x3C, 0x75, 0x58, 0x24, 0x13, 0x18, 0xD8,
        0x9B, 0xC7, 0x83, 0xC4, 0xF0, 0x00, 0x98, 0x07, 0x74, 0x84, 0x62, 0x3C, 0x21, 0x75, 0x60,
        0xA0, 0xC7, 0xAA, 0xF7, 0x5D, 0xCA, 0xCC, 0xB7, 0x8E, 0xE6, 0x9C, 0x20, 0x7C, 0x27, 0xC8,
        0xBF, 0x39, 0x65, 0xCC, 0xF5, 0x8A, 0x80, 0xC8, 0x8E, 0xFC, 0xC7, 0xE5, 0xDE, 0xB3, 0x61,
        0x5D, 0x50, 0x45, 0xA7, 0x41, 0xC4, 0xDA, 0xC0, 0xA0, 0x21, 0xDD, 0x06, 0x0D, 0x31, 0x5D,
        0x4E, 0xC2, 0x85, 0x7E, 0xB6, 0x64, 0xD7, 0x28, 0xD0, 0xAF, 0x97, 0x3B, 0xEA, 0x07, 0xE1,
        0xCA, 0x56, 0x3F, 0xAA, 0x0E, 0x19, 0x99, 0x6C, 0xEA, 0x37, 0x70, 0x31, 0x6C, 0x11, 0xA5,
        0x06, 0x66, 0x65, 0x66, 0x20, 0x05, 0xAC, 0xE9, 0x8F, 0x61, 0x10, 0xE8, 0x83, 0xBA, 0xE0,
        0x60, 0xDA, 0xA7, 0xB6, 0xD8, 0x33, 0x79, 0xE0, 0x87, 0x87, 0x96, 0x69, 0x17, 0x08, 0xA3,
        0x2B, 0x85, 0x73, 0x0D, 0xE8, 0xB9, 0x2D, 0x89, 0xF9, 0x0A, 0x36, 0x60, 0xC9, 0x49, 0x16,
        0x5B, 0x14, 0x61, 0x25, 0x67, 0x66, 0x2E, 0x16, 0x22, 0x32, 0x29, 0x6C, 0xBD, 0x14, 0x35,
        0x17, 0xA2, 0x82, 0xE2, 0x2C, 0x46, 0xB6, 0x36, 0x06, 0xD3, 0xC1, 0x4E, 0xD4, 0x55, 0x9A,
        0x5A, 0x1C, 0x45, 0x9B, 0xAB, 0x7F, 0x35, 0x50, 0x07, 0xAD, 0x6F, 0x7E, 0x3B, 0x1E, 0x07,
        0x44, 0x5D, 0xFC, 0x96, 0xBD, 0x9B, 0x75, 0x08, 0x0B, 0x3D, 0x4F, 0x68, 0x99, 0x84, 0x90,
        0xA2, 0x6B, 0x5E, 0x09, 0x0B, 0xE2, 0x67, 0x40, 0x71, 0xAB, 0x92, 0x5B, 0xB6, 0x50, 0x59,
        0x08, 0x56, 0xC5, 0x9F, 0x8B, 0xA7, 0x48, 0x8D, 0x2B, 0x72, 0xF8, 0x40, 0xAC, 0x3E, 0xAF,
        0xE4, 0xDD, 0x91, 0xF0, 0xF5, 0x1C, 0x43, 0x64, 0x11, 0x2C, 0x1A, 0x13, 0x9E, 0x3E, 0x94,
        0x2A, 0x59, 0x7B, 0x93, 0xA1, 0xE3, 0xF4, 0xFA, 0xDE, 0xD1, 0x29, 0xC1, 0x4B, 0x59, 0x78,
        0xB3, 0x15, 0xE2, 0x24, 0x6A, 0x93, 0x14, 0x6A, 0x79, 0x36, 0x5F, 0x0F, 0x59, 0x7A, 0x18,
        0x34, 0x0C, 0xCA, 0x86, 0xBB, 0x15, 0xCE, 0xED, 0x39, 0xF1, 0x75, 0xEA, 0xB1, 0xE5, 0x46,
        0x53, 0x5A, 0xFB, 0x96, 0x6F, 0x0A, 0x65, 0xA8, 0xF6, 0x6F, 0x73, 0x7A, 0xB0, 0x28, 0x97,
        0xED, 0xDF, 0xE9, 0x2C, 0xF7, 0x78, 0x68, 0x94, 0x84, 0x3C, 0x26, 0x91, 0x46, 0x47, 0x76,
        0xC9, 0x4B, 0xD4, 0x50, 0xA1, 0x06, 0x91, 0x38, 0xB2, 0x6D, 0xF8, 0x3B, 0x2D, 0x1D, 0xD8,
        0x01, 0x14, 0x3A, 0x8F, 0xDF, 0xDC, 0x25, 0x14, 0xCC, 0x5B, 0x58, 0x31, 0xAB, 0x53, 0xA7,
        0x5C, 0x55, 0xEF, 0x29, 0xF4, 0x0E, 0x7C, 0x63, 0xD2, 0xC7, 0x2A, 0xBE, 0x97, 0xE2, 0xAF,
        0x14, 0x85, 0x3B, 0xE4, 0x9B, 0xE1, 0x6F, 0x47, 0x30, 0xA1, 0x59, 0x97, 0x49, 0x70, 0x95,
        0x14, 0x39, 0xE5, 0x5C, 0x15, 0x89, 0xD0, 0xF4, 0xA1, 0x62, 0xE3, 0x51, 0x7D, 0xF9, 0xD7,
        0xAB, 0xC9, 0x8D, 0x8A, 0x30, 0x72, 0x16, 0xE7, 0xF1, 0xCB, 0x46, 0x27, 0xC9, 0x17, 0x5C,
        0x0E, 0xEF, 0x23, 0x33, 0x7E, 0x56, 0xD5, 0x28, 0x1B, 0x83, 0x72, 0x6F, 0xFF, 0x40, 0xA1,
        0x48, 0xB0, 0xC4, 0x8E, 0x8D, 0xF3, 0x49, 0x6A, 0x21, 0x18, 0xD8, 0x02, 0x19, 0xAE, 0xF8,
        0xF4, 0x0B, 0x29, 0xFB, 0xA1, 0xF2, 0xF7, 0x87, 0x86, 0xB6, 0x7F, 0xFB, 0x7B, 0x7D, 0x47,
        0xD4, 0x06, 0xB7, 0x65, 0xBD, 0x13, 0x66, 0x10, 0xBE, 0xDE, 0xB9, 0x5C, 0xD7, 0x32, 0x1F,
        0x58, 0xF3, 0xB8, 0x36, 0xC9, 0x25, 0x8B, 0xE3, 0x5D, 0x78, 0xB4, 0x98, 0xF3, 0xEF, 0xE1,
        0xDB, 0x2B, 0x24, 0x3D, 0x73, 0x4F, 0xAB, 0x15, 0x9B, 0xAE, 0xD8, 0x80, 0x7C, 0x3C, 0xCC,
        0xF8, 0x3E, 0xB2, 0xEA, 0xF8, 0xA9, 0xAF, 0x01, 0xA5, 0x18, 0xD4, 0x8C, 0x60, 0xE9, 0x1A,
        0x96, 0x81, 0x2A, 0xD6, 0x89, 0xC2, 0xD8, 0x3C, 0xC4, 0xE8, 0xE9, 0xB3, 0x65, 0x04, 0x22,
        0xBE, 0xD6, 0xF1, 0x3C, 0x24, 0xAD, 0xAA, 0xD9, 0x1C, 0x95, 0xB3, 0xE3, 0xCF, 0x35, 0x4F,
        0x0F, 0x6B, 0xC9, 0xEE, 0x89, 0x41, 0xA6, 0xB1, 0x5B, 0x69, 0x75, 0x13, 0x1D, 0x95, 0x23,
        0x3D, 0x89, 0x35, 0xDE, 0x36, 0x7E, 0xFC, 0x6D, 0x86, 0xA4, 0x5D, 0xAC, 0x7D, 0x0F, 0x1D,
        0xDD, 0x9A, 0xEB, 0xD2, 0xC5, 0x9C, 0x02, 0x7F, 0xCD, 0xA4, 0x48, 0x80, 0x1E, 0x93, 0xE7,
        0x33, 0xAC, 0xA5, 0x18, 0x74, 0xBE, 0x9A, 0xB9, 0x27, 0xA9, 0x04, 0xF9, 0x6D, 0xDB, 0x7A,
        0x46, 0xB2, 0xDA, 0x13, 0x26, 0x1D, 0x52, 0x2B, 0x23, 0xC9, 0x50, 0xC0, 0x1D, 0x5F, 0x5E,
        0x11, 0x2B, 0x76, 0xF8, 0x51, 0xFF, 0x23, 0x4F, 0x06, 0xF8, 0xD5, 0xE6, 0x5B, 0x13, 0x19,
        0xAB, 0xCD, 0x79, 0xA1, 0x80, 0xAE, 0x06, 0x3D, 0x65, 0xB2, 0x8C, 0x74, 0x58, 0x78, 0xC0,
        0x6D, 0xBB, 0x69, 0xBA, 0x73, 0x29, 0x3E, 0xAB, 0x34, 0x43, 0x4B, 0xF1, 0xA9, 0x2F, 0xBA,
        0x69, 0x19, 0x93, 0xBD, 0x0F, 0xF3, 0xED, 0xAC, 0x76, 0xA1, 0x2F, 0x80, 0xC0, 0xAD, 0xA4,
        0xB1, 0x96, 0x9C, 0x76, 0x65, 0x58, 0x9D, 0x53, 0x0A, 0x67, 0x01, 0x6A, 0x62, 0x54, 0x03,
        0xC5, 0x37, 0x03, 0x29, 0x04, 0xF2, 0xE1, 0x04, 0x54, 0x7C, 0xD3, 0xEA, 0x40, 0x62, 0x60,
        0xDD, 0x35, 0x7F, 0xA0, 0x6E, 0xA0, 0x12, 0xA7, 0x85, 0x82, 0x6C, 0x16, 0x0E, 0x99, 0xFF,
        0xD0, 0x65, 0xB0, 0xE3, 0xF3, 0x3C, 0x76, 0x89, 0xD3, 0x55, 0x2A, 0xB9, 0xE2, 0xE0, 0x9F,
        0xA7, 0xE5, 0x5B, 0xBC, 0xEF, 0x04, 0x22, 0x42, 0xBC, 0xAC, 0xAD, 0x8A, 0x3D, 0xA4, 0x7B,
        0xCC, 0x54, 0xA1, 0x21, 0xF1, 0x52, 0x6C, 0x8C, 0xD4, 0xCC, 0x5A, 0x89, 0x2A, 0x81, 0x31,
        0xCF, 0x4E, 0xEF, 0xAF, 0x42, 0x48, 0xDD, 0xD6, 0xA1, 0x1E, 0xC4, 0x27, 0xBA, 0x37, 0x8A,
        0xAE, 0x89, 0xAA, 0xF5, 0x82, 0xCE, 0x1F, 0x4E, 0x32, 0x69, 0x0A, 0x55, 0x5E, 0x74, 0x07,
        0x61, 0xD3, 0x58, 0xAD, 0x4E, 0x92, 0xBC, 0x38, 0x41, 0x8A, 0xA7, 0x82, 0xDA, 0x91, 0x65,
        0x24, 0xFB, 0x09, 0xAB, 0x2C, 0xA6, 0xB3, 0xD3, 0x11, 0x3D, 0x6F, 0x2C, 0x2A, 0x6A, 0x9B,
        0x9D, 0x29, 0xD4, 0xE7, 0x48, 0x92, 0x55, 0x25, 0x2A, 0xF0, 0x75, 0xCB, 0xF9, 0xFE, 0xAC,
        0xED, 0xAE, 0x6F, 0x3E, 0xC0, 0xB0, 0x70, 0x82, 0x46, 0x89, 0xDD, 0x3C, 0x78, 0xAC, 0x14,
        0x3E, 0xD6, 0x77, 0x6D, 0x95, 0xDD, 0x8F, 0x13, 0xD4, 0x35, 0xA2, 0x90, 0xBD, 0xCA, 0x4C,
        0x11, 0x31, 0x8E, 0x5A, 0xCC, 0xE0, 0x44, 0x69, 0x64, 0x4E, 0x13, 0x74, 0xA9, 0x45, 0x1B,
        0x62, 0x04, 0xF3, 0xB3, 0x96, 0x1B, 0x7D, 0xD2, 0x39, 0xE3, 0x06, 0xFE, 0xF5, 0xF4, 0xF4,
        0xE5, 0x1B, 0x78, 0xB0, 0xFB, 0x9D, 0xCE, 0xE6, 0x9C, 0x3E, 0x79, 0x0B, 0x23, 0x1F, 0x2E,
        0x65, 0xFD, 0x1A, 0xB1, 0xC2, 0xA7, 0x5B, 0x07, 0x06, 0x7D, 0x5C, 0x16, 0xDD, 0xE0, 0x09,
        0x83, 0xA5, 0x8F, 0xFC, 0xDA, 0xAA, 0xEE, 0x16, 0xD2, 0x74, 0x2E, 0x13, 0x3E, 0xD7, 0x37,
        0xB4, 0x80, 0x64, 0xC8, 0xA3, 0x8E, 0xCA, 0x35, 0xAB, 0x3F, 0xA1, 0x8F, 0x6D, 0x62, 0xF6,
        0x42, 0xB1, 0x2C, 0xFD, 0xC7, 0x98, 0x0F, 0x2A, 0xB7, 0xDB, 0x32, 0x1F, 0xEC, 0x9D, 0xCF,
        0xE4, 0x99, 0xB4, 0xFC, 0x1E, 0xE7, 0xEB, 0x29, 0x79, 0x54, 0x05, 0x66, 0x17, 0xC6, 0x0A,
        0x66, 0x40, 0xB9, 0x28, 0x35, 0xD1, 0x65, 0xC3, 0xC0, 0x0A, 0x95, 0x19, 0x52, 0x61, 0x44,
        0x88, 0xD5, 0x65, 0x7B, 0xA0, 0xB5, 0xE9, 0x0A, 0xE9, 0xE0, 0xEF, 0x7B, 0x3B, 0x9E, 0xCA,
        0xEB, 0xD8, 0x1B, 0x85, 0x51, 0xB6, 0xD7, 0x0E, 0x83, 0x5B, 0x27, 0x34, 0x76, 0x16, 0x39,
        0xD4, 0x2E, 0x76, 0xFF, 0xC5, 0xB3, 0x27, 0x2B, 0x61, 0xC8, 0x96, 0xB4, 0x5B, 0x4B, 0xD1,
        0x8F, 0x30, 0xE5, 0x8C, 0x44, 0x06, 0x43, 0xBA, 0x15, 0x92, 0x21, 0xCC, 0x67, 0x39, 0xA1,
        0x9A, 0x65, 0xF2, 0x91, 0x1F, 0xAE, 0x47, 0xB0, 0xD4, 0xCA, 0xC4, 0x20, 0x0A, 0x6F, 0x04,
        0x3B, 0x17, 0xA0, 0x3A, 0xD3, 0x93, 0xEC, 0xB8, 0x23, 0xED, 0x03, 0xC8, 0xB6, 0xCD, 0x68,
        0x16, 0x7E, 0x6C, 0x82, 0x34, 0xF7, 0x43, 0x25, 0x57, 0xDB, 0x27, 0x20, 0x79, 0xEE, 0x89,
        0x9A, 0xED, 0xE7, 0x3B, 0x6B, 0x98, 0xD6, 0x00, 0x3F, 0x45, 0x78, 0x9A, 0x14, 0x1B, 0x60,
        0xD6, 0xDB, 0x40, 0xCD, 0x2A, 0x59, 0x74, 0x57, 0x1A, 0x4A, 0xD3, 0x66, 0x7B, 0x88, 0x93,
        0x18, 0xBA, 0x60, 0x28, 0x5D, 0x90, 0x3A, 0x2E, 0xAC, 0x01, 0xC2, 0x16, 0x08, 0x83, 0x8C,
        0x40, 0x90, 0x7D, 0xE6, 0xBB, 0xAB, 0xE0, 0x42, 0xCF, 0x2E, 0xCD, 0xD9, 0x7F, 0x54, 0x9F,
        0x95, 0xEC, 0x69, 0x8D, 0x79, 0x22, 0x2C, 0x65, 0xBA, 0x27, 0xC3, 0x0D, 0x33, 0x2A, 0x68,
        0xD0, 0x57, 0xAE, 0xCD, 0xC9, 0x38, 0x8A, 0xA3, 0x43, 0x20, 0xE0, 0xAA, 0x74, 0xFD, 0xBD,
        0x4D, 0x1B, 0x64, 0x3C, 0xAC, 0xE2, 0x16, 0xB6, 0xD8, 0xAD, 0x8F, 0x07, 0xA9, 0x99, 0x55,
        0xBF, 0xDB, 0x74, 0x3A, 0x86, 0xB4, 0x0F, 0xC6, 0x15, 0x27, 0xBA, 0xCA, 0x43, 0x4A, 0xC2,
        0xA7, 0xFB, 0xEA, 0xA7, 0x71, 0x11, 0xDC, 0x80, 0x98, 0xB1, 0x7E, 0x80, 0x0F, 0x59, 0xDD,
        0x77, 0xCC, 0xB0, 0xE6, 0x77, 0x07, 0xE6, 0x01, 0x23, 0xD3, 0x34, 0xE0, 0x73, 0xA2, 0xF5,
        0xA1, 0x6F, 0xFB, 0xCD, 0x70, 0x13, 0x89, 0xAD, 0xD5, 0x7C, 0x3C, 0xEC, 0xCB, 0x88, 0xB2,
        0x86, 0xAC, 0x1E, 0x6E, 0x3E, 0x64, 0x85, 0xAF, 0x1A, 0x12, 0xEA, 0x24, 0x1D, 0x14, 0xA1,
        0xB5, 0x00, 0x3D, 0x7F, 0x3B, 0xC9, 0xE9, 0x57, 0xD4, 0x48, 0x3C, 0x0F, 0x9F, 0x70, 0x3B,
        0x3A, 0x18, 0x7D, 0x55, 0xE5, 0x05, 0x81, 0x76, 0x15, 0xFB, 0xC4, 0xAE, 0x08, 0x37, 0x61,
        0x61, 0x84, 0x24, 0x5C, 0xFB, 0xA6, 0x1C, 0xE3, 0xB9, 0x29, 0xE3, 0x3F, 0x52, 0xB7, 0x1C,
        0xDD, 0x7B, 0x6A, 0x0D, 0xA5, 0x5C, 0x1F, 0x99, 0x75, 0x10, 0xB1, 0xA9, 0x00, 0x2C, 0xA4,
        0xE0, 0x67, 0x83, 0x73, 0xA3, 0xB1, 0xAB, 0x28, 0x97, 0xE6, 0xB4, 0x23, 0xF1, 0x5A, 0x44,
        0x0A, 0x63, 0x6C, 0xC8, 0x61, 0x49, 0x1E, 0xF4, 0x1A, 0xD0, 0xAA, 0x62, 0x7D, 0x8E, 0x19,
        0x8A, 0x5E, 0xE7, 0xBD, 0x7B, 0x6C, 0xB2, 0xC9, 0xCE, 0x2A, 0x8C, 0xC0, 0x15, 0xF0, 0xD2,
        0x06, 0xDE, 0x4C, 0x49, 0xE2, 0xF8, 0x7F, 0x31, 0x09, 0x54, 0xA1, 0x0D, 0x86, 0xE2, 0x94,
        0xF7, 0x42, 0xEE, 0x18, 0x6F, 0x4A, 0xE9, 0x81, 0x5F, 0x69, 0x96, 0x22, 0x79, 0x22, 0x06,
        0xCA, 0xFB, 0xA8, 0xF5, 0x62, 0x17, 0x38, 0x16, 0x0E, 0x6C, 0x5D, 0x61, 0x1A, 0x82, 0x52,
        0xC6, 0xF3, 0x50, 0x85, 0xB6, 0x04, 0xEF, 0x89, 0x51, 0x64, 0xD4, 0xEA, 0x6D, 0xDD, 0x31,
        0x0C, 0x7D, 0x8F, 0x0C, 0x87, 0x9F, 0xB1, 0xF8, 0x84, 0xC5, 0x74, 0x1D, 0x09, 0x6B, 0x3D,
        0x2D, 0xA0, 0xCE, 0x11, 0x51, 0x79, 0x0D, 0xDA, 0x88, 0x1D, 0x18, 0xCB, 0x6B, 0x19, 0xA9,
        0xFE, 0xD6, 0xF5, 0x25, 0x4B, 0x7D, 0x52, 0xD5, 0xD9, 0x2B, 0xBB, 0xE2, 0x4C, 0x9D, 0x6A,
        0x65, 0x60, 0x4A, 0x0B, 0x8E, 0xD2, 0x4A, 0xD5, 0xC1, 0x97, 0xD6, 0x83, 0xF5, 0x98, 0x74,
        0x3C, 0x96, 0xB5, 0x96, 0x0E, 0x87, 0x23, 0x73, 0x2B, 0x5B, 0xD6, 0x47, 0xE9, 0xDB, 0xEA,
        0xA8, 0x51, 0xD0, 0xE1, 0xCF, 0x6D, 0x2C, 0x07, 0x0D, 0x44, 0x42, 0x76, 0x2C, 0x28, 0x09,
        0x8C, 0x5C, 0xF5, 0xA5, 0x4B, 0x2B, 0x5E, 0x69, 0xA9, 0x9B, 0x10, 0x81, 0x5B, 0xF0, 0xF4,
        0x77, 0xBB, 0x71, 0xF0, 0xD5, 0xD3, 0xA6, 0x2B, 0xA2, 0xB3, 0xE2, 0x9B, 0xF8, 0x4D, 0x4B,
        0x4E, 0x57, 0x47, 0x07, 0xF5, 0xF7, 0x4A, 0xF7, 0x04, 0xD2, 0x77, 0xBD, 0x6C, 0xA3, 0x8D,
        0xA2, 0x1E, 0x2C, 0xDA, 0xC5, 0x49, 0xE5, 0xEA, 0xE1, 0xDE, 0x7A, 0x18, 0xEE, 0x53, 0x4C,
        0x8C, 0x22, 0x91, 0xC9, 0x08, 0xCA, 0xAB, 0xF1, 0x59, 0xE9, 0x0E, 0x65, 0x49, 0xDB, 0x94,
        0xBA, 0x7A, 0x3F, 0x3D, 0x97, 0xDD, 0x39, 0x8A, 0x75, 0xDF, 0x5B, 0x1A, 0x7C, 0xDF, 0xB2,
        0x54, 0x10, 0xB7, 0xEF, 0xC4, 0xED, 0x00, 0xD9, 0x99, 0x5B, 0x37, 0xB5, 0x8B, 0xF9, 0x1E,
        0xD7, 0xA3, 0x51, 0x0C, 0xFF, 0xEA, 0x82, 0xF9, 0xE1, 0xC2, 0xA3, 0x29, 0x04, 0x06, 0x00,
        0x4D, 0x09, 0x05, 0x7D, 0x63, 0xB7, 0x70, 0xFA, 0x0E, 0x53, 0x10, 0x31, 0x99, 0x54, 0x4E,
        0xBA, 0x66, 0x2A, 0x2C, 0x30, 0x2C, 0xF3, 0x90, 0x08, 0xF1, 0x42, 0xD2, 0xB1, 0x69, 0x63,
        0xE9, 0x5A, 0xB1, 0x0B, 0xE7, 0xC2, 0x61, 0x01, 0x68, 0x60, 0x8F, 0x35, 0x3A, 0x2F, 0x2C,
        0x41, 0xC7, 0x05, 0x6D, 0xEC, 0x1A, 0x8C, 0x7A, 0x6B, 0xFA, 0x00, 0x27, 0xF9, 0xDE, 0xDA,
        0xCB, 0x77, 0x86, 0xB6, 0x7E, 0xA2, 0xC4, 0x94, 0xD4, 0x3B, 0xA8, 0x51, 0xCF, 0x94, 0x15,
        0xC1, 0xBC, 0xC5, 0x2F, 0x02, 0x7E, 0xC0, 0x2C, 0x65, 0x53, 0x4F, 0x60, 0x8E, 0x9D, 0x16,
        0x6D, 0x51, 0xDD, 0x43, 0x1C, 0xDF, 0x58, 0x71, 0xF5, 0xCD, 0xD1, 0x57, 0x9C, 0xC0, 0x60,
        0x79, 0xDF, 0x07, 0x5A, 0x25, 0x06, 0x2B, 0xA7, 0xE7, 0x0D, 0x96, 0x66, 0xC4, 0xE7, 0xFE,
        0xD3, 0x4C, 0xEA, 0x0E, 0xA0, 0xF1, 0x1A, 0xDE, 0x1E, 0xB2, 0xA9, 0xB3, 0x97, 0xBC, 0xAA,
        0xAD, 0x10, 0x61, 0x27, 0x0E, 0xCF, 0x49, 0x78, 0x03, 0xA5, 0xFC, 0xE7, 0xF4, 0x1E, 0x65,
        0x04, 0xFB, 0xEC, 0x71, 0xA7, 0xDE, 0x7D, 0x06, 0x6B, 0x82, 0x61, 0x86, 0x8A, 0xFC, 0x49,
        0xB9, 0xE6, 0x85, 0xF0, 0xDC, 0xCE, 0x75, 0xE2, 0xFC, 0xB3, 0xBA, 0x8C, 0xF1, 0x90, 0x57,
        0xE3, 0x94, 0x15, 0x76, 0xBA, 0xF5, 0x8F, 0xB8, 0x21, 0xBD, 0x42, 0x68, 0xF7, 0xFA, 0xE3,
        0x02, 0x86, 0x01, 0xDA, 0x02, 0x2E, 0x9B, 0x46, 0x86, 0x46, 0xAB, 0xDB, 0x4F, 0xA6, 0x09,
        0x8A, 0x44, 0x9B, 0x42, 0x67, 0xD5, 0x09, 0xD9, 0xA3, 0x3F, 0x4C, 0x3E, 0xBC, 0xC3, 0x2D,
        0xAC, 0x09, 0x4D, 0x48, 0xED, 0x60, 0x0E, 0x76, 0x57, 0x87, 0xFB, 0x92, 0xB1, 0x97, 0x4F,
        0x74, 0xF7, 0xBB, 0x4C, 0x66, 0xEB, 0x2B, 0xBD, 0x02, 0x89, 0x5E, 0x6A, 0x38, 0x1C, 0x1C,
        0x45, 0x2E, 0xAA, 0xB1, 0xAE, 0x47, 0x31, 0xCF, 0x63, 0x2F, 0x61, 0xAE, 0x2C, 0x90, 0x59,
        0x21, 0x17, 0x4A, 0x3B, 0xC9, 0xBB, 0x4C, 0xDC, 0x89, 0xD6, 0x30, 0x26, 0x4B, 0x61, 0x49,
        0x88, 0xF3, 0xAB, 0xBE, 0xA1, 0xBD, 0x61, 0x7F, 0xFA, 0x53, 0xD7, 0x1B, 0x7D, 0x8A, 0x37,
        0x14, 0x62, 0xB7, 0x73, 0x35, 0x1A, 0x2D, 0xCC, 0xAE, 0xDD, 0x7F, 0x59, 0xCD, 0x72, 0x8F,
        0xAD, 0xEE, 0x05, 0x90, 0x67, 0xBD, 0x80, 0xC9, 0x4C, 0x8C, 0x9A, 0x1F, 0xFC, 0xA2, 0xDC,
        0x4F, 0x84, 0x8B, 0x82, 0x9C, 0x05, 0x61, 0x38, 0x5A, 0xA8, 0x2C, 0xC9, 0x85, 0x03, 0xD0,
        0xBB, 0x66, 0xA6, 0xAA, 0x4F, 0xAE, 0x07, 0x03, 0xD1, 0x2E, 0x60, 0xE1, 0x46, 0x0E, 0xFB,
        0xBC, 0xDF, 0x24, 0x12, 0xC1, 0x3E, 0x7C, 0x68, 0x4D, 0x1B, 0x01, 0x10, 0x20, 0x26, 0x34,
        0x3A, 0x41, 0x43, 0x44, 0x58, 0x5F, 0x6E, 0x70, 0x72, 0x74, 0x8B, 0xAE, 0xB5, 0xBB, 0xC6,
        0xD1, 0xE2, 0xEF, 0xFB, 0xFE, 0x06, 0x0E, 0x2E, 0x3E, 0x51, 0x60, 0x79, 0x7C, 0x9E, 0xA6,
        0xBA, 0xC7, 0xF1, 0x10, 0x24, 0x40, 0x4A, 0x52, 0x57, 0x5F, 0x6C, 0x89, 0x8C, 0x97, 0xAA,
        0xB2, 0xC3, 0xCC, 0xEA, 0xF2, 0x2F, 0x3F, 0x53, 0x5F, 0x7B, 0x81, 0x83, 0x96, 0xA1, 0xB1,
        0xBC, 0xE6, 0x00, 0x00, 0x00, 0x00, 0x00, 0x00, 0x00, 0x00, 0x00, 0x00, 0x00, 0x00, 0x00,
        0x00, 0x18, 0x25, 0x36, 0x42,
    ];

    measure(|| {
        if MLDSA44::verify(&mldsa44_pk, msg, None, &sig).is_ok() {
            println!("Verification succeeded!");
        } else {
            panic!("Verification failed! -- figure that out");
        }
    });
}

/// Same as bench_mldsa44_verify(), but with a pre-expanded public key.
///
/// The matrix A_hat is expanded up-front and held inside the MLDSA44PublicKeyExpanded, which is
/// what makes repeated verifications against the same key cheaper -- at the cost of the memory the
/// expanded key occupies for as long as it is held. Both the expansion and the verification are
/// inside the measurement.
fn bench_mldsa44_verify_expanded_pk() {
    use bouncycastle::mldsa::{MLDSA44, MLDSA44_SIG_LEN, MLDSA44PublicKeyExpanded, MLDSATrait};

    eprintln!("MLDSA44/Verify_with_expanded_key");

    let msg = b"The quick brown fox jumped over the lazy dog";

    /* One-time setup of the KAT -- commented out so that keygen is not captured in the bench */
    // let seed = KeyMaterial256::from_bytes_as_type(
    //     &[0x00,0x01,0x02,0x03,0x04,0x05,0x06,0x07,0x08,0x09,0x0a,0x0b,0x0c,0x0d,0x0e,0x0f,0x10,0x11,0x12,0x13,0x14,0x15,0x16,0x17,0x18,0x19,0x1a,0x1b,0x1c,0x1d,0x1e,0x1f],
    //     KeyType::Seed,
    // ).unwrap();
    //
    // let (mldsa44_pk, _mldsa44_sk) = MLDSA44::keygen_from_seed(&seed).unwrap();

    // eprintln!("pk:\n{}", &*hex::encode(&mldsa44_pk.encode()));
    // let mu = MLDSA44::compute_mu_from_sk(&mldsa44_sk, msg, None).unwrap();
    // let sig = MLDSA44::sign_mu_deterministic(&mldsa44_sk, &mu, [0u8; 32]).unwrap();
    // eprintln!("sig:\n{}", &*hex::encode(sig));

    let mldsa44_pk = load_mldsa44_pk();
    let sig: [u8; MLDSA44_SIG_LEN] = [
        0x5E, 0x93, 0xB7, 0x85, 0xC5, 0x11, 0x9C, 0x39, 0x83, 0xA2, 0x91, 0xB1, 0x84, 0x20, 0xFD,
        0xBE, 0x4B, 0xCA, 0x53, 0xD5, 0xA3, 0x73, 0x29, 0x22, 0xFA, 0xAA, 0xCD, 0x5A, 0x5D, 0x32,
        0xA7, 0x45, 0xC7, 0x8D, 0x10, 0x5B, 0xA1, 0x0B, 0xEE, 0x1E, 0xD8, 0x06, 0x9F, 0x19, 0xE6,
        0xC5, 0x37, 0xBD, 0xA1, 0x6E, 0x89, 0xD3, 0x90, 0x04, 0xC3, 0x59, 0xD1, 0xFD, 0x38, 0x1A,
        0x02, 0x91, 0xF1, 0xC5, 0x1F, 0x1C, 0x38, 0xED, 0xCD, 0xB3, 0x15, 0xC8, 0xC6, 0x95, 0x70,
        0xD8, 0xF2, 0x5F, 0x16, 0x55, 0xBA, 0x8E, 0xA8, 0x3A, 0xFF, 0x24, 0xB8, 0xB6, 0xBE, 0x8D,
        0xE7, 0x62, 0x34, 0x2E, 0x34, 0x7E, 0xAB, 0x2C, 0xAA, 0x68, 0x03, 0xED, 0x70, 0x59, 0x52,
        0xDD, 0x64, 0x50, 0xC5, 0x18, 0x5E, 0x9D, 0x60, 0xCE, 0x96, 0xE8, 0xDC, 0xA4, 0x23, 0xA0,
        0x2F, 0x64, 0x6C, 0xEA, 0x69, 0x01, 0x64, 0xA2, 0x26, 0xE4, 0xC3, 0xD6, 0xA5, 0x15, 0xCE,
        0x16, 0x29, 0x0F, 0x19, 0xB2, 0xC6, 0x26, 0xDA, 0x9B, 0x45, 0x0E, 0xCF, 0x66, 0x50, 0x13,
        0xC5, 0xE2, 0x26, 0xB6, 0xC0, 0xAC, 0x5C, 0x07, 0xCE, 0x90, 0xE2, 0x78, 0xF1, 0xB0, 0x13,
        0x4E, 0x38, 0x5D, 0x13, 0xE7, 0x42, 0x08, 0xA0, 0xB3, 0xFF, 0x05, 0x2A, 0x36, 0x25, 0x79,
        0xF9, 0x20, 0x7E, 0xA0, 0x1F, 0x18, 0xA0, 0x39, 0xAA, 0x1B, 0x97, 0xAE, 0x34, 0x52, 0x67,
        0x5B, 0x62, 0x07, 0x71, 0xF8, 0x01, 0x2E, 0xE7, 0xA4, 0xE5, 0x5C, 0x98, 0xBF, 0xD2, 0x01,
        0x9E, 0xD8, 0xA3, 0xB0, 0x0A, 0xCE, 0xA8, 0xE8, 0xAB, 0x28, 0x17, 0x2F, 0xAA, 0x42, 0xCA,
        0x1F, 0xDA, 0x83, 0xC5, 0xFF, 0xE8, 0x1A, 0x45, 0xBE, 0x73, 0x6B, 0xDE, 0xDD, 0x5F, 0xB3,
        0x00, 0xCE, 0x17, 0x07, 0x8B, 0x38, 0x0F, 0x62, 0x0B, 0xDE, 0xEB, 0xAD, 0x69, 0x36, 0x01,
        0x37, 0x2C, 0x85, 0xEA, 0xCF, 0x79, 0xBC, 0x98, 0xE1, 0xB4, 0x8F, 0x2A, 0xD7, 0xE5, 0xDC,
        0xE4, 0x27, 0x9A, 0x12, 0x95, 0xBB, 0x2B, 0xA6, 0x0A, 0x0C, 0x5E, 0x37, 0x26, 0x64, 0x2D,
        0x23, 0x36, 0xC5, 0xEB, 0x1D, 0x37, 0xC8, 0x62, 0x3C, 0x75, 0x58, 0x24, 0x13, 0x18, 0xD8,
        0x9B, 0xC7, 0x83, 0xC4, 0xF0, 0x00, 0x98, 0x07, 0x74, 0x84, 0x62, 0x3C, 0x21, 0x75, 0x60,
        0xA0, 0xC7, 0xAA, 0xF7, 0x5D, 0xCA, 0xCC, 0xB7, 0x8E, 0xE6, 0x9C, 0x20, 0x7C, 0x27, 0xC8,
        0xBF, 0x39, 0x65, 0xCC, 0xF5, 0x8A, 0x80, 0xC8, 0x8E, 0xFC, 0xC7, 0xE5, 0xDE, 0xB3, 0x61,
        0x5D, 0x50, 0x45, 0xA7, 0x41, 0xC4, 0xDA, 0xC0, 0xA0, 0x21, 0xDD, 0x06, 0x0D, 0x31, 0x5D,
        0x4E, 0xC2, 0x85, 0x7E, 0xB6, 0x64, 0xD7, 0x28, 0xD0, 0xAF, 0x97, 0x3B, 0xEA, 0x07, 0xE1,
        0xCA, 0x56, 0x3F, 0xAA, 0x0E, 0x19, 0x99, 0x6C, 0xEA, 0x37, 0x70, 0x31, 0x6C, 0x11, 0xA5,
        0x06, 0x66, 0x65, 0x66, 0x20, 0x05, 0xAC, 0xE9, 0x8F, 0x61, 0x10, 0xE8, 0x83, 0xBA, 0xE0,
        0x60, 0xDA, 0xA7, 0xB6, 0xD8, 0x33, 0x79, 0xE0, 0x87, 0x87, 0x96, 0x69, 0x17, 0x08, 0xA3,
        0x2B, 0x85, 0x73, 0x0D, 0xE8, 0xB9, 0x2D, 0x89, 0xF9, 0x0A, 0x36, 0x60, 0xC9, 0x49, 0x16,
        0x5B, 0x14, 0x61, 0x25, 0x67, 0x66, 0x2E, 0x16, 0x22, 0x32, 0x29, 0x6C, 0xBD, 0x14, 0x35,
        0x17, 0xA2, 0x82, 0xE2, 0x2C, 0x46, 0xB6, 0x36, 0x06, 0xD3, 0xC1, 0x4E, 0xD4, 0x55, 0x9A,
        0x5A, 0x1C, 0x45, 0x9B, 0xAB, 0x7F, 0x35, 0x50, 0x07, 0xAD, 0x6F, 0x7E, 0x3B, 0x1E, 0x07,
        0x44, 0x5D, 0xFC, 0x96, 0xBD, 0x9B, 0x75, 0x08, 0x0B, 0x3D, 0x4F, 0x68, 0x99, 0x84, 0x90,
        0xA2, 0x6B, 0x5E, 0x09, 0x0B, 0xE2, 0x67, 0x40, 0x71, 0xAB, 0x92, 0x5B, 0xB6, 0x50, 0x59,
        0x08, 0x56, 0xC5, 0x9F, 0x8B, 0xA7, 0x48, 0x8D, 0x2B, 0x72, 0xF8, 0x40, 0xAC, 0x3E, 0xAF,
        0xE4, 0xDD, 0x91, 0xF0, 0xF5, 0x1C, 0x43, 0x64, 0x11, 0x2C, 0x1A, 0x13, 0x9E, 0x3E, 0x94,
        0x2A, 0x59, 0x7B, 0x93, 0xA1, 0xE3, 0xF4, 0xFA, 0xDE, 0xD1, 0x29, 0xC1, 0x4B, 0x59, 0x78,
        0xB3, 0x15, 0xE2, 0x24, 0x6A, 0x93, 0x14, 0x6A, 0x79, 0x36, 0x5F, 0x0F, 0x59, 0x7A, 0x18,
        0x34, 0x0C, 0xCA, 0x86, 0xBB, 0x15, 0xCE, 0xED, 0x39, 0xF1, 0x75, 0xEA, 0xB1, 0xE5, 0x46,
        0x53, 0x5A, 0xFB, 0x96, 0x6F, 0x0A, 0x65, 0xA8, 0xF6, 0x6F, 0x73, 0x7A, 0xB0, 0x28, 0x97,
        0xED, 0xDF, 0xE9, 0x2C, 0xF7, 0x78, 0x68, 0x94, 0x84, 0x3C, 0x26, 0x91, 0x46, 0x47, 0x76,
        0xC9, 0x4B, 0xD4, 0x50, 0xA1, 0x06, 0x91, 0x38, 0xB2, 0x6D, 0xF8, 0x3B, 0x2D, 0x1D, 0xD8,
        0x01, 0x14, 0x3A, 0x8F, 0xDF, 0xDC, 0x25, 0x14, 0xCC, 0x5B, 0x58, 0x31, 0xAB, 0x53, 0xA7,
        0x5C, 0x55, 0xEF, 0x29, 0xF4, 0x0E, 0x7C, 0x63, 0xD2, 0xC7, 0x2A, 0xBE, 0x97, 0xE2, 0xAF,
        0x14, 0x85, 0x3B, 0xE4, 0x9B, 0xE1, 0x6F, 0x47, 0x30, 0xA1, 0x59, 0x97, 0x49, 0x70, 0x95,
        0x14, 0x39, 0xE5, 0x5C, 0x15, 0x89, 0xD0, 0xF4, 0xA1, 0x62, 0xE3, 0x51, 0x7D, 0xF9, 0xD7,
        0xAB, 0xC9, 0x8D, 0x8A, 0x30, 0x72, 0x16, 0xE7, 0xF1, 0xCB, 0x46, 0x27, 0xC9, 0x17, 0x5C,
        0x0E, 0xEF, 0x23, 0x33, 0x7E, 0x56, 0xD5, 0x28, 0x1B, 0x83, 0x72, 0x6F, 0xFF, 0x40, 0xA1,
        0x48, 0xB0, 0xC4, 0x8E, 0x8D, 0xF3, 0x49, 0x6A, 0x21, 0x18, 0xD8, 0x02, 0x19, 0xAE, 0xF8,
        0xF4, 0x0B, 0x29, 0xFB, 0xA1, 0xF2, 0xF7, 0x87, 0x86, 0xB6, 0x7F, 0xFB, 0x7B, 0x7D, 0x47,
        0xD4, 0x06, 0xB7, 0x65, 0xBD, 0x13, 0x66, 0x10, 0xBE, 0xDE, 0xB9, 0x5C, 0xD7, 0x32, 0x1F,
        0x58, 0xF3, 0xB8, 0x36, 0xC9, 0x25, 0x8B, 0xE3, 0x5D, 0x78, 0xB4, 0x98, 0xF3, 0xEF, 0xE1,
        0xDB, 0x2B, 0x24, 0x3D, 0x73, 0x4F, 0xAB, 0x15, 0x9B, 0xAE, 0xD8, 0x80, 0x7C, 0x3C, 0xCC,
        0xF8, 0x3E, 0xB2, 0xEA, 0xF8, 0xA9, 0xAF, 0x01, 0xA5, 0x18, 0xD4, 0x8C, 0x60, 0xE9, 0x1A,
        0x96, 0x81, 0x2A, 0xD6, 0x89, 0xC2, 0xD8, 0x3C, 0xC4, 0xE8, 0xE9, 0xB3, 0x65, 0x04, 0x22,
        0xBE, 0xD6, 0xF1, 0x3C, 0x24, 0xAD, 0xAA, 0xD9, 0x1C, 0x95, 0xB3, 0xE3, 0xCF, 0x35, 0x4F,
        0x0F, 0x6B, 0xC9, 0xEE, 0x89, 0x41, 0xA6, 0xB1, 0x5B, 0x69, 0x75, 0x13, 0x1D, 0x95, 0x23,
        0x3D, 0x89, 0x35, 0xDE, 0x36, 0x7E, 0xFC, 0x6D, 0x86, 0xA4, 0x5D, 0xAC, 0x7D, 0x0F, 0x1D,
        0xDD, 0x9A, 0xEB, 0xD2, 0xC5, 0x9C, 0x02, 0x7F, 0xCD, 0xA4, 0x48, 0x80, 0x1E, 0x93, 0xE7,
        0x33, 0xAC, 0xA5, 0x18, 0x74, 0xBE, 0x9A, 0xB9, 0x27, 0xA9, 0x04, 0xF9, 0x6D, 0xDB, 0x7A,
        0x46, 0xB2, 0xDA, 0x13, 0x26, 0x1D, 0x52, 0x2B, 0x23, 0xC9, 0x50, 0xC0, 0x1D, 0x5F, 0x5E,
        0x11, 0x2B, 0x76, 0xF8, 0x51, 0xFF, 0x23, 0x4F, 0x06, 0xF8, 0xD5, 0xE6, 0x5B, 0x13, 0x19,
        0xAB, 0xCD, 0x79, 0xA1, 0x80, 0xAE, 0x06, 0x3D, 0x65, 0xB2, 0x8C, 0x74, 0x58, 0x78, 0xC0,
        0x6D, 0xBB, 0x69, 0xBA, 0x73, 0x29, 0x3E, 0xAB, 0x34, 0x43, 0x4B, 0xF1, 0xA9, 0x2F, 0xBA,
        0x69, 0x19, 0x93, 0xBD, 0x0F, 0xF3, 0xED, 0xAC, 0x76, 0xA1, 0x2F, 0x80, 0xC0, 0xAD, 0xA4,
        0xB1, 0x96, 0x9C, 0x76, 0x65, 0x58, 0x9D, 0x53, 0x0A, 0x67, 0x01, 0x6A, 0x62, 0x54, 0x03,
        0xC5, 0x37, 0x03, 0x29, 0x04, 0xF2, 0xE1, 0x04, 0x54, 0x7C, 0xD3, 0xEA, 0x40, 0x62, 0x60,
        0xDD, 0x35, 0x7F, 0xA0, 0x6E, 0xA0, 0x12, 0xA7, 0x85, 0x82, 0x6C, 0x16, 0x0E, 0x99, 0xFF,
        0xD0, 0x65, 0xB0, 0xE3, 0xF3, 0x3C, 0x76, 0x89, 0xD3, 0x55, 0x2A, 0xB9, 0xE2, 0xE0, 0x9F,
        0xA7, 0xE5, 0x5B, 0xBC, 0xEF, 0x04, 0x22, 0x42, 0xBC, 0xAC, 0xAD, 0x8A, 0x3D, 0xA4, 0x7B,
        0xCC, 0x54, 0xA1, 0x21, 0xF1, 0x52, 0x6C, 0x8C, 0xD4, 0xCC, 0x5A, 0x89, 0x2A, 0x81, 0x31,
        0xCF, 0x4E, 0xEF, 0xAF, 0x42, 0x48, 0xDD, 0xD6, 0xA1, 0x1E, 0xC4, 0x27, 0xBA, 0x37, 0x8A,
        0xAE, 0x89, 0xAA, 0xF5, 0x82, 0xCE, 0x1F, 0x4E, 0x32, 0x69, 0x0A, 0x55, 0x5E, 0x74, 0x07,
        0x61, 0xD3, 0x58, 0xAD, 0x4E, 0x92, 0xBC, 0x38, 0x41, 0x8A, 0xA7, 0x82, 0xDA, 0x91, 0x65,
        0x24, 0xFB, 0x09, 0xAB, 0x2C, 0xA6, 0xB3, 0xD3, 0x11, 0x3D, 0x6F, 0x2C, 0x2A, 0x6A, 0x9B,
        0x9D, 0x29, 0xD4, 0xE7, 0x48, 0x92, 0x55, 0x25, 0x2A, 0xF0, 0x75, 0xCB, 0xF9, 0xFE, 0xAC,
        0xED, 0xAE, 0x6F, 0x3E, 0xC0, 0xB0, 0x70, 0x82, 0x46, 0x89, 0xDD, 0x3C, 0x78, 0xAC, 0x14,
        0x3E, 0xD6, 0x77, 0x6D, 0x95, 0xDD, 0x8F, 0x13, 0xD4, 0x35, 0xA2, 0x90, 0xBD, 0xCA, 0x4C,
        0x11, 0x31, 0x8E, 0x5A, 0xCC, 0xE0, 0x44, 0x69, 0x64, 0x4E, 0x13, 0x74, 0xA9, 0x45, 0x1B,
        0x62, 0x04, 0xF3, 0xB3, 0x96, 0x1B, 0x7D, 0xD2, 0x39, 0xE3, 0x06, 0xFE, 0xF5, 0xF4, 0xF4,
        0xE5, 0x1B, 0x78, 0xB0, 0xFB, 0x9D, 0xCE, 0xE6, 0x9C, 0x3E, 0x79, 0x0B, 0x23, 0x1F, 0x2E,
        0x65, 0xFD, 0x1A, 0xB1, 0xC2, 0xA7, 0x5B, 0x07, 0x06, 0x7D, 0x5C, 0x16, 0xDD, 0xE0, 0x09,
        0x83, 0xA5, 0x8F, 0xFC, 0xDA, 0xAA, 0xEE, 0x16, 0xD2, 0x74, 0x2E, 0x13, 0x3E, 0xD7, 0x37,
        0xB4, 0x80, 0x64, 0xC8, 0xA3, 0x8E, 0xCA, 0x35, 0xAB, 0x3F, 0xA1, 0x8F, 0x6D, 0x62, 0xF6,
        0x42, 0xB1, 0x2C, 0xFD, 0xC7, 0x98, 0x0F, 0x2A, 0xB7, 0xDB, 0x32, 0x1F, 0xEC, 0x9D, 0xCF,
        0xE4, 0x99, 0xB4, 0xFC, 0x1E, 0xE7, 0xEB, 0x29, 0x79, 0x54, 0x05, 0x66, 0x17, 0xC6, 0x0A,
        0x66, 0x40, 0xB9, 0x28, 0x35, 0xD1, 0x65, 0xC3, 0xC0, 0x0A, 0x95, 0x19, 0x52, 0x61, 0x44,
        0x88, 0xD5, 0x65, 0x7B, 0xA0, 0xB5, 0xE9, 0x0A, 0xE9, 0xE0, 0xEF, 0x7B, 0x3B, 0x9E, 0xCA,
        0xEB, 0xD8, 0x1B, 0x85, 0x51, 0xB6, 0xD7, 0x0E, 0x83, 0x5B, 0x27, 0x34, 0x76, 0x16, 0x39,
        0xD4, 0x2E, 0x76, 0xFF, 0xC5, 0xB3, 0x27, 0x2B, 0x61, 0xC8, 0x96, 0xB4, 0x5B, 0x4B, 0xD1,
        0x8F, 0x30, 0xE5, 0x8C, 0x44, 0x06, 0x43, 0xBA, 0x15, 0x92, 0x21, 0xCC, 0x67, 0x39, 0xA1,
        0x9A, 0x65, 0xF2, 0x91, 0x1F, 0xAE, 0x47, 0xB0, 0xD4, 0xCA, 0xC4, 0x20, 0x0A, 0x6F, 0x04,
        0x3B, 0x17, 0xA0, 0x3A, 0xD3, 0x93, 0xEC, 0xB8, 0x23, 0xED, 0x03, 0xC8, 0xB6, 0xCD, 0x68,
        0x16, 0x7E, 0x6C, 0x82, 0x34, 0xF7, 0x43, 0x25, 0x57, 0xDB, 0x27, 0x20, 0x79, 0xEE, 0x89,
        0x9A, 0xED, 0xE7, 0x3B, 0x6B, 0x98, 0xD6, 0x00, 0x3F, 0x45, 0x78, 0x9A, 0x14, 0x1B, 0x60,
        0xD6, 0xDB, 0x40, 0xCD, 0x2A, 0x59, 0x74, 0x57, 0x1A, 0x4A, 0xD3, 0x66, 0x7B, 0x88, 0x93,
        0x18, 0xBA, 0x60, 0x28, 0x5D, 0x90, 0x3A, 0x2E, 0xAC, 0x01, 0xC2, 0x16, 0x08, 0x83, 0x8C,
        0x40, 0x90, 0x7D, 0xE6, 0xBB, 0xAB, 0xE0, 0x42, 0xCF, 0x2E, 0xCD, 0xD9, 0x7F, 0x54, 0x9F,
        0x95, 0xEC, 0x69, 0x8D, 0x79, 0x22, 0x2C, 0x65, 0xBA, 0x27, 0xC3, 0x0D, 0x33, 0x2A, 0x68,
        0xD0, 0x57, 0xAE, 0xCD, 0xC9, 0x38, 0x8A, 0xA3, 0x43, 0x20, 0xE0, 0xAA, 0x74, 0xFD, 0xBD,
        0x4D, 0x1B, 0x64, 0x3C, 0xAC, 0xE2, 0x16, 0xB6, 0xD8, 0xAD, 0x8F, 0x07, 0xA9, 0x99, 0x55,
        0xBF, 0xDB, 0x74, 0x3A, 0x86, 0xB4, 0x0F, 0xC6, 0x15, 0x27, 0xBA, 0xCA, 0x43, 0x4A, 0xC2,
        0xA7, 0xFB, 0xEA, 0xA7, 0x71, 0x11, 0xDC, 0x80, 0x98, 0xB1, 0x7E, 0x80, 0x0F, 0x59, 0xDD,
        0x77, 0xCC, 0xB0, 0xE6, 0x77, 0x07, 0xE6, 0x01, 0x23, 0xD3, 0x34, 0xE0, 0x73, 0xA2, 0xF5,
        0xA1, 0x6F, 0xFB, 0xCD, 0x70, 0x13, 0x89, 0xAD, 0xD5, 0x7C, 0x3C, 0xEC, 0xCB, 0x88, 0xB2,
        0x86, 0xAC, 0x1E, 0x6E, 0x3E, 0x64, 0x85, 0xAF, 0x1A, 0x12, 0xEA, 0x24, 0x1D, 0x14, 0xA1,
        0xB5, 0x00, 0x3D, 0x7F, 0x3B, 0xC9, 0xE9, 0x57, 0xD4, 0x48, 0x3C, 0x0F, 0x9F, 0x70, 0x3B,
        0x3A, 0x18, 0x7D, 0x55, 0xE5, 0x05, 0x81, 0x76, 0x15, 0xFB, 0xC4, 0xAE, 0x08, 0x37, 0x61,
        0x61, 0x84, 0x24, 0x5C, 0xFB, 0xA6, 0x1C, 0xE3, 0xB9, 0x29, 0xE3, 0x3F, 0x52, 0xB7, 0x1C,
        0xDD, 0x7B, 0x6A, 0x0D, 0xA5, 0x5C, 0x1F, 0x99, 0x75, 0x10, 0xB1, 0xA9, 0x00, 0x2C, 0xA4,
        0xE0, 0x67, 0x83, 0x73, 0xA3, 0xB1, 0xAB, 0x28, 0x97, 0xE6, 0xB4, 0x23, 0xF1, 0x5A, 0x44,
        0x0A, 0x63, 0x6C, 0xC8, 0x61, 0x49, 0x1E, 0xF4, 0x1A, 0xD0, 0xAA, 0x62, 0x7D, 0x8E, 0x19,
        0x8A, 0x5E, 0xE7, 0xBD, 0x7B, 0x6C, 0xB2, 0xC9, 0xCE, 0x2A, 0x8C, 0xC0, 0x15, 0xF0, 0xD2,
        0x06, 0xDE, 0x4C, 0x49, 0xE2, 0xF8, 0x7F, 0x31, 0x09, 0x54, 0xA1, 0x0D, 0x86, 0xE2, 0x94,
        0xF7, 0x42, 0xEE, 0x18, 0x6F, 0x4A, 0xE9, 0x81, 0x5F, 0x69, 0x96, 0x22, 0x79, 0x22, 0x06,
        0xCA, 0xFB, 0xA8, 0xF5, 0x62, 0x17, 0x38, 0x16, 0x0E, 0x6C, 0x5D, 0x61, 0x1A, 0x82, 0x52,
        0xC6, 0xF3, 0x50, 0x85, 0xB6, 0x04, 0xEF, 0x89, 0x51, 0x64, 0xD4, 0xEA, 0x6D, 0xDD, 0x31,
        0x0C, 0x7D, 0x8F, 0x0C, 0x87, 0x9F, 0xB1, 0xF8, 0x84, 0xC5, 0x74, 0x1D, 0x09, 0x6B, 0x3D,
        0x2D, 0xA0, 0xCE, 0x11, 0x51, 0x79, 0x0D, 0xDA, 0x88, 0x1D, 0x18, 0xCB, 0x6B, 0x19, 0xA9,
        0xFE, 0xD6, 0xF5, 0x25, 0x4B, 0x7D, 0x52, 0xD5, 0xD9, 0x2B, 0xBB, 0xE2, 0x4C, 0x9D, 0x6A,
        0x65, 0x60, 0x4A, 0x0B, 0x8E, 0xD2, 0x4A, 0xD5, 0xC1, 0x97, 0xD6, 0x83, 0xF5, 0x98, 0x74,
        0x3C, 0x96, 0xB5, 0x96, 0x0E, 0x87, 0x23, 0x73, 0x2B, 0x5B, 0xD6, 0x47, 0xE9, 0xDB, 0xEA,
        0xA8, 0x51, 0xD0, 0xE1, 0xCF, 0x6D, 0x2C, 0x07, 0x0D, 0x44, 0x42, 0x76, 0x2C, 0x28, 0x09,
        0x8C, 0x5C, 0xF5, 0xA5, 0x4B, 0x2B, 0x5E, 0x69, 0xA9, 0x9B, 0x10, 0x81, 0x5B, 0xF0, 0xF4,
        0x77, 0xBB, 0x71, 0xF0, 0xD5, 0xD3, 0xA6, 0x2B, 0xA2, 0xB3, 0xE2, 0x9B, 0xF8, 0x4D, 0x4B,
        0x4E, 0x57, 0x47, 0x07, 0xF5, 0xF7, 0x4A, 0xF7, 0x04, 0xD2, 0x77, 0xBD, 0x6C, 0xA3, 0x8D,
        0xA2, 0x1E, 0x2C, 0xDA, 0xC5, 0x49, 0xE5, 0xEA, 0xE1, 0xDE, 0x7A, 0x18, 0xEE, 0x53, 0x4C,
        0x8C, 0x22, 0x91, 0xC9, 0x08, 0xCA, 0xAB, 0xF1, 0x59, 0xE9, 0x0E, 0x65, 0x49, 0xDB, 0x94,
        0xBA, 0x7A, 0x3F, 0x3D, 0x97, 0xDD, 0x39, 0x8A, 0x75, 0xDF, 0x5B, 0x1A, 0x7C, 0xDF, 0xB2,
        0x54, 0x10, 0xB7, 0xEF, 0xC4, 0xED, 0x00, 0xD9, 0x99, 0x5B, 0x37, 0xB5, 0x8B, 0xF9, 0x1E,
        0xD7, 0xA3, 0x51, 0x0C, 0xFF, 0xEA, 0x82, 0xF9, 0xE1, 0xC2, 0xA3, 0x29, 0x04, 0x06, 0x00,
        0x4D, 0x09, 0x05, 0x7D, 0x63, 0xB7, 0x70, 0xFA, 0x0E, 0x53, 0x10, 0x31, 0x99, 0x54, 0x4E,
        0xBA, 0x66, 0x2A, 0x2C, 0x30, 0x2C, 0xF3, 0x90, 0x08, 0xF1, 0x42, 0xD2, 0xB1, 0x69, 0x63,
        0xE9, 0x5A, 0xB1, 0x0B, 0xE7, 0xC2, 0x61, 0x01, 0x68, 0x60, 0x8F, 0x35, 0x3A, 0x2F, 0x2C,
        0x41, 0xC7, 0x05, 0x6D, 0xEC, 0x1A, 0x8C, 0x7A, 0x6B, 0xFA, 0x00, 0x27, 0xF9, 0xDE, 0xDA,
        0xCB, 0x77, 0x86, 0xB6, 0x7E, 0xA2, 0xC4, 0x94, 0xD4, 0x3B, 0xA8, 0x51, 0xCF, 0x94, 0x15,
        0xC1, 0xBC, 0xC5, 0x2F, 0x02, 0x7E, 0xC0, 0x2C, 0x65, 0x53, 0x4F, 0x60, 0x8E, 0x9D, 0x16,
        0x6D, 0x51, 0xDD, 0x43, 0x1C, 0xDF, 0x58, 0x71, 0xF5, 0xCD, 0xD1, 0x57, 0x9C, 0xC0, 0x60,
        0x79, 0xDF, 0x07, 0x5A, 0x25, 0x06, 0x2B, 0xA7, 0xE7, 0x0D, 0x96, 0x66, 0xC4, 0xE7, 0xFE,
        0xD3, 0x4C, 0xEA, 0x0E, 0xA0, 0xF1, 0x1A, 0xDE, 0x1E, 0xB2, 0xA9, 0xB3, 0x97, 0xBC, 0xAA,
        0xAD, 0x10, 0x61, 0x27, 0x0E, 0xCF, 0x49, 0x78, 0x03, 0xA5, 0xFC, 0xE7, 0xF4, 0x1E, 0x65,
        0x04, 0xFB, 0xEC, 0x71, 0xA7, 0xDE, 0x7D, 0x06, 0x6B, 0x82, 0x61, 0x86, 0x8A, 0xFC, 0x49,
        0xB9, 0xE6, 0x85, 0xF0, 0xDC, 0xCE, 0x75, 0xE2, 0xFC, 0xB3, 0xBA, 0x8C, 0xF1, 0x90, 0x57,
        0xE3, 0x94, 0x15, 0x76, 0xBA, 0xF5, 0x8F, 0xB8, 0x21, 0xBD, 0x42, 0x68, 0xF7, 0xFA, 0xE3,
        0x02, 0x86, 0x01, 0xDA, 0x02, 0x2E, 0x9B, 0x46, 0x86, 0x46, 0xAB, 0xDB, 0x4F, 0xA6, 0x09,
        0x8A, 0x44, 0x9B, 0x42, 0x67, 0xD5, 0x09, 0xD9, 0xA3, 0x3F, 0x4C, 0x3E, 0xBC, 0xC3, 0x2D,
        0xAC, 0x09, 0x4D, 0x48, 0xED, 0x60, 0x0E, 0x76, 0x57, 0x87, 0xFB, 0x92, 0xB1, 0x97, 0x4F,
        0x74, 0xF7, 0xBB, 0x4C, 0x66, 0xEB, 0x2B, 0xBD, 0x02, 0x89, 0x5E, 0x6A, 0x38, 0x1C, 0x1C,
        0x45, 0x2E, 0xAA, 0xB1, 0xAE, 0x47, 0x31, 0xCF, 0x63, 0x2F, 0x61, 0xAE, 0x2C, 0x90, 0x59,
        0x21, 0x17, 0x4A, 0x3B, 0xC9, 0xBB, 0x4C, 0xDC, 0x89, 0xD6, 0x30, 0x26, 0x4B, 0x61, 0x49,
        0x88, 0xF3, 0xAB, 0xBE, 0xA1, 0xBD, 0x61, 0x7F, 0xFA, 0x53, 0xD7, 0x1B, 0x7D, 0x8A, 0x37,
        0x14, 0x62, 0xB7, 0x73, 0x35, 0x1A, 0x2D, 0xCC, 0xAE, 0xDD, 0x7F, 0x59, 0xCD, 0x72, 0x8F,
        0xAD, 0xEE, 0x05, 0x90, 0x67, 0xBD, 0x80, 0xC9, 0x4C, 0x8C, 0x9A, 0x1F, 0xFC, 0xA2, 0xDC,
        0x4F, 0x84, 0x8B, 0x82, 0x9C, 0x05, 0x61, 0x38, 0x5A, 0xA8, 0x2C, 0xC9, 0x85, 0x03, 0xD0,
        0xBB, 0x66, 0xA6, 0xAA, 0x4F, 0xAE, 0x07, 0x03, 0xD1, 0x2E, 0x60, 0xE1, 0x46, 0x0E, 0xFB,
        0xBC, 0xDF, 0x24, 0x12, 0xC1, 0x3E, 0x7C, 0x68, 0x4D, 0x1B, 0x01, 0x10, 0x20, 0x26, 0x34,
        0x3A, 0x41, 0x43, 0x44, 0x58, 0x5F, 0x6E, 0x70, 0x72, 0x74, 0x8B, 0xAE, 0xB5, 0xBB, 0xC6,
        0xD1, 0xE2, 0xEF, 0xFB, 0xFE, 0x06, 0x0E, 0x2E, 0x3E, 0x51, 0x60, 0x79, 0x7C, 0x9E, 0xA6,
        0xBA, 0xC7, 0xF1, 0x10, 0x24, 0x40, 0x4A, 0x52, 0x57, 0x5F, 0x6C, 0x89, 0x8C, 0x97, 0xAA,
        0xB2, 0xC3, 0xCC, 0xEA, 0xF2, 0x2F, 0x3F, 0x53, 0x5F, 0x7B, 0x81, 0x83, 0x96, 0xA1, 0xB1,
        0xBC, 0xE6, 0x00, 0x00, 0x00, 0x00, 0x00, 0x00, 0x00, 0x00, 0x00, 0x00, 0x00, 0x00, 0x00,
        0x00, 0x18, 0x25, 0x36, 0x42,
    ];

    measure(|| {
        let pk_expanded = MLDSA44PublicKeyExpanded::from(&mldsa44_pk);
        if MLDSA44::verify_with_expanded_key(&pk_expanded, msg, None, &sig).is_ok() {
            println!("Verification succeeded!");
        } else {
            panic!("Verification failed! -- figure that out");
        }
    });
}

/// Loads the public key for the matching verify bench. See [`load_mldsa44_sk`] for why this is
/// `#[inline(never)]`.
#[inline(never)]
fn load_mldsa44_lowmemory_pk() -> bouncycastle::mldsa_lowmemory::MLDSA44PublicKey {
    use bouncycastle::mldsa_lowmemory::MLDSA44PublicKey;

    MLDSA44PublicKey::from_bytes(&[
        0xD7, 0xB2, 0xB4, 0x72, 0x54, 0xAA, 0xE0, 0xDB, 0x45, 0xE7, 0x93, 0x0D, 0x4A, 0x98, 0xD2,
        0xC9, 0x7D, 0x8F, 0x13, 0x97, 0xD1, 0x78, 0x9D, 0xAF, 0xA1, 0x70, 0x24, 0xB3, 0x16, 0xE9,
        0xBE, 0xC9, 0x4F, 0xC9, 0x94, 0x6D, 0x42, 0xF1, 0x9B, 0x79, 0xA7, 0x41, 0x3B, 0xBA, 0xA3,
        0x3E, 0x71, 0x49, 0xCB, 0x42, 0xED, 0x51, 0x15, 0x69, 0x3A, 0xC0, 0x41, 0xFA, 0xCB, 0x98,
        0x8A, 0xDE, 0xB5, 0xFE, 0x0E, 0x1D, 0x86, 0x31, 0x18, 0x49, 0x95, 0xB5, 0x92, 0xC3, 0x97,
        0xD2, 0x29, 0x4E, 0x2E, 0x14, 0xF9, 0x0A, 0xA4, 0x14, 0xBA, 0x38, 0x26, 0x89, 0x9A, 0xC4,
        0x3F, 0x4C, 0xCC, 0xAC, 0xBC, 0x26, 0xE9, 0xA8, 0x32, 0xB9, 0x51, 0x18, 0xD5, 0xCB, 0x43,
        0x3C, 0xBE, 0xF9, 0x66, 0x0B, 0x00, 0x13, 0x8E, 0x08, 0x17, 0xF6, 0x1E, 0x76, 0x2C, 0xA2,
        0x74, 0xC3, 0x6A, 0xD5, 0x54, 0xEB, 0x22, 0xAA, 0xC1, 0x16, 0x2E, 0x4A, 0xB0, 0x1A, 0xCB,
        0xA1, 0xE3, 0x8C, 0x4E, 0xFD, 0x8F, 0x80, 0xB6, 0x5B, 0x33, 0x3D, 0x0F, 0x72, 0xE5, 0x5D,
        0xFE, 0x71, 0xCE, 0x9C, 0x1E, 0xBB, 0x98, 0x89, 0xE7, 0xC5, 0x61, 0x06, 0xC0, 0xFD, 0x73,
        0x80, 0x3A, 0x2A, 0xEC, 0xFE, 0xAF, 0xDE, 0xD7, 0xAA, 0x3C, 0xB2, 0xCE, 0xDA, 0x54, 0xD1,
        0x2B, 0xD8, 0xCD, 0x36, 0xA7, 0x8C, 0xF9, 0x75, 0x94, 0x3B, 0x47, 0xAB, 0xD2, 0x5E, 0x88,
        0x0A, 0xC4, 0x52, 0xE5, 0x74, 0x2E, 0xD1, 0xE8, 0xD1, 0xA8, 0x2A, 0xFA, 0x86, 0xE5, 0x90,
        0xC7, 0x58, 0xC1, 0x5A, 0xE4, 0xD2, 0x84, 0x0D, 0x92, 0xBC, 0xA1, 0xA5, 0x09, 0x0F, 0x40,
        0x49, 0x65, 0x97, 0xFC, 0xA7, 0xD8, 0xB9, 0x51, 0x3F, 0x1A, 0x1B, 0xDA, 0x6E, 0x95, 0x0A,
        0xAA, 0x98, 0xDE, 0x46, 0x75, 0x07, 0xD4, 0xA4, 0xF5, 0xA4, 0xF0, 0x59, 0x92, 0x16, 0x58,
        0x2C, 0x35, 0x72, 0xF6, 0x2E, 0xDA, 0x89, 0x05, 0xAB, 0x35, 0x81, 0x67, 0x0C, 0x4A, 0x02,
        0x77, 0x7A, 0x33, 0xE0, 0xCA, 0x72, 0x95, 0xFD, 0x8F, 0x4F, 0xF6, 0xD1, 0xA0, 0xA3, 0xA7,
        0x68, 0x3D, 0x65, 0xF5, 0xF5, 0xF7, 0xFC, 0x60, 0xDA, 0x02, 0x3E, 0x82, 0x6C, 0x5F, 0x92,
        0x14, 0x4C, 0x02, 0xF7, 0xD1, 0xBA, 0x10, 0x75, 0x98, 0x75, 0x53, 0xEA, 0x93, 0x67, 0xFC,
        0xD7, 0x6D, 0x99, 0x0B, 0x7F, 0xA9, 0x9C, 0xD4, 0x5A, 0xFD, 0xB8, 0x83, 0x6D, 0x43, 0xE4,
        0x59, 0xF5, 0x18, 0x7D, 0xF0, 0x58, 0x47, 0x97, 0x09, 0xA0, 0x1E, 0xA6, 0x83, 0x59, 0x35,
        0xFA, 0x70, 0x46, 0x09, 0x90, 0xCD, 0x3D, 0xC1, 0xBA, 0x40, 0x1B, 0xA9, 0x4B, 0xAB, 0x1D,
        0xDE, 0x41, 0xAC, 0x67, 0xAB, 0x33, 0x19, 0xDC, 0xAC, 0xA0, 0x60, 0x48, 0xD4, 0xC4, 0xEE,
        0xF2, 0x7E, 0xE1, 0x3A, 0x9C, 0x17, 0xD0, 0x53, 0x8F, 0x43, 0x0F, 0x2D, 0x64, 0x2D, 0xC2,
        0x41, 0x56, 0x60, 0xDE, 0x78, 0x87, 0x7D, 0x8D, 0x8A, 0xBC, 0x72, 0x52, 0x39, 0x78, 0xC0,
        0x42, 0xE4, 0x28, 0x5F, 0x43, 0x19, 0x84, 0x6C, 0x44, 0x12, 0x62, 0x42, 0x97, 0x68, 0x44,
        0xC1, 0x0E, 0x55, 0x6B, 0xA2, 0x15, 0xB5, 0xA7, 0x19, 0xE5, 0x9D, 0x0C, 0x6B, 0x2A, 0x96,
        0xD3, 0x98, 0x59, 0x07, 0x1F, 0xDC, 0xC2, 0xCD, 0xE7, 0x52, 0x4A, 0x7B, 0xED, 0xAE, 0x54,
        0xE8, 0x5B, 0x31, 0x8E, 0x85, 0x4E, 0x8F, 0xE2, 0xB2, 0xF3, 0xED, 0xFA, 0xC9, 0x71, 0x91,
        0x28, 0x27, 0x0A, 0xAF, 0xD1, 0xE5, 0x04, 0x4C, 0x3A, 0x4F, 0xDA, 0xFD, 0x9F, 0xF3, 0x1F,
        0x90, 0x78, 0x4B, 0x8E, 0x8E, 0x45, 0x96, 0x14, 0x4A, 0x0D, 0xAF, 0x58, 0x65, 0x11, 0xD3,
        0xD9, 0x96, 0x2B, 0x9E, 0xA9, 0x5A, 0xF1, 0x97, 0xB4, 0xE5, 0xFC, 0x60, 0xF2, 0xB1, 0xED,
        0x15, 0xDE, 0x3A, 0x5B, 0xEF, 0x5F, 0x89, 0xBD, 0xC7, 0x9D, 0x91, 0x05, 0x1D, 0x9B, 0x28,
        0x16, 0xE7, 0x4F, 0xA5, 0x45, 0x31, 0xEF, 0xDC, 0x1C, 0xBE, 0x74, 0xD4, 0x48, 0x85, 0x7F,
        0x47, 0x6B, 0xCD, 0x58, 0xF2, 0x1C, 0x0B, 0x65, 0x3B, 0x3B, 0x76, 0xA4, 0xE0, 0x76, 0xA6,
        0x55, 0x9A, 0x30, 0x27, 0x18, 0x55, 0x5C, 0xC6, 0x3F, 0x74, 0x85, 0x9A, 0xAB, 0xAB, 0x92,
        0x5F, 0x02, 0x38, 0x61, 0xCA, 0x8C, 0xD0, 0xF7, 0xBA, 0xDB, 0x28, 0x71, 0xF6, 0x7D, 0x55,
        0x32, 0x6D, 0x74, 0x51, 0x13, 0x5A, 0xD4, 0x5F, 0x4A, 0x1B, 0xA6, 0x91, 0x18, 0xFB, 0xB2,
        0xC8, 0xA3, 0x0E, 0xEC, 0x93, 0x92, 0xEF, 0x3F, 0x97, 0x70, 0x66, 0xC9, 0xAD, 0xD5, 0xC7,
        0x10, 0xCC, 0x64, 0x7B, 0x15, 0x14, 0xD2, 0x17, 0xD9, 0x58, 0xC7, 0x01, 0x7C, 0x3E, 0x90,
        0xFD, 0x20, 0xC0, 0x4E, 0x67, 0x4B, 0x90, 0x48, 0x6E, 0x93, 0x70, 0xA3, 0x1A, 0x00, 0x1D,
        0x32, 0xF4, 0x73, 0x97, 0x9E, 0x49, 0x06, 0x74, 0x9E, 0x7E, 0x47, 0x7F, 0xA0, 0xB7, 0x45,
        0x08, 0xF8, 0xA5, 0xF2, 0x37, 0x83, 0x12, 0xB8, 0x3C, 0x25, 0xBD, 0x38, 0x8C, 0xA0, 0xB0,
        0xFF, 0xF7, 0x47, 0x8B, 0xAF, 0x42, 0xB7, 0x16, 0x67, 0xED, 0xAA, 0xC9, 0x7C, 0x46, 0xB1,
        0x29, 0x64, 0x3E, 0x58, 0x6E, 0x5B, 0x05, 0x5A, 0x0C, 0x21, 0x19, 0x46, 0xD4, 0xF3, 0x6E,
        0x67, 0x5B, 0xED, 0x58, 0x60, 0xFA, 0x04, 0x2A, 0x31, 0x5D, 0x98, 0x26, 0x16, 0x4D, 0x6A,
        0x92, 0x37, 0xC3, 0x5A, 0x5F, 0xBF, 0x49, 0x54, 0x90, 0xA5, 0xBD, 0x4D, 0xF2, 0x48, 0xB9,
        0x5C, 0x4A, 0xAE, 0x77, 0x84, 0xB6, 0x05, 0x67, 0x31, 0x66, 0xAC, 0x42, 0x45, 0xB5, 0xB4,
        0xB0, 0x82, 0xA0, 0x9E, 0x93, 0x23, 0xE6, 0x2F, 0x20, 0x78, 0xC5, 0xB7, 0x67, 0x83, 0x44,
        0x6D, 0xEF, 0xD7, 0x36, 0xAD, 0x3A, 0x37, 0x02, 0xD4, 0x9B, 0x08, 0x98, 0x44, 0x90, 0x0A,
        0x61, 0x83, 0x33, 0x97, 0xBC, 0x44, 0x19, 0xB3, 0x0D, 0x7A, 0x97, 0xA0, 0xB3, 0x87, 0xC1,
        0x91, 0x14, 0x74, 0xC4, 0xD4, 0x1B, 0x53, 0xE3, 0x2A, 0x97, 0x7A, 0xCB, 0x6F, 0x0E, 0xA7,
        0x5D, 0xB6, 0x5B, 0xB3, 0x9E, 0x59, 0xE7, 0x01, 0xE7, 0x69, 0x57, 0xDE, 0xF6, 0xF2, 0xD4,
        0x45, 0x59, 0xC3, 0x1A, 0x77, 0x12, 0x2B, 0x52, 0x04, 0xE3, 0xB5, 0xC2, 0x19, 0xF1, 0x68,
        0x8B, 0x14, 0xED, 0x0B, 0xC0, 0xB8, 0x01, 0xB3, 0xE6, 0xE8, 0x2D, 0xCD, 0x43, 0xE9, 0xC0,
        0xE9, 0xF4, 0x17, 0x44, 0xCD, 0x98, 0x15, 0xBD, 0x1B, 0xC8, 0x82, 0x0D, 0x8B, 0xB1, 0x23,
        0xF0, 0x4F, 0xAC, 0xD1, 0xB1, 0xB6, 0x85, 0xDD, 0x5A, 0x2B, 0x1B, 0x8D, 0xBB, 0xF3, 0xED,
        0x93, 0x36, 0x70, 0xF0, 0x95, 0xA1, 0x80, 0xB4, 0xF1, 0x92, 0xD0, 0x8B, 0x10, 0xB8, 0xFA,
        0xBB, 0xDF, 0xCC, 0x2B, 0x24, 0x51, 0x8E, 0x32, 0xEE, 0xA0, 0xA5, 0xE0, 0xC9, 0x04, 0xCA,
        0x84, 0x47, 0x80, 0x08, 0x3F, 0x3B, 0x0C, 0xD2, 0xD0, 0xB8, 0xB6, 0xAF, 0x67, 0xBC, 0x35,
        0x5B, 0x94, 0x94, 0x02, 0x5D, 0xC7, 0xB0, 0xA7, 0x8F, 0xA8, 0x0E, 0x3A, 0x2D, 0xBF, 0xEB,
        0x51, 0x32, 0x88, 0x51, 0xD6, 0x07, 0x81, 0x98, 0xE9, 0x49, 0x36, 0x51, 0xAE, 0x78, 0x7E,
        0xC0, 0x25, 0x1F, 0x92, 0x2B, 0xA3, 0x0E, 0x9F, 0x51, 0xDF, 0x62, 0xA6, 0xD7, 0x27, 0x84,
        0xCF, 0x3D, 0xD2, 0x05, 0x39, 0x31, 0x76, 0xDF, 0xA3, 0x24, 0xA5, 0x12, 0xBD, 0x94, 0x97,
        0x0A, 0x36, 0xDD, 0x34, 0xA5, 0x14, 0xA8, 0x67, 0x91, 0xF0, 0xEB, 0x36, 0xF0, 0x14, 0x5B,
        0x09, 0xAB, 0x64, 0x65, 0x1B, 0x4A, 0x03, 0x13, 0xB2, 0x99, 0x61, 0x1A, 0x2A, 0x1C, 0x48,
        0x89, 0x16, 0x27, 0x59, 0x87, 0x68, 0xA3, 0x11, 0x40, 0x60, 0xBA, 0x44, 0x43, 0x48, 0x6D,
        0xF5, 0x15, 0x22, 0xA1, 0xCE, 0x88, 0xB3, 0x09, 0x85, 0xC2, 0x16, 0xF8, 0xE6, 0xED, 0x17,
        0x8D, 0xD5, 0x67, 0xB3, 0x04, 0xA0, 0xD4, 0xCA, 0xFB, 0xA8, 0x82, 0xA2, 0x83, 0x42, 0xF1,
        0x7A, 0x9A, 0xA2, 0x6A, 0xE5, 0x8D, 0xB6, 0x30, 0x08, 0x3D, 0x2C, 0x35, 0x8F, 0xDF, 0x56,
        0x6C, 0x3F, 0x5D, 0x62, 0xA4, 0x28, 0x56, 0x7B, 0xC9, 0xEA, 0x8C, 0xE9, 0x5C, 0xAA, 0x0F,
        0x35, 0x47, 0x4B, 0x0B, 0xFA, 0x8F, 0x33, 0x9A, 0x25, 0x0A, 0xB4, 0xDF, 0xCF, 0x20, 0x83,
        0xBE, 0x8E, 0xEF, 0xBC, 0x10, 0x55, 0xE1, 0x8F, 0xE1, 0x53, 0x70, 0xEE, 0xCB, 0x26, 0x05,
        0x66, 0xD8, 0x3F, 0xF0, 0x6B, 0x21, 0x1A, 0xAE, 0xC4, 0x3C, 0xA2, 0x9B, 0x54, 0xCC, 0xD0,
        0x0F, 0x88, 0x15, 0xA2, 0x46, 0x5E, 0xF0, 0xB4, 0x65, 0x15, 0xCC, 0x7E, 0x41, 0xF3, 0x12,
        0x4F, 0x09, 0xEF, 0xFF, 0x73, 0x93, 0x09, 0xAB, 0x58, 0xB2, 0x9A, 0x14, 0x59, 0xA0, 0x0B,
        0xCE, 0x50, 0x38, 0xE9, 0x38, 0xC9, 0x67, 0x8F, 0x72, 0xEB, 0x0E, 0x4E, 0xE5, 0xFD, 0xAA,
        0xE6, 0x6D, 0x9F, 0x85, 0x73, 0xFC, 0x97, 0xFC, 0x42, 0xB4, 0x95, 0x9F, 0x4B, 0xF8, 0xB6,
        0x1D, 0x78, 0x43, 0x3E, 0x86, 0xB0, 0x33, 0x5D, 0x6E, 0x91, 0x91, 0xC4, 0xD8, 0xBF, 0x48,
        0x7B, 0x39, 0x05, 0xC1, 0x08, 0xCF, 0xD6, 0xAC, 0x24, 0xB0, 0xCE, 0xB7, 0xDC, 0xB7, 0xCF,
        0x51, 0xF8, 0x4D, 0x0E, 0xD6, 0x87, 0xB9, 0x5E, 0xAE, 0xB1, 0xC5, 0x33, 0xC0, 0x6F, 0x0D,
        0x97, 0x02, 0x3D, 0x92, 0xA7, 0x08, 0x25, 0x83, 0x7B, 0x59, 0xBA, 0x6C, 0xB7, 0xD4, 0xE5,
        0x6B, 0x0A, 0x87, 0xC2, 0x03, 0x86, 0x2A, 0xE8, 0xF3, 0x15, 0xBA, 0x59, 0x25, 0xE8, 0xED,
        0xEF, 0xA6, 0x79, 0x36, 0x9A, 0x22, 0x02, 0x76, 0x61, 0x51, 0xF1, 0x6A, 0x96, 0x5F, 0x9F,
        0x81, 0xEC, 0xE7, 0x6C, 0xC0, 0x70, 0xB5, 0x58, 0x69, 0xE4, 0xDB, 0x97, 0x84, 0xCF, 0x05,
        0xC8, 0x30, 0xB3, 0x24, 0x2C, 0x83, 0x12,
    ])
    .unwrap()
}

fn bench_mldsa44_lowmemory_verify() {
    use bouncycastle::mldsa_lowmemory::{MLDSA44, MLDSA44_SIG_LEN, MLDSATrait};

    eprintln!("MLDSA44_lowmemory/Verify");

    let msg = b"The quick brown fox jumped over the lazy dog";

    /* One-time setup of the KAT -- commented out so that keygen is not captured in the bench */
    // let seed = KeyMaterial256::from_bytes_as_type(
    //     &[0x00,0x01,0x02,0x03,0x04,0x05,0x06,0x07,0x08,0x09,0x0a,0x0b,0x0c,0x0d,0x0e,0x0f,0x10,0x11,0x12,0x13,0x14,0x15,0x16,0x17,0x18,0x19,0x1a,0x1b,0x1c,0x1d,0x1e,0x1f],
    //     KeyType::Seed,
    // ).unwrap();
    //
    // let (mldsa44_pk, _mldsa44_sk) = MLDSA44::keygen_from_seed(&seed).unwrap();

    // eprintln!("pk:\n{}", &*hex::encode(&mldsa44_pk.encode()));
    // let mu = MLDSA44::compute_mu_from_sk(&mldsa44_sk, msg, None).unwrap();
    // let sig = MLDSA44::sign_mu_deterministic(&mldsa44_sk, &mu, [0u8; 32]).unwrap();
    // eprintln!("sig:\n{}", &*hex::encode(sig));

    let pk = load_mldsa44_lowmemory_pk();
    let sig: [u8; MLDSA44_SIG_LEN] = [
        0x5E, 0x93, 0xB7, 0x85, 0xC5, 0x11, 0x9C, 0x39, 0x83, 0xA2, 0x91, 0xB1, 0x84, 0x20, 0xFD,
        0xBE, 0x4B, 0xCA, 0x53, 0xD5, 0xA3, 0x73, 0x29, 0x22, 0xFA, 0xAA, 0xCD, 0x5A, 0x5D, 0x32,
        0xA7, 0x45, 0xC7, 0x8D, 0x10, 0x5B, 0xA1, 0x0B, 0xEE, 0x1E, 0xD8, 0x06, 0x9F, 0x19, 0xE6,
        0xC5, 0x37, 0xBD, 0xA1, 0x6E, 0x89, 0xD3, 0x90, 0x04, 0xC3, 0x59, 0xD1, 0xFD, 0x38, 0x1A,
        0x02, 0x91, 0xF1, 0xC5, 0x1F, 0x1C, 0x38, 0xED, 0xCD, 0xB3, 0x15, 0xC8, 0xC6, 0x95, 0x70,
        0xD8, 0xF2, 0x5F, 0x16, 0x55, 0xBA, 0x8E, 0xA8, 0x3A, 0xFF, 0x24, 0xB8, 0xB6, 0xBE, 0x8D,
        0xE7, 0x62, 0x34, 0x2E, 0x34, 0x7E, 0xAB, 0x2C, 0xAA, 0x68, 0x03, 0xED, 0x70, 0x59, 0x52,
        0xDD, 0x64, 0x50, 0xC5, 0x18, 0x5E, 0x9D, 0x60, 0xCE, 0x96, 0xE8, 0xDC, 0xA4, 0x23, 0xA0,
        0x2F, 0x64, 0x6C, 0xEA, 0x69, 0x01, 0x64, 0xA2, 0x26, 0xE4, 0xC3, 0xD6, 0xA5, 0x15, 0xCE,
        0x16, 0x29, 0x0F, 0x19, 0xB2, 0xC6, 0x26, 0xDA, 0x9B, 0x45, 0x0E, 0xCF, 0x66, 0x50, 0x13,
        0xC5, 0xE2, 0x26, 0xB6, 0xC0, 0xAC, 0x5C, 0x07, 0xCE, 0x90, 0xE2, 0x78, 0xF1, 0xB0, 0x13,
        0x4E, 0x38, 0x5D, 0x13, 0xE7, 0x42, 0x08, 0xA0, 0xB3, 0xFF, 0x05, 0x2A, 0x36, 0x25, 0x79,
        0xF9, 0x20, 0x7E, 0xA0, 0x1F, 0x18, 0xA0, 0x39, 0xAA, 0x1B, 0x97, 0xAE, 0x34, 0x52, 0x67,
        0x5B, 0x62, 0x07, 0x71, 0xF8, 0x01, 0x2E, 0xE7, 0xA4, 0xE5, 0x5C, 0x98, 0xBF, 0xD2, 0x01,
        0x9E, 0xD8, 0xA3, 0xB0, 0x0A, 0xCE, 0xA8, 0xE8, 0xAB, 0x28, 0x17, 0x2F, 0xAA, 0x42, 0xCA,
        0x1F, 0xDA, 0x83, 0xC5, 0xFF, 0xE8, 0x1A, 0x45, 0xBE, 0x73, 0x6B, 0xDE, 0xDD, 0x5F, 0xB3,
        0x00, 0xCE, 0x17, 0x07, 0x8B, 0x38, 0x0F, 0x62, 0x0B, 0xDE, 0xEB, 0xAD, 0x69, 0x36, 0x01,
        0x37, 0x2C, 0x85, 0xEA, 0xCF, 0x79, 0xBC, 0x98, 0xE1, 0xB4, 0x8F, 0x2A, 0xD7, 0xE5, 0xDC,
        0xE4, 0x27, 0x9A, 0x12, 0x95, 0xBB, 0x2B, 0xA6, 0x0A, 0x0C, 0x5E, 0x37, 0x26, 0x64, 0x2D,
        0x23, 0x36, 0xC5, 0xEB, 0x1D, 0x37, 0xC8, 0x62, 0x3C, 0x75, 0x58, 0x24, 0x13, 0x18, 0xD8,
        0x9B, 0xC7, 0x83, 0xC4, 0xF0, 0x00, 0x98, 0x07, 0x74, 0x84, 0x62, 0x3C, 0x21, 0x75, 0x60,
        0xA0, 0xC7, 0xAA, 0xF7, 0x5D, 0xCA, 0xCC, 0xB7, 0x8E, 0xE6, 0x9C, 0x20, 0x7C, 0x27, 0xC8,
        0xBF, 0x39, 0x65, 0xCC, 0xF5, 0x8A, 0x80, 0xC8, 0x8E, 0xFC, 0xC7, 0xE5, 0xDE, 0xB3, 0x61,
        0x5D, 0x50, 0x45, 0xA7, 0x41, 0xC4, 0xDA, 0xC0, 0xA0, 0x21, 0xDD, 0x06, 0x0D, 0x31, 0x5D,
        0x4E, 0xC2, 0x85, 0x7E, 0xB6, 0x64, 0xD7, 0x28, 0xD0, 0xAF, 0x97, 0x3B, 0xEA, 0x07, 0xE1,
        0xCA, 0x56, 0x3F, 0xAA, 0x0E, 0x19, 0x99, 0x6C, 0xEA, 0x37, 0x70, 0x31, 0x6C, 0x11, 0xA5,
        0x06, 0x66, 0x65, 0x66, 0x20, 0x05, 0xAC, 0xE9, 0x8F, 0x61, 0x10, 0xE8, 0x83, 0xBA, 0xE0,
        0x60, 0xDA, 0xA7, 0xB6, 0xD8, 0x33, 0x79, 0xE0, 0x87, 0x87, 0x96, 0x69, 0x17, 0x08, 0xA3,
        0x2B, 0x85, 0x73, 0x0D, 0xE8, 0xB9, 0x2D, 0x89, 0xF9, 0x0A, 0x36, 0x60, 0xC9, 0x49, 0x16,
        0x5B, 0x14, 0x61, 0x25, 0x67, 0x66, 0x2E, 0x16, 0x22, 0x32, 0x29, 0x6C, 0xBD, 0x14, 0x35,
        0x17, 0xA2, 0x82, 0xE2, 0x2C, 0x46, 0xB6, 0x36, 0x06, 0xD3, 0xC1, 0x4E, 0xD4, 0x55, 0x9A,
        0x5A, 0x1C, 0x45, 0x9B, 0xAB, 0x7F, 0x35, 0x50, 0x07, 0xAD, 0x6F, 0x7E, 0x3B, 0x1E, 0x07,
        0x44, 0x5D, 0xFC, 0x96, 0xBD, 0x9B, 0x75, 0x08, 0x0B, 0x3D, 0x4F, 0x68, 0x99, 0x84, 0x90,
        0xA2, 0x6B, 0x5E, 0x09, 0x0B, 0xE2, 0x67, 0x40, 0x71, 0xAB, 0x92, 0x5B, 0xB6, 0x50, 0x59,
        0x08, 0x56, 0xC5, 0x9F, 0x8B, 0xA7, 0x48, 0x8D, 0x2B, 0x72, 0xF8, 0x40, 0xAC, 0x3E, 0xAF,
        0xE4, 0xDD, 0x91, 0xF0, 0xF5, 0x1C, 0x43, 0x64, 0x11, 0x2C, 0x1A, 0x13, 0x9E, 0x3E, 0x94,
        0x2A, 0x59, 0x7B, 0x93, 0xA1, 0xE3, 0xF4, 0xFA, 0xDE, 0xD1, 0x29, 0xC1, 0x4B, 0x59, 0x78,
        0xB3, 0x15, 0xE2, 0x24, 0x6A, 0x93, 0x14, 0x6A, 0x79, 0x36, 0x5F, 0x0F, 0x59, 0x7A, 0x18,
        0x34, 0x0C, 0xCA, 0x86, 0xBB, 0x15, 0xCE, 0xED, 0x39, 0xF1, 0x75, 0xEA, 0xB1, 0xE5, 0x46,
        0x53, 0x5A, 0xFB, 0x96, 0x6F, 0x0A, 0x65, 0xA8, 0xF6, 0x6F, 0x73, 0x7A, 0xB0, 0x28, 0x97,
        0xED, 0xDF, 0xE9, 0x2C, 0xF7, 0x78, 0x68, 0x94, 0x84, 0x3C, 0x26, 0x91, 0x46, 0x47, 0x76,
        0xC9, 0x4B, 0xD4, 0x50, 0xA1, 0x06, 0x91, 0x38, 0xB2, 0x6D, 0xF8, 0x3B, 0x2D, 0x1D, 0xD8,
        0x01, 0x14, 0x3A, 0x8F, 0xDF, 0xDC, 0x25, 0x14, 0xCC, 0x5B, 0x58, 0x31, 0xAB, 0x53, 0xA7,
        0x5C, 0x55, 0xEF, 0x29, 0xF4, 0x0E, 0x7C, 0x63, 0xD2, 0xC7, 0x2A, 0xBE, 0x97, 0xE2, 0xAF,
        0x14, 0x85, 0x3B, 0xE4, 0x9B, 0xE1, 0x6F, 0x47, 0x30, 0xA1, 0x59, 0x97, 0x49, 0x70, 0x95,
        0x14, 0x39, 0xE5, 0x5C, 0x15, 0x89, 0xD0, 0xF4, 0xA1, 0x62, 0xE3, 0x51, 0x7D, 0xF9, 0xD7,
        0xAB, 0xC9, 0x8D, 0x8A, 0x30, 0x72, 0x16, 0xE7, 0xF1, 0xCB, 0x46, 0x27, 0xC9, 0x17, 0x5C,
        0x0E, 0xEF, 0x23, 0x33, 0x7E, 0x56, 0xD5, 0x28, 0x1B, 0x83, 0x72, 0x6F, 0xFF, 0x40, 0xA1,
        0x48, 0xB0, 0xC4, 0x8E, 0x8D, 0xF3, 0x49, 0x6A, 0x21, 0x18, 0xD8, 0x02, 0x19, 0xAE, 0xF8,
        0xF4, 0x0B, 0x29, 0xFB, 0xA1, 0xF2, 0xF7, 0x87, 0x86, 0xB6, 0x7F, 0xFB, 0x7B, 0x7D, 0x47,
        0xD4, 0x06, 0xB7, 0x65, 0xBD, 0x13, 0x66, 0x10, 0xBE, 0xDE, 0xB9, 0x5C, 0xD7, 0x32, 0x1F,
        0x58, 0xF3, 0xB8, 0x36, 0xC9, 0x25, 0x8B, 0xE3, 0x5D, 0x78, 0xB4, 0x98, 0xF3, 0xEF, 0xE1,
        0xDB, 0x2B, 0x24, 0x3D, 0x73, 0x4F, 0xAB, 0x15, 0x9B, 0xAE, 0xD8, 0x80, 0x7C, 0x3C, 0xCC,
        0xF8, 0x3E, 0xB2, 0xEA, 0xF8, 0xA9, 0xAF, 0x01, 0xA5, 0x18, 0xD4, 0x8C, 0x60, 0xE9, 0x1A,
        0x96, 0x81, 0x2A, 0xD6, 0x89, 0xC2, 0xD8, 0x3C, 0xC4, 0xE8, 0xE9, 0xB3, 0x65, 0x04, 0x22,
        0xBE, 0xD6, 0xF1, 0x3C, 0x24, 0xAD, 0xAA, 0xD9, 0x1C, 0x95, 0xB3, 0xE3, 0xCF, 0x35, 0x4F,
        0x0F, 0x6B, 0xC9, 0xEE, 0x89, 0x41, 0xA6, 0xB1, 0x5B, 0x69, 0x75, 0x13, 0x1D, 0x95, 0x23,
        0x3D, 0x89, 0x35, 0xDE, 0x36, 0x7E, 0xFC, 0x6D, 0x86, 0xA4, 0x5D, 0xAC, 0x7D, 0x0F, 0x1D,
        0xDD, 0x9A, 0xEB, 0xD2, 0xC5, 0x9C, 0x02, 0x7F, 0xCD, 0xA4, 0x48, 0x80, 0x1E, 0x93, 0xE7,
        0x33, 0xAC, 0xA5, 0x18, 0x74, 0xBE, 0x9A, 0xB9, 0x27, 0xA9, 0x04, 0xF9, 0x6D, 0xDB, 0x7A,
        0x46, 0xB2, 0xDA, 0x13, 0x26, 0x1D, 0x52, 0x2B, 0x23, 0xC9, 0x50, 0xC0, 0x1D, 0x5F, 0x5E,
        0x11, 0x2B, 0x76, 0xF8, 0x51, 0xFF, 0x23, 0x4F, 0x06, 0xF8, 0xD5, 0xE6, 0x5B, 0x13, 0x19,
        0xAB, 0xCD, 0x79, 0xA1, 0x80, 0xAE, 0x06, 0x3D, 0x65, 0xB2, 0x8C, 0x74, 0x58, 0x78, 0xC0,
        0x6D, 0xBB, 0x69, 0xBA, 0x73, 0x29, 0x3E, 0xAB, 0x34, 0x43, 0x4B, 0xF1, 0xA9, 0x2F, 0xBA,
        0x69, 0x19, 0x93, 0xBD, 0x0F, 0xF3, 0xED, 0xAC, 0x76, 0xA1, 0x2F, 0x80, 0xC0, 0xAD, 0xA4,
        0xB1, 0x96, 0x9C, 0x76, 0x65, 0x58, 0x9D, 0x53, 0x0A, 0x67, 0x01, 0x6A, 0x62, 0x54, 0x03,
        0xC5, 0x37, 0x03, 0x29, 0x04, 0xF2, 0xE1, 0x04, 0x54, 0x7C, 0xD3, 0xEA, 0x40, 0x62, 0x60,
        0xDD, 0x35, 0x7F, 0xA0, 0x6E, 0xA0, 0x12, 0xA7, 0x85, 0x82, 0x6C, 0x16, 0x0E, 0x99, 0xFF,
        0xD0, 0x65, 0xB0, 0xE3, 0xF3, 0x3C, 0x76, 0x89, 0xD3, 0x55, 0x2A, 0xB9, 0xE2, 0xE0, 0x9F,
        0xA7, 0xE5, 0x5B, 0xBC, 0xEF, 0x04, 0x22, 0x42, 0xBC, 0xAC, 0xAD, 0x8A, 0x3D, 0xA4, 0x7B,
        0xCC, 0x54, 0xA1, 0x21, 0xF1, 0x52, 0x6C, 0x8C, 0xD4, 0xCC, 0x5A, 0x89, 0x2A, 0x81, 0x31,
        0xCF, 0x4E, 0xEF, 0xAF, 0x42, 0x48, 0xDD, 0xD6, 0xA1, 0x1E, 0xC4, 0x27, 0xBA, 0x37, 0x8A,
        0xAE, 0x89, 0xAA, 0xF5, 0x82, 0xCE, 0x1F, 0x4E, 0x32, 0x69, 0x0A, 0x55, 0x5E, 0x74, 0x07,
        0x61, 0xD3, 0x58, 0xAD, 0x4E, 0x92, 0xBC, 0x38, 0x41, 0x8A, 0xA7, 0x82, 0xDA, 0x91, 0x65,
        0x24, 0xFB, 0x09, 0xAB, 0x2C, 0xA6, 0xB3, 0xD3, 0x11, 0x3D, 0x6F, 0x2C, 0x2A, 0x6A, 0x9B,
        0x9D, 0x29, 0xD4, 0xE7, 0x48, 0x92, 0x55, 0x25, 0x2A, 0xF0, 0x75, 0xCB, 0xF9, 0xFE, 0xAC,
        0xED, 0xAE, 0x6F, 0x3E, 0xC0, 0xB0, 0x70, 0x82, 0x46, 0x89, 0xDD, 0x3C, 0x78, 0xAC, 0x14,
        0x3E, 0xD6, 0x77, 0x6D, 0x95, 0xDD, 0x8F, 0x13, 0xD4, 0x35, 0xA2, 0x90, 0xBD, 0xCA, 0x4C,
        0x11, 0x31, 0x8E, 0x5A, 0xCC, 0xE0, 0x44, 0x69, 0x64, 0x4E, 0x13, 0x74, 0xA9, 0x45, 0x1B,
        0x62, 0x04, 0xF3, 0xB3, 0x96, 0x1B, 0x7D, 0xD2, 0x39, 0xE3, 0x06, 0xFE, 0xF5, 0xF4, 0xF4,
        0xE5, 0x1B, 0x78, 0xB0, 0xFB, 0x9D, 0xCE, 0xE6, 0x9C, 0x3E, 0x79, 0x0B, 0x23, 0x1F, 0x2E,
        0x65, 0xFD, 0x1A, 0xB1, 0xC2, 0xA7, 0x5B, 0x07, 0x06, 0x7D, 0x5C, 0x16, 0xDD, 0xE0, 0x09,
        0x83, 0xA5, 0x8F, 0xFC, 0xDA, 0xAA, 0xEE, 0x16, 0xD2, 0x74, 0x2E, 0x13, 0x3E, 0xD7, 0x37,
        0xB4, 0x80, 0x64, 0xC8, 0xA3, 0x8E, 0xCA, 0x35, 0xAB, 0x3F, 0xA1, 0x8F, 0x6D, 0x62, 0xF6,
        0x42, 0xB1, 0x2C, 0xFD, 0xC7, 0x98, 0x0F, 0x2A, 0xB7, 0xDB, 0x32, 0x1F, 0xEC, 0x9D, 0xCF,
        0xE4, 0x99, 0xB4, 0xFC, 0x1E, 0xE7, 0xEB, 0x29, 0x79, 0x54, 0x05, 0x66, 0x17, 0xC6, 0x0A,
        0x66, 0x40, 0xB9, 0x28, 0x35, 0xD1, 0x65, 0xC3, 0xC0, 0x0A, 0x95, 0x19, 0x52, 0x61, 0x44,
        0x88, 0xD5, 0x65, 0x7B, 0xA0, 0xB5, 0xE9, 0x0A, 0xE9, 0xE0, 0xEF, 0x7B, 0x3B, 0x9E, 0xCA,
        0xEB, 0xD8, 0x1B, 0x85, 0x51, 0xB6, 0xD7, 0x0E, 0x83, 0x5B, 0x27, 0x34, 0x76, 0x16, 0x39,
        0xD4, 0x2E, 0x76, 0xFF, 0xC5, 0xB3, 0x27, 0x2B, 0x61, 0xC8, 0x96, 0xB4, 0x5B, 0x4B, 0xD1,
        0x8F, 0x30, 0xE5, 0x8C, 0x44, 0x06, 0x43, 0xBA, 0x15, 0x92, 0x21, 0xCC, 0x67, 0x39, 0xA1,
        0x9A, 0x65, 0xF2, 0x91, 0x1F, 0xAE, 0x47, 0xB0, 0xD4, 0xCA, 0xC4, 0x20, 0x0A, 0x6F, 0x04,
        0x3B, 0x17, 0xA0, 0x3A, 0xD3, 0x93, 0xEC, 0xB8, 0x23, 0xED, 0x03, 0xC8, 0xB6, 0xCD, 0x68,
        0x16, 0x7E, 0x6C, 0x82, 0x34, 0xF7, 0x43, 0x25, 0x57, 0xDB, 0x27, 0x20, 0x79, 0xEE, 0x89,
        0x9A, 0xED, 0xE7, 0x3B, 0x6B, 0x98, 0xD6, 0x00, 0x3F, 0x45, 0x78, 0x9A, 0x14, 0x1B, 0x60,
        0xD6, 0xDB, 0x40, 0xCD, 0x2A, 0x59, 0x74, 0x57, 0x1A, 0x4A, 0xD3, 0x66, 0x7B, 0x88, 0x93,
        0x18, 0xBA, 0x60, 0x28, 0x5D, 0x90, 0x3A, 0x2E, 0xAC, 0x01, 0xC2, 0x16, 0x08, 0x83, 0x8C,
        0x40, 0x90, 0x7D, 0xE6, 0xBB, 0xAB, 0xE0, 0x42, 0xCF, 0x2E, 0xCD, 0xD9, 0x7F, 0x54, 0x9F,
        0x95, 0xEC, 0x69, 0x8D, 0x79, 0x22, 0x2C, 0x65, 0xBA, 0x27, 0xC3, 0x0D, 0x33, 0x2A, 0x68,
        0xD0, 0x57, 0xAE, 0xCD, 0xC9, 0x38, 0x8A, 0xA3, 0x43, 0x20, 0xE0, 0xAA, 0x74, 0xFD, 0xBD,
        0x4D, 0x1B, 0x64, 0x3C, 0xAC, 0xE2, 0x16, 0xB6, 0xD8, 0xAD, 0x8F, 0x07, 0xA9, 0x99, 0x55,
        0xBF, 0xDB, 0x74, 0x3A, 0x86, 0xB4, 0x0F, 0xC6, 0x15, 0x27, 0xBA, 0xCA, 0x43, 0x4A, 0xC2,
        0xA7, 0xFB, 0xEA, 0xA7, 0x71, 0x11, 0xDC, 0x80, 0x98, 0xB1, 0x7E, 0x80, 0x0F, 0x59, 0xDD,
        0x77, 0xCC, 0xB0, 0xE6, 0x77, 0x07, 0xE6, 0x01, 0x23, 0xD3, 0x34, 0xE0, 0x73, 0xA2, 0xF5,
        0xA1, 0x6F, 0xFB, 0xCD, 0x70, 0x13, 0x89, 0xAD, 0xD5, 0x7C, 0x3C, 0xEC, 0xCB, 0x88, 0xB2,
        0x86, 0xAC, 0x1E, 0x6E, 0x3E, 0x64, 0x85, 0xAF, 0x1A, 0x12, 0xEA, 0x24, 0x1D, 0x14, 0xA1,
        0xB5, 0x00, 0x3D, 0x7F, 0x3B, 0xC9, 0xE9, 0x57, 0xD4, 0x48, 0x3C, 0x0F, 0x9F, 0x70, 0x3B,
        0x3A, 0x18, 0x7D, 0x55, 0xE5, 0x05, 0x81, 0x76, 0x15, 0xFB, 0xC4, 0xAE, 0x08, 0x37, 0x61,
        0x61, 0x84, 0x24, 0x5C, 0xFB, 0xA6, 0x1C, 0xE3, 0xB9, 0x29, 0xE3, 0x3F, 0x52, 0xB7, 0x1C,
        0xDD, 0x7B, 0x6A, 0x0D, 0xA5, 0x5C, 0x1F, 0x99, 0x75, 0x10, 0xB1, 0xA9, 0x00, 0x2C, 0xA4,
        0xE0, 0x67, 0x83, 0x73, 0xA3, 0xB1, 0xAB, 0x28, 0x97, 0xE6, 0xB4, 0x23, 0xF1, 0x5A, 0x44,
        0x0A, 0x63, 0x6C, 0xC8, 0x61, 0x49, 0x1E, 0xF4, 0x1A, 0xD0, 0xAA, 0x62, 0x7D, 0x8E, 0x19,
        0x8A, 0x5E, 0xE7, 0xBD, 0x7B, 0x6C, 0xB2, 0xC9, 0xCE, 0x2A, 0x8C, 0xC0, 0x15, 0xF0, 0xD2,
        0x06, 0xDE, 0x4C, 0x49, 0xE2, 0xF8, 0x7F, 0x31, 0x09, 0x54, 0xA1, 0x0D, 0x86, 0xE2, 0x94,
        0xF7, 0x42, 0xEE, 0x18, 0x6F, 0x4A, 0xE9, 0x81, 0x5F, 0x69, 0x96, 0x22, 0x79, 0x22, 0x06,
        0xCA, 0xFB, 0xA8, 0xF5, 0x62, 0x17, 0x38, 0x16, 0x0E, 0x6C, 0x5D, 0x61, 0x1A, 0x82, 0x52,
        0xC6, 0xF3, 0x50, 0x85, 0xB6, 0x04, 0xEF, 0x89, 0x51, 0x64, 0xD4, 0xEA, 0x6D, 0xDD, 0x31,
        0x0C, 0x7D, 0x8F, 0x0C, 0x87, 0x9F, 0xB1, 0xF8, 0x84, 0xC5, 0x74, 0x1D, 0x09, 0x6B, 0x3D,
        0x2D, 0xA0, 0xCE, 0x11, 0x51, 0x79, 0x0D, 0xDA, 0x88, 0x1D, 0x18, 0xCB, 0x6B, 0x19, 0xA9,
        0xFE, 0xD6, 0xF5, 0x25, 0x4B, 0x7D, 0x52, 0xD5, 0xD9, 0x2B, 0xBB, 0xE2, 0x4C, 0x9D, 0x6A,
        0x65, 0x60, 0x4A, 0x0B, 0x8E, 0xD2, 0x4A, 0xD5, 0xC1, 0x97, 0xD6, 0x83, 0xF5, 0x98, 0x74,
        0x3C, 0x96, 0xB5, 0x96, 0x0E, 0x87, 0x23, 0x73, 0x2B, 0x5B, 0xD6, 0x47, 0xE9, 0xDB, 0xEA,
        0xA8, 0x51, 0xD0, 0xE1, 0xCF, 0x6D, 0x2C, 0x07, 0x0D, 0x44, 0x42, 0x76, 0x2C, 0x28, 0x09,
        0x8C, 0x5C, 0xF5, 0xA5, 0x4B, 0x2B, 0x5E, 0x69, 0xA9, 0x9B, 0x10, 0x81, 0x5B, 0xF0, 0xF4,
        0x77, 0xBB, 0x71, 0xF0, 0xD5, 0xD3, 0xA6, 0x2B, 0xA2, 0xB3, 0xE2, 0x9B, 0xF8, 0x4D, 0x4B,
        0x4E, 0x57, 0x47, 0x07, 0xF5, 0xF7, 0x4A, 0xF7, 0x04, 0xD2, 0x77, 0xBD, 0x6C, 0xA3, 0x8D,
        0xA2, 0x1E, 0x2C, 0xDA, 0xC5, 0x49, 0xE5, 0xEA, 0xE1, 0xDE, 0x7A, 0x18, 0xEE, 0x53, 0x4C,
        0x8C, 0x22, 0x91, 0xC9, 0x08, 0xCA, 0xAB, 0xF1, 0x59, 0xE9, 0x0E, 0x65, 0x49, 0xDB, 0x94,
        0xBA, 0x7A, 0x3F, 0x3D, 0x97, 0xDD, 0x39, 0x8A, 0x75, 0xDF, 0x5B, 0x1A, 0x7C, 0xDF, 0xB2,
        0x54, 0x10, 0xB7, 0xEF, 0xC4, 0xED, 0x00, 0xD9, 0x99, 0x5B, 0x37, 0xB5, 0x8B, 0xF9, 0x1E,
        0xD7, 0xA3, 0x51, 0x0C, 0xFF, 0xEA, 0x82, 0xF9, 0xE1, 0xC2, 0xA3, 0x29, 0x04, 0x06, 0x00,
        0x4D, 0x09, 0x05, 0x7D, 0x63, 0xB7, 0x70, 0xFA, 0x0E, 0x53, 0x10, 0x31, 0x99, 0x54, 0x4E,
        0xBA, 0x66, 0x2A, 0x2C, 0x30, 0x2C, 0xF3, 0x90, 0x08, 0xF1, 0x42, 0xD2, 0xB1, 0x69, 0x63,
        0xE9, 0x5A, 0xB1, 0x0B, 0xE7, 0xC2, 0x61, 0x01, 0x68, 0x60, 0x8F, 0x35, 0x3A, 0x2F, 0x2C,
        0x41, 0xC7, 0x05, 0x6D, 0xEC, 0x1A, 0x8C, 0x7A, 0x6B, 0xFA, 0x00, 0x27, 0xF9, 0xDE, 0xDA,
        0xCB, 0x77, 0x86, 0xB6, 0x7E, 0xA2, 0xC4, 0x94, 0xD4, 0x3B, 0xA8, 0x51, 0xCF, 0x94, 0x15,
        0xC1, 0xBC, 0xC5, 0x2F, 0x02, 0x7E, 0xC0, 0x2C, 0x65, 0x53, 0x4F, 0x60, 0x8E, 0x9D, 0x16,
        0x6D, 0x51, 0xDD, 0x43, 0x1C, 0xDF, 0x58, 0x71, 0xF5, 0xCD, 0xD1, 0x57, 0x9C, 0xC0, 0x60,
        0x79, 0xDF, 0x07, 0x5A, 0x25, 0x06, 0x2B, 0xA7, 0xE7, 0x0D, 0x96, 0x66, 0xC4, 0xE7, 0xFE,
        0xD3, 0x4C, 0xEA, 0x0E, 0xA0, 0xF1, 0x1A, 0xDE, 0x1E, 0xB2, 0xA9, 0xB3, 0x97, 0xBC, 0xAA,
        0xAD, 0x10, 0x61, 0x27, 0x0E, 0xCF, 0x49, 0x78, 0x03, 0xA5, 0xFC, 0xE7, 0xF4, 0x1E, 0x65,
        0x04, 0xFB, 0xEC, 0x71, 0xA7, 0xDE, 0x7D, 0x06, 0x6B, 0x82, 0x61, 0x86, 0x8A, 0xFC, 0x49,
        0xB9, 0xE6, 0x85, 0xF0, 0xDC, 0xCE, 0x75, 0xE2, 0xFC, 0xB3, 0xBA, 0x8C, 0xF1, 0x90, 0x57,
        0xE3, 0x94, 0x15, 0x76, 0xBA, 0xF5, 0x8F, 0xB8, 0x21, 0xBD, 0x42, 0x68, 0xF7, 0xFA, 0xE3,
        0x02, 0x86, 0x01, 0xDA, 0x02, 0x2E, 0x9B, 0x46, 0x86, 0x46, 0xAB, 0xDB, 0x4F, 0xA6, 0x09,
        0x8A, 0x44, 0x9B, 0x42, 0x67, 0xD5, 0x09, 0xD9, 0xA3, 0x3F, 0x4C, 0x3E, 0xBC, 0xC3, 0x2D,
        0xAC, 0x09, 0x4D, 0x48, 0xED, 0x60, 0x0E, 0x76, 0x57, 0x87, 0xFB, 0x92, 0xB1, 0x97, 0x4F,
        0x74, 0xF7, 0xBB, 0x4C, 0x66, 0xEB, 0x2B, 0xBD, 0x02, 0x89, 0x5E, 0x6A, 0x38, 0x1C, 0x1C,
        0x45, 0x2E, 0xAA, 0xB1, 0xAE, 0x47, 0x31, 0xCF, 0x63, 0x2F, 0x61, 0xAE, 0x2C, 0x90, 0x59,
        0x21, 0x17, 0x4A, 0x3B, 0xC9, 0xBB, 0x4C, 0xDC, 0x89, 0xD6, 0x30, 0x26, 0x4B, 0x61, 0x49,
        0x88, 0xF3, 0xAB, 0xBE, 0xA1, 0xBD, 0x61, 0x7F, 0xFA, 0x53, 0xD7, 0x1B, 0x7D, 0x8A, 0x37,
        0x14, 0x62, 0xB7, 0x73, 0x35, 0x1A, 0x2D, 0xCC, 0xAE, 0xDD, 0x7F, 0x59, 0xCD, 0x72, 0x8F,
        0xAD, 0xEE, 0x05, 0x90, 0x67, 0xBD, 0x80, 0xC9, 0x4C, 0x8C, 0x9A, 0x1F, 0xFC, 0xA2, 0xDC,
        0x4F, 0x84, 0x8B, 0x82, 0x9C, 0x05, 0x61, 0x38, 0x5A, 0xA8, 0x2C, 0xC9, 0x85, 0x03, 0xD0,
        0xBB, 0x66, 0xA6, 0xAA, 0x4F, 0xAE, 0x07, 0x03, 0xD1, 0x2E, 0x60, 0xE1, 0x46, 0x0E, 0xFB,
        0xBC, 0xDF, 0x24, 0x12, 0xC1, 0x3E, 0x7C, 0x68, 0x4D, 0x1B, 0x01, 0x10, 0x20, 0x26, 0x34,
        0x3A, 0x41, 0x43, 0x44, 0x58, 0x5F, 0x6E, 0x70, 0x72, 0x74, 0x8B, 0xAE, 0xB5, 0xBB, 0xC6,
        0xD1, 0xE2, 0xEF, 0xFB, 0xFE, 0x06, 0x0E, 0x2E, 0x3E, 0x51, 0x60, 0x79, 0x7C, 0x9E, 0xA6,
        0xBA, 0xC7, 0xF1, 0x10, 0x24, 0x40, 0x4A, 0x52, 0x57, 0x5F, 0x6C, 0x89, 0x8C, 0x97, 0xAA,
        0xB2, 0xC3, 0xCC, 0xEA, 0xF2, 0x2F, 0x3F, 0x53, 0x5F, 0x7B, 0x81, 0x83, 0x96, 0xA1, 0xB1,
        0xBC, 0xE6, 0x00, 0x00, 0x00, 0x00, 0x00, 0x00, 0x00, 0x00, 0x00, 0x00, 0x00, 0x00, 0x00,
        0x00, 0x18, 0x25, 0x36, 0x42,
    ];

    measure(|| {
        if MLDSA44::verify(&pk, msg, None, &sig).is_ok() {
            println!("Verification succeeded!");
        } else {
            panic!("Verification failed! -- figure that out");
        }
    });
}

/// Loads the public key for the matching verify bench. See [`load_mldsa44_sk`] for why this is
/// `#[inline(never)]`.
#[inline(never)]
fn load_mldsa65_pk() -> bouncycastle::mldsa::MLDSA65PublicKey {
    use bouncycastle::mldsa::MLDSA65PublicKey;

    MLDSA65PublicKey::from_bytes(&[
        0x48, 0x68, 0x3D, 0x91, 0x97, 0x8E, 0x31, 0xEB, 0x3D, 0xDD, 0xB8, 0xB0, 0x47, 0x34, 0x82,
        0xD2, 0xB8, 0x8A, 0x5F, 0x62, 0x59, 0x49, 0xFD, 0x8F, 0x58, 0xA5, 0x61, 0xE6, 0x96, 0xBD,
        0x4C, 0x27, 0xD0, 0x5B, 0x38, 0xDB, 0xB2, 0xED, 0xF0, 0x1E, 0x66, 0x4E, 0xFD, 0x81, 0xBE,
        0x1E, 0xA8, 0x93, 0x68, 0x8C, 0xE6, 0x8A, 0xA2, 0xD5, 0x1C, 0x59, 0x58, 0xF8, 0xBB, 0xC6,
        0xEB, 0x4E, 0x89, 0xEE, 0x67, 0xD2, 0xC0, 0x32, 0x09, 0x54, 0xD5, 0x72, 0x12, 0xCA, 0xC7,
        0x22, 0x9F, 0xF1, 0xD6, 0xEA, 0xF0, 0x39, 0x28, 0xBD, 0x51, 0x51, 0x1F, 0x8D, 0x88, 0xD8,
        0x47, 0x73, 0x6C, 0x7D, 0xE2, 0x73, 0x0D, 0x59, 0x78, 0xE5, 0x41, 0x07, 0x13, 0x16, 0x09,
        0x78, 0x86, 0x77, 0x11, 0xBF, 0x55, 0x39, 0xA0, 0xBF, 0xC4, 0xC3, 0x50, 0xC2, 0xBE, 0x57,
        0x2B, 0xAF, 0x0E, 0xE2, 0xE2, 0xFB, 0x16, 0xCC, 0xFE, 0xA0, 0x80, 0x28, 0xD9, 0x9A, 0xC4,
        0x9A, 0xEB, 0xB7, 0x59, 0x37, 0xDD, 0xCE, 0x11, 0x1C, 0xDA, 0xB6, 0x2F, 0xFF, 0x3C, 0xEA,
        0x8B, 0xA2, 0x23, 0x3D, 0x1E, 0x56, 0xFB, 0xC5, 0xC5, 0xA1, 0xE7, 0x26, 0xDE, 0x63, 0xFA,
        0xDD, 0x2A, 0xF0, 0x16, 0xB1, 0x19, 0x17, 0x7F, 0xA3, 0xD9, 0x71, 0xA2, 0xD9, 0x27, 0x71,
        0x73, 0xFC, 0xE5, 0x5B, 0x67, 0x74, 0x5A, 0xF0, 0xB7, 0xC2, 0x1D, 0x59, 0x7D, 0xBE, 0xB9,
        0x3E, 0x6A, 0x32, 0xF3, 0x41, 0xC4, 0x9A, 0x5A, 0x8B, 0xE9, 0xE8, 0x25, 0x08, 0x8D, 0x1F,
        0x2A, 0xA4, 0x51, 0x55, 0xD6, 0xC8, 0xAE, 0x15, 0x36, 0x7E, 0x4E, 0xB0, 0x03, 0xB8, 0xFD,
        0xF7, 0x85, 0x10, 0x71, 0x94, 0x97, 0x39, 0xF9, 0xFF, 0xF0, 0x90, 0x23, 0xEA, 0xF4, 0x51,
        0x04, 0xD2, 0xA8, 0x4A, 0x45, 0x90, 0x6E, 0xED, 0x46, 0x71, 0xA4, 0x4D, 0xC2, 0x8D, 0x27,
        0x98, 0x7B, 0xB5, 0x5D, 0xF6, 0x9E, 0x9E, 0x85, 0x61, 0xF6, 0x1A, 0x80, 0xA7, 0x26, 0x99,
        0x50, 0x38, 0x65, 0xFE, 0xD9, 0xB7, 0xEE, 0x72, 0xA8, 0xE1, 0x7A, 0x19, 0xC4, 0x08, 0x14,
        0x4F, 0x4B, 0x29, 0xAF, 0xEF, 0x70, 0x31, 0xC3, 0xA6, 0xD8, 0x57, 0x16, 0x10, 0xB4, 0x2C,
        0x9F, 0x42, 0x12, 0x45, 0xA8, 0x8F, 0x19, 0x7E, 0x16, 0x81, 0x2B, 0x03, 0x11, 0x59, 0xB6,
        0x5B, 0x96, 0x87, 0xE5, 0xB3, 0xE9, 0x34, 0xC5, 0x22, 0x5A, 0xE9, 0x8A, 0x79, 0xBA, 0x73,
        0xD2, 0xB3, 0x99, 0xD7, 0x35, 0x10, 0xEF, 0xFA, 0xD1, 0x9E, 0x53, 0xB8, 0x45, 0x0F, 0x0B,
        0xA8, 0xFC, 0xE1, 0x01, 0x2F, 0xD9, 0x8D, 0x26, 0x0A, 0x74, 0xAA, 0xAA, 0x13, 0xFA, 0xE2,
        0x49, 0xA0, 0x06, 0xB1, 0xC3, 0x4F, 0x5B, 0xA0, 0xB8, 0x82, 0xF2, 0x63, 0x78, 0x22, 0x2F,
        0xB3, 0x6F, 0x22, 0x83, 0xC2, 0x43, 0xF0, 0xFF, 0xEB, 0x5F, 0x1B, 0xB4, 0x14, 0xA0, 0xA7,
        0x0D, 0x55, 0xE3, 0xD4, 0x0A, 0x56, 0xB6, 0xCB, 0xC8, 0x8A, 0xE1, 0xF0, 0x3B, 0x7B, 0x28,
        0x82, 0xD9, 0x8D, 0xEE, 0xA2, 0x8E, 0x14, 0x5C, 0x9D, 0xED, 0xFD, 0x8E, 0xAF, 0x1C, 0xEF,
        0x2E, 0xD9, 0x4A, 0x8B, 0x05, 0x0F, 0x89, 0x64, 0xF4, 0x6D, 0x1E, 0xA0, 0xD0, 0xC2, 0xA4,
        0x3E, 0x0D, 0xDA, 0x61, 0x82, 0xAD, 0xBF, 0x4F, 0x6E, 0xD1, 0x75, 0xB6, 0x74, 0x22, 0x57,
        0x85, 0x9B, 0xF2, 0x2F, 0x3A, 0x41, 0x7E, 0xCF, 0x1F, 0x9D, 0x89, 0x31, 0x7B, 0x5E, 0x53,
        0x9D, 0x58, 0x7A, 0xF1, 0x6B, 0x9E, 0x13, 0x13, 0xE0, 0x45, 0x14, 0xFF, 0xA6, 0x4B, 0xA8,
        0xB3, 0xFF, 0x2B, 0x83, 0x21, 0xF8, 0x81, 0x1C, 0xB3, 0xFB, 0x02, 0x2C, 0x8F, 0x64, 0x4E,
        0x70, 0xA4, 0xB8, 0x0A, 0x2F, 0xBF, 0xEE, 0x60, 0x4A, 0xBB, 0x73, 0x79, 0x09, 0x1E, 0xA8,
        0xE6, 0xC5, 0xC7, 0x4D, 0xFC, 0x02, 0x83, 0x66, 0x6B, 0x40, 0xC0, 0x79, 0x38, 0x70, 0x02,
        0x82, 0x04, 0xA1, 0x36, 0xBF, 0x5D, 0xA9, 0x56, 0x8E, 0xB7, 0x98, 0xD3, 0x49, 0x03, 0x8B,
        0xDB, 0x0C, 0x11, 0xE0, 0x34, 0x45, 0xE7, 0x84, 0x7C, 0xB5, 0x06, 0x9C, 0x75, 0xCF, 0x28,
        0xAC, 0x60, 0x1C, 0x77, 0x99, 0xD9, 0x58, 0x21, 0x0D, 0xDB, 0xCB, 0x22, 0x6E, 0x51, 0xAF,
        0xEF, 0x9F, 0x1D, 0xE4, 0x7B, 0x07, 0x38, 0x73, 0xD6, 0xD3, 0xF9, 0x74, 0x56, 0xBE, 0xDE,
        0x08, 0x50, 0x82, 0xE7, 0x4A, 0x29, 0x8B, 0x2C, 0xD4, 0x8F, 0x4B, 0x30, 0x93, 0x15, 0x5F,
        0x36, 0x6C, 0x8F, 0xA6, 0x01, 0xC6, 0xAF, 0x85, 0x8D, 0xFA, 0x32, 0xC0, 0x84, 0x91, 0xB2,
        0xA2, 0x98, 0x87, 0xF9, 0x03, 0x35, 0x94, 0x9A, 0x5D, 0x6E, 0xDA, 0xA6, 0x79, 0x88, 0x2A,
        0x3A, 0x95, 0xD6, 0xBF, 0x6D, 0x97, 0x0A, 0x22, 0x1F, 0x4B, 0x9D, 0x3D, 0x8C, 0xBF, 0x38,
        0x4A, 0xF8, 0x1A, 0xAC, 0x95, 0xE2, 0xB3, 0x29, 0x4E, 0x04, 0x78, 0x9A, 0xC8, 0x37, 0x27,
        0xA5, 0xDC, 0x04, 0x55, 0x9F, 0x96, 0xAF, 0x41, 0xD8, 0xA0, 0x53, 0x51, 0x6F, 0xEE, 0xEE,
        0xBC, 0x52, 0x74, 0x6E, 0xB6, 0xAB, 0x28, 0x19, 0xE0, 0x91, 0x08, 0x71, 0x0D, 0x83, 0x5F,
        0x01, 0x1F, 0xA6, 0x30, 0x65, 0x87, 0x2A, 0xD3, 0x34, 0xD5, 0xCD, 0xFF, 0xB2, 0xB2, 0x31,
        0x05, 0x07, 0xE9, 0x2F, 0xC9, 0x93, 0xAE, 0x31, 0x7D, 0xA9, 0x7F, 0x4F, 0x30, 0x9C, 0xDA,
        0xF0, 0xF6, 0x7E, 0xD9, 0x9D, 0x90, 0x21, 0x55, 0x76, 0x08, 0x38, 0x49, 0xF9, 0x53, 0xB2,
        0x46, 0xD7, 0xFE, 0xDB, 0x3F, 0xDB, 0x67, 0x67, 0x98, 0x50, 0xA5, 0xAD, 0x40, 0x4E, 0x64,
        0x14, 0x7F, 0xB7, 0xCF, 0x4F, 0x6A, 0xED, 0xDD, 0x05, 0xAF, 0xB4, 0xB8, 0x34, 0x96, 0x8D,
        0x1F, 0xE8, 0x80, 0x14, 0x96, 0x0D, 0xCE, 0x5D, 0x94, 0x22, 0x36, 0x52, 0x6E, 0x12, 0xA4,
        0x78, 0xD6, 0x9E, 0x5F, 0xBE, 0x69, 0x70, 0x31, 0x0B, 0x30, 0x8C, 0x06, 0x84, 0x50, 0x18,
        0xCF, 0xC7, 0xB2, 0xAB, 0x43, 0x0A, 0x13, 0xA6, 0xB1, 0xAC, 0x7B, 0xB0, 0x2C, 0xCC, 0xBB,
        0x3D, 0x91, 0x1A, 0xC2, 0xF1, 0x10, 0x68, 0x61, 0x3F, 0xBE, 0x02, 0x9B, 0xFD, 0xCE, 0x02,
        0xCF, 0x5C, 0xD3, 0x89, 0x50, 0xED, 0x72, 0xC8, 0x39, 0x44, 0xED, 0xFB, 0xC7, 0x56, 0x15,
        0xAF, 0x87, 0xF8, 0x64, 0xC0, 0x51, 0xF3, 0xC5, 0x54, 0x56, 0xC5, 0x41, 0x28, 0x63, 0xA4,
        0x0C, 0x06, 0xD1, 0xDA, 0xB5, 0x62, 0xBD, 0xFF, 0x05, 0x71, 0xB8, 0xD3, 0xC3, 0x91, 0x7B,
        0xBD, 0x30, 0x08, 0x80, 0xBB, 0xA5, 0xE9, 0x98, 0x23, 0x9B, 0x95, 0xFA, 0x91, 0xB7, 0xD6,
        0x41, 0x6D, 0x4F, 0x39, 0x8B, 0x3A, 0xDB, 0xCD, 0x30, 0x98, 0x3E, 0xD3, 0x59, 0x2B, 0x4D,
        0x9E, 0xF7, 0xD4, 0x23, 0x6F, 0xD0, 0x0F, 0x50, 0xD9, 0x8A, 0xA5, 0x3A, 0x23, 0x5A, 0xC4,
        0x17, 0x27, 0x20, 0xF7, 0x7D, 0x96, 0x17, 0x26, 0x72, 0x98, 0x0C, 0xFE, 0x8F, 0xF7, 0xA5,
        0xA7, 0x02, 0x78, 0x3E, 0xDC, 0x2B, 0xA3, 0x1B, 0x22, 0x59, 0x01, 0x5A, 0x11, 0x2F, 0xC7,
        0xF4, 0x68, 0xA9, 0xC2, 0xF9, 0x46, 0x40, 0x39, 0x00, 0x2D, 0x30, 0xEF, 0x67, 0x8B, 0x4C,
        0xB7, 0x98, 0xBC, 0x11, 0x62, 0x16, 0xBF, 0x7A, 0x9A, 0x7C, 0x18, 0xBA, 0x03, 0xB7, 0xB5,
        0x8F, 0xD0, 0x75, 0x15, 0xD3, 0x11, 0x50, 0x49, 0xD3, 0x61, 0x4B, 0xE7, 0xA0, 0x7E, 0x74,
        0x43, 0x00, 0x75, 0x0D, 0xF1, 0xD2, 0xC5, 0x87, 0x53, 0x38, 0x90, 0x59, 0xEA, 0xFC, 0x3D,
        0x78, 0x5C, 0xCD, 0xD3, 0x1C, 0x07, 0x64, 0x8B, 0xED, 0xC0, 0x3A, 0x5C, 0x3B, 0x8A, 0xD4,
        0x6D, 0x06, 0x4D, 0x59, 0xC1, 0x3D, 0x57, 0x37, 0x47, 0x29, 0xFC, 0x4E, 0x29, 0x53, 0x62,
        0xE2, 0xA5, 0x19, 0x12, 0x04, 0x53, 0x04, 0x28, 0xBC, 0x15, 0x22, 0xAF, 0xA2, 0x8F, 0xF5,
        0xFE, 0x16, 0x55, 0xE3, 0x04, 0xCA, 0x5B, 0xC8, 0xC2, 0x7A, 0xD0, 0xE0, 0xC6, 0xA3, 0x9D,
        0xD4, 0xDF, 0x28, 0x95, 0x6C, 0x14, 0xB3, 0x8C, 0xC9, 0x36, 0x82, 0xCE, 0xFE, 0x40, 0x2B,
        0xBD, 0x5E, 0x82, 0xD2, 0x9C, 0x46, 0x4E, 0x44, 0xEB, 0x5D, 0x37, 0xB4, 0x8F, 0xC5, 0x68,
        0xDF, 0xE0, 0xCC, 0x6E, 0x8E, 0x16, 0xBA, 0xEA, 0x05, 0xE5, 0x13, 0x55, 0x90, 0xF1, 0x92,
        0x94, 0xE7, 0x3E, 0x83, 0x67, 0xB0, 0x21, 0x6D, 0xBB, 0x81, 0x50, 0x30, 0xB9, 0xDE, 0x55,
        0x91, 0x3F, 0x08, 0x03, 0x9C, 0x42, 0x35, 0x1C, 0x59, 0xE5, 0x51, 0x5D, 0xD5, 0xAF, 0x8E,
        0x08, 0x9A, 0x15, 0xE6, 0x25, 0xE8, 0xF6, 0xDE, 0xE6, 0x39, 0x38, 0x6C, 0x46, 0x49, 0x7D,
        0x7A, 0x26, 0x32, 0x88, 0x77, 0x4D, 0xE5, 0x81, 0xA7, 0xDE, 0x96, 0x29, 0xB4, 0x1B, 0x44,
        0x24, 0x14, 0x1F, 0x97, 0x8F, 0xB8, 0x33, 0x12, 0x08, 0xEF, 0xDE, 0xC3, 0xC6, 0xE0, 0xDE,
        0x39, 0xBC, 0x57, 0x06, 0x3F, 0x3D, 0xCD, 0x6C, 0x47, 0x03, 0x73, 0xC0, 0x88, 0x91, 0xEA,
        0x29, 0xCB, 0xC7, 0xCC, 0x6D, 0x64, 0x83, 0xB8, 0x88, 0x90, 0x83, 0xAC, 0xE8, 0x6A, 0xA7,
        0xB5, 0x1B, 0x1C, 0x2C, 0xFE, 0x6E, 0x2A, 0xD1, 0x8D, 0x97, 0xCE, 0x36, 0xFB, 0xC5, 0x6E,
        0xA4, 0x2F, 0xAE, 0x97, 0xE6, 0xA7, 0xAC, 0x11, 0x48, 0x64, 0x47, 0x8C, 0x36, 0x6D, 0xF1,
        0xEB, 0xB1, 0xE7, 0xB1, 0x1A, 0x90, 0x98, 0x50, 0x4F, 0xD5, 0x97, 0x5B, 0xDF, 0x1F, 0x49,
        0xDC, 0x70, 0x00, 0x2B, 0x63, 0xC1, 0x73, 0x9A, 0x9D, 0x26, 0x3F, 0xBA, 0xD4, 0x07, 0x3F,
        0x6A, 0x9F, 0x6C, 0x2B, 0x8A, 0xF4, 0xB4, 0xC3, 0x32, 0xA1, 0x03, 0xA0, 0xCF, 0xFA, 0x5D,
        0xEE, 0xB2, 0xD0, 0x62, 0xCA, 0x3C, 0x21, 0x5F, 0xD3, 0x60, 0x02, 0x6B, 0xE7, 0xC5, 0x16,
        0x4F, 0x4A, 0x44, 0x24, 0xEF, 0x74, 0x94, 0x88, 0x04, 0xD6, 0x6F, 0x46, 0x48, 0x77, 0x32,
        0xC8, 0x20, 0x2C, 0x79, 0x54, 0x78, 0x64, 0x7B, 0x4E, 0xA7, 0x1D, 0x62, 0x7C, 0x08, 0x60,
        0x24, 0xCC, 0xA3, 0x54, 0xA4, 0x1F, 0x08, 0x77, 0xB3, 0x8F, 0x19, 0xB3, 0x77, 0x4A, 0xD2,
        0x09, 0x5C, 0x8D, 0xA5, 0x3B, 0x06, 0x9E, 0x21, 0xC7, 0x6A, 0xE2, 0xD2, 0x00, 0x7E, 0x16,
        0x71, 0x9E, 0xD4, 0x00, 0x80, 0xD3, 0x34, 0xF7, 0xDA, 0x52, 0xE9, 0xF5, 0xA5, 0x99, 0x04,
        0x39, 0xCA, 0xF0, 0x83, 0xA9, 0x5B, 0x83, 0x3F, 0x02, 0xAD, 0x10, 0xA0, 0x8C, 0x1A, 0x6D,
        0x0F, 0x26, 0x0C, 0x00, 0x72, 0x85, 0xBD, 0x4A, 0x2F, 0x47, 0x70, 0x3A, 0x5A, 0xEF, 0x46,
        0x52, 0x87, 0xD2, 0x53, 0xB1, 0x8A, 0xC2, 0x25, 0x14, 0x31, 0x62, 0x10, 0xFF, 0x56, 0x68,
        0x14, 0xB1, 0x0F, 0x87, 0xA2, 0x93, 0xD6, 0xF1, 0x99, 0xD3, 0xC3, 0x95, 0x99, 0x90, 0xD0,
        0xC1, 0x26, 0x8B, 0x4F, 0x50, 0xD5, 0xF9, 0xFC, 0xEF, 0xBB, 0xF2, 0x37, 0xBD, 0x0C, 0x28,
        0xB8, 0x01, 0x82, 0xD6, 0x65, 0x97, 0x41, 0xF1, 0x4F, 0x10, 0xBF, 0xBB, 0x21, 0xBB, 0xA1,
        0x2A, 0xB6, 0x20, 0xAA, 0x23, 0x96, 0xF5, 0x6C, 0x06, 0x86, 0xB4, 0xEA, 0x90, 0x17, 0x99,
        0x02, 0x24, 0x21, 0x6B, 0x2F, 0xE8, 0xAD, 0x76, 0xC4, 0xA9, 0x14, 0x8E, 0xEF, 0x9A, 0x86,
        0xA3, 0x63, 0x5A, 0x6A, 0xA7, 0x7B, 0xC1, 0xDC, 0xFB, 0x6F, 0xBA, 0x59, 0xA7, 0x7D, 0xFD,
        0xA9, 0xB7, 0x53, 0x0D, 0xC0, 0xCA, 0x86, 0x48, 0xC8, 0xD9, 0x73, 0x73, 0x8E, 0x01, 0xBA,
        0xB8, 0xF0, 0x8B, 0x49, 0x05, 0xE8, 0x4A, 0xA4, 0x64, 0x1B, 0xD6, 0x02, 0x41, 0x0C, 0xD9,
        0x75, 0x20, 0x26, 0x5F, 0x2F, 0x23, 0x1F, 0x2B, 0x35, 0xE1, 0x5E, 0xB2, 0xFA, 0x04, 0xD2,
        0xBD, 0x94, 0xD5, 0xA7, 0x7A, 0xBA, 0xF1, 0xE0, 0xE1, 0x61, 0x01, 0x0A, 0x99, 0x00, 0x87,
        0xF5, 0xB4, 0x6E, 0xA9, 0x88, 0xB2, 0xBC, 0x05, 0x12, 0xFD, 0xA0, 0xFA, 0x92, 0x3D, 0xAD,
        0xD6, 0xC4, 0x5C, 0x53, 0x01, 0xD0, 0x94, 0x83, 0x67, 0x32, 0x65, 0xB5, 0xAB, 0x2E, 0x10,
        0xF4, 0xBA, 0x52, 0x0F, 0x6B, 0xBA, 0xD5, 0x64, 0xA5, 0xC3, 0xD5, 0xE2, 0x7B, 0xDB, 0x08,
        0x0F, 0x7D, 0x20, 0xE1, 0x32, 0x96, 0xA3, 0x18, 0x19, 0x54, 0xC3, 0x9C, 0x64, 0x9C, 0x94,
        0x3E, 0xBE, 0x17, 0xDF, 0x5C, 0x1F, 0x7A, 0xAE, 0x0A, 0x8F, 0xE1, 0x26, 0xC4, 0x77, 0x58,
        0x5A, 0x5D, 0x4D, 0x64, 0x8A, 0x0D, 0x00, 0x8B, 0x6A, 0xF5, 0xE8, 0xCD, 0x31, 0xBE, 0x69,
        0xA9, 0x29, 0x6D, 0x4F, 0x3F, 0xD2, 0x5E, 0xD8, 0x6F, 0x22, 0x1E, 0x4B, 0x93, 0xF6, 0x5F,
        0x59, 0x29, 0x96, 0x75, 0x33, 0x62, 0x4B, 0x92, 0x35, 0x75, 0x0C, 0x30, 0x70, 0x75, 0x50,
        0xB5, 0x85, 0x36, 0xD1, 0x09, 0xA7, 0x13, 0x1C, 0x5A, 0x5B, 0xBE, 0x4A, 0x57, 0x15, 0x56,
        0x7C, 0x12, 0x53, 0x4A, 0xEC, 0x76, 0x60, 0x76, 0x1E, 0xEB, 0xB9, 0xFA, 0xE2, 0x89, 0x1C,
        0x77, 0x45, 0x89, 0xB8, 0x0E, 0x56, 0x6A, 0xD5, 0x57, 0xDD, 0xEF, 0x73, 0x67, 0x19, 0x6B,
        0x72, 0x27, 0xEA, 0x98, 0x70, 0xEF, 0x09, 0xDD, 0xFE, 0xC7, 0x9D, 0x6B, 0x93, 0x19, 0xA6,
        0x87, 0x9B, 0x52, 0x05, 0xD7, 0x6B, 0xF7, 0xAB, 0xA5, 0xAC, 0xF3, 0x3A, 0xFB, 0x59, 0xD1,
        0x7F, 0xC5, 0x4E, 0x68, 0x38, 0x3D, 0x6B, 0xE5, 0xA0, 0x8E, 0x9B, 0x66, 0xDA, 0x53, 0xDC,
        0xDE, 0x00, 0x8B, 0xB2, 0x94, 0xB8, 0x58, 0x2B, 0xD1, 0x32, 0xCD, 0xCC, 0x49, 0x95, 0x9F,
        0xDB, 0xC2, 0x1E, 0x52, 0x72, 0x18, 0x80, 0xC8, 0xAD, 0x03, 0x52, 0xC7, 0x9F, 0x03, 0xA4,
        0x3B, 0xBD, 0x84, 0xC4, 0xCD, 0xFD, 0xC6, 0xC5, 0x29, 0x00, 0x5E, 0x1E, 0x7C, 0xD9, 0xA3,
        0x49, 0xA7, 0x16, 0x8A, 0x35, 0x56, 0x9B, 0xA5, 0xDE, 0xA8, 0x18, 0x96, 0x8D, 0x5A, 0x91,
        0x46, 0x6B, 0xD6, 0xE6, 0x4E, 0x20, 0xBF, 0x62, 0x41, 0x71, 0x98, 0xAF, 0xC4, 0xE8, 0x1C,
        0x28, 0xDD, 0x77, 0xED, 0x40, 0x28, 0x23, 0x23, 0x98, 0xB5, 0x2F, 0xBD, 0xE8, 0x6B, 0xC8,
        0x4F, 0x47, 0x5B, 0x90, 0x16, 0x71, 0x0C, 0xE2, 0xAA, 0xBC, 0x11, 0xA0, 0x6B, 0x4D, 0xBA,
        0xC9, 0x01, 0xEC, 0x16, 0xCF, 0x36, 0x5C, 0xA3, 0xF2, 0xD5, 0x38, 0x13, 0x94, 0x8A, 0x69,
        0x3A, 0x0F, 0x93, 0xE7, 0x9C, 0x46, 0xCA, 0x5D, 0x5A, 0x6D, 0xCA, 0x3D, 0x28, 0xCA, 0x50,
        0xAD, 0x18, 0xBD, 0x13, 0xFC, 0xA5, 0x50, 0x59, 0xDD, 0x9B, 0x18, 0x5F, 0x79, 0xF9, 0xC4,
        0x71, 0x96, 0xA4, 0xE8, 0x1B, 0x21, 0x04, 0xBC, 0x46, 0x0A, 0x05, 0x1E, 0x02, 0xF2, 0xE8,
        0x44, 0x4F,
    ])
    .unwrap()
}

fn bench_mldsa65_verify() {
    use bouncycastle::mldsa::{MLDSA65, MLDSA65_SIG_LEN, MLDSATrait};

    eprintln!("MLDSA65/Verify");

    let msg = b"The quick brown fox jumped over the lazy dog";

    /* One-time setup of the KAT -- commented out so that keygen is not captured in the bench */

    // let seed = KeyMaterial256::from_bytes_as_type(
    //     &[0x00,0x01,0x02,0x03,0x04,0x05,0x06,0x07,0x08,0x09,0x0a,0x0b,0x0c,0x0d,0x0e,0x0f,0x10,0x11,0x12,0x13,0x14,0x15,0x16,0x17,0x18,0x19,0x1a,0x1b,0x1c,0x1d,0x1e,0x1f],
    //     KeyType::Seed,
    // ).unwrap();
    //
    // let (mldsa65_pk, mldsa65_sk) = MLDSA65::keygen_from_seed(&seed).unwrap();
    //
    // eprintln!("pk:\n{}", &*hex::encode(&mldsa65_pk.encode()));
    // let mu = MLDSA65::compute_mu_from_sk(&mldsa65_sk, msg, None).unwrap();
    // let sig = MLDSA65::sign_mu_deterministic(&mldsa65_sk, &mu, [0u8; 32]).unwrap();
    // eprintln!("sig:\n{}", &*hex::encode(sig));

    let mldsa65_pk = load_mldsa65_pk();
    // todo -- there's something I don't understand here that removing this hex:: for a straight array causes peak memory usage to go up.
    //  Find the optimal and make all the tests the same.
    let sig: [u8; MLDSA65_SIG_LEN] = [
        0x90, 0x61, 0xF1, 0x5C, 0xBF, 0x20, 0x92, 0xF7, 0x44, 0xFB, 0xCD, 0x79, 0x9E, 0xB0, 0x24,
        0x14, 0x05, 0x3C, 0x1B, 0x0F, 0x74, 0x12, 0x12, 0x4B, 0xED, 0xC4, 0x1C, 0xF9, 0xA3, 0xDB,
        0x01, 0x66, 0x46, 0x9E, 0x87, 0x40, 0x37, 0xD7, 0xF0, 0x81, 0xE5, 0xF8, 0xD3, 0xD2, 0x03,
        0x3A, 0x03, 0x07, 0xD1, 0xC4, 0x9E, 0xD0, 0x1F, 0xE6, 0x45, 0x78, 0xC4, 0xA6, 0xFA, 0xBD,
        0x80, 0x88, 0x0C, 0xDF, 0x19, 0x11, 0x84, 0x8F, 0x18, 0x4D, 0x4B, 0xCF, 0x53, 0x6C, 0xA7,
        0x95, 0xA0, 0xFB, 0x1A, 0xA1, 0x9A, 0xB7, 0xEE, 0x3B, 0xA6, 0xB5, 0x8B, 0xD6, 0x4B, 0xBE,
        0xAC, 0x9F, 0x58, 0x65, 0x0F, 0xFF, 0x1E, 0xF5, 0xA9, 0x7A, 0xB6, 0x91, 0x6D, 0xF9, 0x62,
        0x07, 0x2E, 0x20, 0xE7, 0xC6, 0xBE, 0x96, 0x09, 0x0E, 0x3A, 0x78, 0x1A, 0x50, 0x4B, 0xC4,
        0x44, 0x2B, 0xD8, 0x88, 0x9A, 0x0A, 0xA6, 0x28, 0x90, 0x7A, 0x74, 0x29, 0x9F, 0x39, 0xFA,
        0x83, 0x60, 0x31, 0xF1, 0xBD, 0x68, 0x35, 0x5B, 0xEB, 0xE7, 0xAE, 0x93, 0xC1, 0xE3, 0x61,
        0xA9, 0xEF, 0xBE, 0xD1, 0x32, 0x5D, 0x96, 0x22, 0x70, 0x70, 0x46, 0x1F, 0xCD, 0x6F, 0x15,
        0x1B, 0x86, 0x69, 0xD9, 0x22, 0x9B, 0x97, 0x7D, 0x9E, 0xE5, 0x1F, 0xD2, 0x26, 0x0C, 0x3E,
        0x4A, 0x2E, 0x82, 0x04, 0x16, 0xF9, 0xE0, 0x74, 0x95, 0x8D, 0xC3, 0xB3, 0xE2, 0x21, 0x7E,
        0x63, 0x12, 0xB7, 0xE0, 0xB5, 0x82, 0xA0, 0x48, 0x98, 0x1C, 0xF6, 0x57, 0x9F, 0x4B, 0xC7,
        0x71, 0x5B, 0x78, 0xC8, 0x08, 0xE4, 0xC5, 0x7E, 0x3B, 0x8A, 0xA3, 0x8B, 0x05, 0xC0, 0x4F,
        0xCE, 0xDF, 0x20, 0x9F, 0x52, 0xC1, 0xE3, 0x31, 0xAE, 0x83, 0xDB, 0xDF, 0xF6, 0x0B, 0xA4,
        0x50, 0xA1, 0x7C, 0xC3, 0x97, 0x56, 0x8E, 0x54, 0xBC, 0x3F, 0x16, 0xDD, 0xF3, 0x0B, 0x92,
        0x74, 0x7C, 0xE4, 0x60, 0xD9, 0x25, 0xB9, 0xBE, 0x20, 0xA1, 0xD3, 0x5E, 0x2A, 0xED, 0x97,
        0xF1, 0x24, 0xAF, 0x26, 0x16, 0xA5, 0x36, 0x1D, 0xF2, 0x8B, 0xA3, 0x0E, 0x52, 0x2D, 0xD0,
        0x8F, 0xA0, 0x0F, 0xD2, 0x8D, 0x1A, 0xC4, 0x84, 0xD7, 0x56, 0xA8, 0x9E, 0x3A, 0x44, 0x2F,
        0xEF, 0xE8, 0x33, 0x2C, 0x56, 0xCD, 0x2A, 0x9F, 0xDE, 0x69, 0x1B, 0xDB, 0xDA, 0x43, 0xF1,
        0xCC, 0x54, 0xCE, 0xF5, 0x7B, 0xEA, 0xD9, 0x61, 0x20, 0xB5, 0x0C, 0x7D, 0x46, 0x95, 0xBD,
        0xBB, 0x13, 0x03, 0xCC, 0x5D, 0xDD, 0xA8, 0x98, 0xE4, 0xEE, 0xB8, 0x30, 0x83, 0x17, 0x6E,
        0x40, 0xE0, 0x23, 0x2C, 0xDD, 0x1C, 0x31, 0x50, 0x37, 0x1D, 0xF0, 0x5D, 0x6F, 0xDA, 0xD7,
        0xE1, 0x16, 0x4D, 0x90, 0x39, 0x3C, 0xF3, 0x08, 0xE9, 0x9E, 0xDF, 0xEB, 0x31, 0xFE, 0xD2,
        0x63, 0xE2, 0x86, 0x6E, 0xE3, 0xB7, 0xF3, 0x93, 0x7B, 0x39, 0x9C, 0x97, 0x4D, 0x87, 0xBA,
        0x7B, 0x48, 0x9E, 0xFE, 0x3C, 0x9B, 0x80, 0x37, 0x1D, 0x29, 0x28, 0x44, 0x6A, 0xDC, 0x31,
        0x99, 0x1A, 0xB0, 0xCE, 0xFA, 0xAA, 0x08, 0x05, 0x75, 0xB9, 0xEC, 0x81, 0xCF, 0xA1, 0x33,
        0xA9, 0x91, 0x1C, 0x03, 0x5A, 0x80, 0x58, 0xD0, 0xD3, 0xF2, 0xE3, 0x4D, 0xE4, 0xA9, 0xFB,
        0x00, 0x9B, 0xB4, 0xCC, 0xDB, 0x16, 0xDE, 0x7B, 0x90, 0x85, 0x74, 0xA7, 0x49, 0x67, 0x25,
        0xFF, 0x85, 0x75, 0x56, 0xC1, 0xB3, 0x39, 0x17, 0xE9, 0x86, 0xC8, 0x0F, 0x10, 0x14, 0xA9,
        0xE3, 0x08, 0x3A, 0xDD, 0x2F, 0xB3, 0x5F, 0x34, 0x5C, 0x5D, 0x06, 0x15, 0x9E, 0x44, 0x33,
        0x29, 0xD0, 0xDA, 0x09, 0x99, 0x87, 0xB9, 0x96, 0xC3, 0x73, 0x15, 0x92, 0xB4, 0x60, 0xC2,
        0xFF, 0xD2, 0x95, 0x5F, 0x75, 0x46, 0xF4, 0x21, 0x61, 0x00, 0xBA, 0x43, 0x18, 0x88, 0x03,
        0xFF, 0x9B, 0x36, 0x96, 0x96, 0x85, 0xF9, 0x09, 0xFA, 0x25, 0x39, 0x32, 0x3B, 0x8C, 0x8E,
        0xC1, 0xC0, 0x95, 0xA5, 0x08, 0x5E, 0x55, 0x4D, 0xD4, 0x50, 0xE0, 0xE6, 0x7A, 0xB6, 0x70,
        0xB6, 0xA1, 0x1E, 0xBF, 0x6C, 0x25, 0x52, 0x0F, 0xC1, 0x3E, 0x36, 0x40, 0x60, 0xF9, 0x1F,
        0x9B, 0x7F, 0x3D, 0x5C, 0xB4, 0x8F, 0xF2, 0x8B, 0x8F, 0xC8, 0x3D, 0x42, 0x93, 0xF1, 0xF3,
        0x5A, 0xD6, 0xFF, 0x6A, 0xE4, 0x57, 0x4A, 0xD7, 0xA1, 0xC6, 0x00, 0x5F, 0xC0, 0x38, 0x9A,
        0x7B, 0x21, 0x38, 0x6B, 0x08, 0x50, 0xA0, 0x5D, 0x83, 0x2F, 0xE6, 0xA1, 0x4B, 0xB2, 0xB1,
        0xDB, 0x1F, 0x8E, 0x20, 0xBD, 0x09, 0x17, 0x49, 0x46, 0xCD, 0x09, 0x8B, 0x81, 0xC8, 0xF7,
        0x97, 0xE9, 0x5F, 0x21, 0x43, 0xA9, 0x49, 0x77, 0x0C, 0xF1, 0x21, 0x9B, 0xFE, 0xF0, 0x39,
        0xDB, 0x51, 0xA8, 0x0F, 0xC2, 0x47, 0xF6, 0x5F, 0x41, 0x55, 0x4C, 0x71, 0x73, 0xDD, 0x80,
        0x5B, 0xA8, 0x2F, 0xDF, 0x47, 0xAB, 0x6D, 0x4B, 0xFD, 0x37, 0xDF, 0xE4, 0x6F, 0xC4, 0x79,
        0x04, 0x42, 0x1A, 0xE0, 0x0D, 0xC0, 0x05, 0xA2, 0x2F, 0x9C, 0x47, 0x84, 0xB0, 0xEA, 0x9E,
        0x66, 0x53, 0x92, 0xA4, 0x12, 0x24, 0x50, 0x16, 0xD5, 0xC6, 0xD7, 0x67, 0x3A, 0x6A, 0x18,
        0x0D, 0x22, 0x8D, 0x42, 0x55, 0xA5, 0x38, 0xE4, 0x51, 0xFF, 0xD8, 0xB4, 0x14, 0xD4, 0x03,
        0x04, 0xC0, 0xC8, 0x88, 0x99, 0x2E, 0x0A, 0xB6, 0xDE, 0x16, 0x02, 0x10, 0x95, 0x27, 0x41,
        0x7B, 0xC1, 0xC7, 0xEB, 0x78, 0x2A, 0xE7, 0x7A, 0x8C, 0x3C, 0xDF, 0xC1, 0xD1, 0x3A, 0x1E,
        0x87, 0x42, 0x07, 0x89, 0x82, 0x64, 0xE3, 0x80, 0x80, 0x24, 0x31, 0x09, 0xC5, 0x96, 0x96,
        0x49, 0xAC, 0x83, 0x83, 0x41, 0x7E, 0x92, 0x2B, 0xA1, 0x15, 0x33, 0x11, 0x42, 0xD0, 0xED,
        0x35, 0x44, 0x0B, 0x15, 0xD4, 0x0B, 0xEE, 0x0C, 0xF5, 0x8A, 0xF3, 0x7C, 0x0F, 0x05, 0x24,
        0xFF, 0xAC, 0x1C, 0x71, 0xCE, 0xED, 0x3B, 0xB8, 0x2F, 0x76, 0xAB, 0x10, 0x8A, 0x8A, 0xD1,
        0xA0, 0xC8, 0xB7, 0x8D, 0x93, 0x41, 0x14, 0x8C, 0x64, 0x23, 0x69, 0xBE, 0x7B, 0xEF, 0x59,
        0xD4, 0x6F, 0x49, 0xD7, 0x0C, 0x83, 0x56, 0x06, 0x07, 0xF1, 0x40, 0x84, 0x8E, 0xC9, 0xA7,
        0x60, 0x7D, 0x4A, 0x08, 0xF8, 0xB6, 0xE4, 0x44, 0x7F, 0x55, 0x23, 0xF4, 0x16, 0x98, 0x18,
        0x88, 0xA8, 0xDE, 0x96, 0x47, 0xFF, 0xEF, 0x79, 0x38, 0x9E, 0x49, 0x83, 0xE5, 0xC9, 0x38,
        0x76, 0x98, 0xD0, 0xCC, 0x2D, 0x42, 0x93, 0x22, 0x36, 0x5C, 0xE7, 0xE7, 0xB5, 0xFD, 0x6D,
        0x6E, 0xB9, 0x21, 0xC8, 0x13, 0xFC, 0xF0, 0x61, 0x99, 0xFE, 0x1C, 0xA4, 0x1E, 0x9C, 0xFE,
        0x03, 0xB5, 0x39, 0xF3, 0x21, 0x67, 0x1A, 0x2A, 0xCA, 0xD0, 0x96, 0x3F, 0x87, 0x6F, 0x9D,
        0xB7, 0xA1, 0xC4, 0x37, 0x1B, 0x9F, 0x10, 0x10, 0x05, 0x21, 0x79, 0x95, 0xB5, 0xB6, 0xA4,
        0x09, 0x76, 0x24, 0x6D, 0x24, 0x5D, 0xA6, 0x03, 0xDB, 0xA8, 0xDA, 0xC8, 0x12, 0xA5, 0x48,
        0x0C, 0x34, 0x76, 0xA9, 0x9D, 0x0F, 0xFD, 0xF0, 0xEF, 0x94, 0x3D, 0x72, 0xD9, 0x12, 0x54,
        0x31, 0x48, 0xB2, 0xFE, 0x78, 0xE8, 0xB0, 0x15, 0x93, 0x24, 0xFE, 0x9B, 0xCD, 0x4C, 0xED,
        0x33, 0xCD, 0x21, 0x2F, 0xE4, 0xF3, 0xDF, 0xD6, 0xD4, 0xC5, 0xE1, 0x95, 0x8B, 0xEB, 0x95,
        0xAC, 0x6B, 0x53, 0x3A, 0xCE, 0x3E, 0x78, 0x01, 0x5E, 0x38, 0x80, 0xB5, 0x2B, 0xF4, 0x52,
        0x99, 0x26, 0x3A, 0x4C, 0x00, 0x96, 0xF8, 0xBA, 0x5F, 0xE3, 0xA6, 0x29, 0x8C, 0xAB, 0x67,
        0x5C, 0xB7, 0xF3, 0x82, 0xE7, 0xEF, 0x49, 0x72, 0x0E, 0xB4, 0xCF, 0x47, 0x37, 0x6E, 0x2D,
        0x25, 0x74, 0x12, 0x2C, 0xCF, 0x91, 0x12, 0x9C, 0x85, 0x8E, 0x94, 0x89, 0x04, 0xFE, 0xCE,
        0xFB, 0x91, 0x22, 0x6E, 0xD4, 0x24, 0x03, 0xBA, 0x12, 0xDD, 0x32, 0x58, 0x90, 0x9A, 0x87,
        0xDF, 0xCB, 0xF6, 0x5C, 0xC3, 0xAD, 0xC3, 0xD9, 0x8D, 0x27, 0x7F, 0xDC, 0xEC, 0x76, 0x64,
        0xE2, 0x29, 0x2B, 0x7D, 0x27, 0xAF, 0xBB, 0x5A, 0xAF, 0xB4, 0x05, 0xC2, 0x0A, 0x34, 0xB2,
        0xFE, 0x2C, 0x08, 0x49, 0xEE, 0x28, 0x0B, 0xB8, 0x91, 0xDF, 0xDF, 0x59, 0xF1, 0x9B, 0x89,
        0xB0, 0x24, 0x63, 0x58, 0xDB, 0x54, 0xCF, 0x3F, 0xDC, 0x66, 0xEA, 0xAA, 0xA7, 0x50, 0xC8,
        0x90, 0x3F, 0x1D, 0x42, 0x67, 0x8F, 0x3E, 0xDF, 0x0B, 0x75, 0x30, 0x41, 0x0A, 0xA8, 0x81,
        0xBC, 0x61, 0x7F, 0x94, 0x34, 0x63, 0x79, 0x85, 0x4A, 0xF4, 0x53, 0x2E, 0x61, 0xF6, 0x5A,
        0xAE, 0x75, 0x76, 0xC3, 0x5F, 0xAF, 0x55, 0xE1, 0x55, 0xBD, 0x67, 0x87, 0xB4, 0x63, 0x4D,
        0x54, 0x19, 0x19, 0x07, 0xE1, 0x55, 0xC2, 0x39, 0xE6, 0x84, 0x80, 0xCD, 0xFA, 0x0C, 0x87,
        0x05, 0x4B, 0xFB, 0x62, 0x85, 0x5F, 0x40, 0x9A, 0x20, 0xD5, 0x33, 0x5F, 0xB1, 0x23, 0xE6,
        0x81, 0xE6, 0x4E, 0xC8, 0x47, 0xCD, 0x98, 0x5B, 0x60, 0x62, 0x05, 0x9F, 0x43, 0x6A, 0xEB,
        0xAC, 0x62, 0x3C, 0x03, 0x8B, 0x6C, 0x34, 0x05, 0xAC, 0x32, 0x51, 0x91, 0xA8, 0xD1, 0x12,
        0x6A, 0x5E, 0xF8, 0xF3, 0x8C, 0xCC, 0xBF, 0x14, 0x4A, 0x5C, 0x32, 0x4C, 0x1E, 0x09, 0x3C,
        0xF9, 0x9E, 0xFB, 0xE1, 0x0C, 0xA0, 0x3D, 0x43, 0x9B, 0xCF, 0xB8, 0xBA, 0x5E, 0x29, 0x3B,
        0x7D, 0x31, 0x88, 0x37, 0xF7, 0xBC, 0x42, 0xA9, 0x99, 0x64, 0x39, 0x23, 0x69, 0xDA, 0x76,
        0xE7, 0x9D, 0x71, 0xD1, 0xA2, 0xC2, 0x48, 0xA1, 0x13, 0x24, 0xA8, 0x7A, 0xE1, 0xE3, 0xCB,
        0xEA, 0xB6, 0xFB, 0x0D, 0x0B, 0xCA, 0xE1, 0xEF, 0x55, 0xE4, 0x3D, 0xFB, 0x6F, 0x1B, 0x4C,
        0xFB, 0x82, 0xC7, 0xA7, 0x78, 0xFB, 0x82, 0x8A, 0x37, 0x27, 0xEF, 0x07, 0x68, 0x5F, 0xE3,
        0x8A, 0x74, 0xB3, 0xDD, 0x25, 0xD0, 0x15, 0x32, 0x2C, 0x2D, 0x9F, 0x24, 0x5C, 0x08, 0xD8,
        0xC2, 0xB4, 0x38, 0x65, 0x69, 0x42, 0x33, 0x78, 0x2E, 0xB7, 0x34, 0x43, 0x6C, 0x4E, 0xDD,
        0xEF, 0x54, 0x06, 0x20, 0x8D, 0x6C, 0x45, 0x72, 0xC7, 0x37, 0x12, 0x62, 0xFE, 0x02, 0x31,
        0x9C, 0xFB, 0xBC, 0xF2, 0xE2, 0x3B, 0xED, 0x8A, 0xA9, 0x69, 0xD1, 0xAE, 0x6F, 0x5F, 0x25,
        0xFF, 0x6B, 0x8E, 0xBC, 0xF0, 0x92, 0x50, 0x66, 0xF7, 0x61, 0xA3, 0x9B, 0xBF, 0xF4, 0x9F,
        0x0C, 0x8D, 0xBC, 0x3B, 0xE8, 0x4F, 0x0C, 0x44, 0x2B, 0x04, 0x4E, 0xA0, 0x1B, 0x66, 0x97,
        0x47, 0xE3, 0xC8, 0x29, 0x3C, 0xFE, 0x9C, 0xCD, 0xF2, 0xEF, 0x06, 0x3A, 0xE3, 0xD2, 0x8D,
        0x10, 0x72, 0x0C, 0x27, 0x9A, 0x26, 0x91, 0x61, 0x6A, 0xBD, 0x23, 0xB0, 0x55, 0xCF, 0xC6,
        0xC5, 0x62, 0x12, 0x5D, 0xF4, 0xAD, 0x0F, 0xA6, 0x63, 0x13, 0x04, 0x97, 0x2D, 0xDC, 0x36,
        0x74, 0xB1, 0xAA, 0xA7, 0x66, 0x5B, 0xF6, 0x21, 0x32, 0x0D, 0x83, 0xEA, 0xC8, 0xD5, 0xB3,
        0x71, 0xD7, 0xD7, 0x19, 0x82, 0x9F, 0x58, 0xB2, 0x34, 0x58, 0x18, 0x25, 0x58, 0x71, 0x0D,
        0xE3, 0x1D, 0x81, 0xEF, 0x9A, 0x47, 0xD8, 0x83, 0x9C, 0x79, 0x64, 0x0B, 0x20, 0x25, 0xD1,
        0x96, 0x5A, 0x41, 0x8B, 0xC9, 0x0E, 0x41, 0x15, 0xF1, 0x42, 0x33, 0x11, 0xA8, 0xB6, 0x4F,
        0xCD, 0xE0, 0xF2, 0xD2, 0x14, 0x5E, 0xE5, 0x35, 0xB0, 0x93, 0x1B, 0x84, 0xBC, 0x81, 0x10,
        0x44, 0x5F, 0x2F, 0xF6, 0x8D, 0x13, 0x6E, 0xD7, 0x09, 0xDD, 0xB7, 0xEA, 0x9F, 0xF7, 0x5F,
        0x3B, 0x4E, 0x8B, 0x4F, 0x83, 0x62, 0x30, 0xCA, 0x9E, 0x81, 0x06, 0x94, 0x77, 0xF6, 0x34,
        0xE0, 0x72, 0x70, 0xAF, 0x60, 0xEF, 0x96, 0xF7, 0x25, 0x57, 0xA0, 0x81, 0xD6, 0x64, 0xAB,
        0xCF, 0x35, 0x54, 0x8F, 0x69, 0x94, 0x84, 0x65, 0x3D, 0xA6, 0x45, 0x48, 0x3F, 0xF2, 0xBF,
        0x59, 0x98, 0x61, 0x7A, 0xE8, 0xBF, 0xA6, 0x2D, 0x56, 0xE7, 0x14, 0xF3, 0xC0, 0x13, 0x6E,
        0x50, 0x35, 0xA3, 0xF7, 0x8E, 0x06, 0xC2, 0xF4, 0x70, 0xDF, 0x7F, 0xD3, 0x38, 0x0D, 0x14,
        0x03, 0x3F, 0x81, 0xE2, 0xAA, 0xE6, 0xB4, 0xD9, 0x04, 0x87, 0xDA, 0xB7, 0x6B, 0x9B, 0x3B,
        0x87, 0x61, 0xFB, 0x56, 0xC3, 0x6F, 0x54, 0x29, 0xDA, 0x3D, 0x43, 0x46, 0xCB, 0x22, 0xE6,
        0x41, 0xAD, 0x8D, 0x7D, 0x2D, 0x80, 0xFA, 0x24, 0x0D, 0x4E, 0x01, 0x54, 0xE6, 0xB3, 0xD2,
        0xF1, 0xB3, 0xEF, 0x6C, 0xF1, 0x74, 0xC0, 0x8D, 0x06, 0x2F, 0x57, 0x5C, 0x83, 0xA4, 0x07,
        0x81, 0x74, 0xF8, 0x74, 0x36, 0x4D, 0xF3, 0x6A, 0x63, 0x28, 0xBE, 0xEE, 0xF6, 0x9B, 0xA7,
        0xF9, 0x0E, 0x1D, 0xF9, 0xFD, 0xCE, 0xC9, 0xA2, 0xF1, 0x5E, 0xBF, 0x04, 0xFA, 0x7D, 0x67,
        0x56, 0xDA, 0x2E, 0x5A, 0x59, 0xC9, 0xCB, 0xBC, 0xBC, 0x39, 0x7D, 0x6F, 0xB2, 0x8D, 0x0F,
        0xC9, 0xA6, 0x05, 0x34, 0xDF, 0xF0, 0x75, 0x27, 0x16, 0xED, 0x07, 0x9A, 0xD1, 0xAB, 0x19,
        0xA2, 0x24, 0xD1, 0xC8, 0xAE, 0x8A, 0x53, 0x24, 0x2F, 0xD1, 0x64, 0x98, 0x9F, 0xF9, 0x97,
        0x48, 0x9B, 0x65, 0x20, 0xEB, 0x3C, 0x0E, 0x97, 0xF4, 0xBC, 0xC1, 0xA9, 0xC3, 0xCB, 0xD4,
        0x4F, 0x00, 0x8C, 0x03, 0xEF, 0x52, 0xCF, 0x7E, 0x62, 0x68, 0x81, 0xD2, 0x46, 0x92, 0x5E,
        0x03, 0x36, 0xC0, 0xAC, 0x66, 0x88, 0x67, 0xF8, 0x53, 0xDA, 0x78, 0x20, 0xF9, 0x14, 0x11,
        0x5A, 0x7C, 0x77, 0xAC, 0x31, 0xB6, 0x6F, 0x46, 0xFB, 0xF9, 0x7F, 0x66, 0xFA, 0x26, 0x41,
        0x6F, 0xC4, 0x58, 0x1D, 0x45, 0x9A, 0x4F, 0x24, 0x62, 0xD5, 0x2C, 0xF0, 0xC7, 0x9B, 0x27,
        0x89, 0x55, 0xAA, 0x73, 0xE8, 0xFA, 0x56, 0xE3, 0xC3, 0x20, 0xF5, 0x16, 0xBC, 0xC5, 0x4C,
        0x97, 0xE5, 0x87, 0x19, 0x9C, 0x15, 0xAB, 0x95, 0x3C, 0xC3, 0x71, 0x89, 0xB8, 0x1C, 0x70,
        0xCA, 0xBB, 0x25, 0x59, 0xE4, 0x45, 0xBC, 0xC9, 0xD8, 0x17, 0x4A, 0xD7, 0x57, 0x4E, 0x9A,
        0xCB, 0x02, 0xF4, 0x3E, 0x0C, 0x34, 0xFF, 0x5E, 0x67, 0x46, 0xEE, 0x73, 0x0A, 0xD4, 0x1F,
        0xF8, 0xEE, 0xF9, 0x3C, 0x20, 0x71, 0xC2, 0x64, 0x90, 0x63, 0xDD, 0x92, 0xF3, 0x43, 0xC0,
        0x6E, 0xF6, 0xAB, 0xAF, 0x98, 0xF2, 0x8D, 0x98, 0xD9, 0x68, 0x07, 0x1C, 0x12, 0xCC, 0x10,
        0xA9, 0x0C, 0x22, 0xD8, 0xB3, 0xB3, 0x48, 0x0C, 0x76, 0xF7, 0xA5, 0x1B, 0x7E, 0xC5, 0x94,
        0xB3, 0x43, 0x5D, 0x2E, 0x3D, 0x77, 0x9C, 0x1A, 0x15, 0x03, 0x76, 0x97, 0xF3, 0xA0, 0x58,
        0x65, 0x04, 0x72, 0xE4, 0x7E, 0xEC, 0xD5, 0xF3, 0x2E, 0xB3, 0x24, 0x3A, 0x51, 0x6F, 0x0E,
        0x70, 0x3F, 0x98, 0x88, 0xC8, 0x46, 0x90, 0x75, 0x06, 0x48, 0xD6, 0xA9, 0xA8, 0x76, 0xBF,
        0x1F, 0x35, 0x3D, 0xB6, 0x89, 0x1D, 0xC6, 0xD3, 0x17, 0xD6, 0xE8, 0x7A, 0xC0, 0x88, 0xF4,
        0x2B, 0x5F, 0x6F, 0x20, 0xD7, 0x99, 0xEC, 0xE4, 0xFA, 0x7A, 0xAA, 0x92, 0x8D, 0x2A, 0xC7,
        0x95, 0xE8, 0xDE, 0x83, 0xD1, 0xE1, 0xC7, 0xFA, 0x2F, 0x9A, 0x41, 0x06, 0x69, 0x3E, 0x98,
        0x1C, 0x21, 0xC6, 0x3B, 0x32, 0x21, 0xC4, 0xFA, 0x26, 0x49, 0xF4, 0x5F, 0x0C, 0x6E, 0x05,
        0xDB, 0xF2, 0x40, 0x11, 0xAF, 0x16, 0xAB, 0x2E, 0x5F, 0xE9, 0x4A, 0x64, 0x0B, 0x48, 0x59,
        0x88, 0x03, 0x7E, 0xBE, 0x1E, 0x8A, 0xD0, 0xB2, 0x62, 0x3D, 0x95, 0xE9, 0x94, 0x7F, 0x07,
        0x26, 0x12, 0x1D, 0x78, 0x28, 0x61, 0x4E, 0x3B, 0x2D, 0x77, 0xA7, 0xA1, 0xF9, 0xA9, 0x38,
        0xBE, 0xA9, 0xA1, 0xA7, 0xA2, 0x62, 0x7B, 0x7D, 0x2E, 0x35, 0x8C, 0x42, 0xCC, 0xC6, 0xC0,
        0xB8, 0x0A, 0x15, 0xA1, 0xC2, 0xF6, 0xE9, 0xAA, 0xF0, 0x49, 0x5B, 0xDB, 0x7B, 0xB8, 0xD4,
        0xB0, 0xE2, 0x8A, 0x1A, 0xB5, 0xAB, 0x93, 0xCA, 0x0F, 0xF3, 0xE3, 0xF9, 0x10, 0xC4, 0x90,
        0xC1, 0x34, 0x86, 0x85, 0x25, 0x34, 0xD5, 0xE1, 0x21, 0x60, 0x83, 0x5E, 0xC5, 0x91, 0x6C,
        0x5C, 0x68, 0x34, 0x9C, 0x4E, 0x2D, 0x8F, 0xA9, 0x56, 0xC6, 0x43, 0x27, 0x7E, 0xDD, 0x3B,
        0x6C, 0x81, 0xC8, 0x8C, 0x01, 0x04, 0x21, 0x70, 0x5F, 0xD3, 0x17, 0xFF, 0x9E, 0x3C, 0x94,
        0xDF, 0x0E, 0xD5, 0x30, 0x5F, 0x53, 0x0A, 0xCB, 0xCC, 0xF8, 0xDD, 0x0E, 0x87, 0x14, 0x0C,
        0xD3, 0x81, 0x52, 0x66, 0x4A, 0x57, 0x2C, 0x16, 0x8C, 0xD7, 0x25, 0x95, 0xB7, 0xFA, 0xC2,
        0x43, 0xC0, 0x3F, 0x3F, 0xB3, 0x3E, 0xF7, 0x4A, 0x28, 0xC0, 0xE4, 0x46, 0x9F, 0x94, 0x58,
        0x7C, 0x13, 0x70, 0x4E, 0x9E, 0xFE, 0x80, 0x10, 0xB2, 0x12, 0x5A, 0xCA, 0x78, 0xC2, 0x2C,
        0x33, 0xC8, 0x23, 0x66, 0xE1, 0xA7, 0xC4, 0x02, 0x8C, 0x2A, 0xE2, 0xE8, 0xD2, 0x6E, 0x1A,
        0x57, 0xE4, 0x29, 0x7F, 0xAC, 0x98, 0x7F, 0x84, 0xA0, 0xA2, 0x7F, 0x42, 0xB4, 0xC9, 0x3A,
        0x4F, 0x4D, 0x14, 0x56, 0x98, 0x24, 0xB0, 0x88, 0x0F, 0xB6, 0x74, 0x07, 0xED, 0x58, 0xF2,
        0x67, 0xAC, 0x40, 0x3A, 0xA0, 0xB1, 0xF9, 0x37, 0x84, 0xB4, 0xB4, 0xC6, 0x70, 0x36, 0x03,
        0x7E, 0x60, 0xD5, 0x80, 0x72, 0x61, 0x1B, 0x0E, 0x90, 0xCA, 0x31, 0x69, 0x76, 0xEF, 0x4E,
        0x0B, 0x30, 0x2C, 0xDA, 0xD1, 0xB6, 0xDC, 0xCA, 0x92, 0xEF, 0xB8, 0xE1, 0xF6, 0xBE, 0x23,
        0x97, 0x96, 0x75, 0x08, 0xBE, 0x2C, 0x02, 0xA2, 0x5E, 0xD0, 0x38, 0x0B, 0xA1, 0xF7, 0x95,
        0x5F, 0x85, 0x7C, 0x8F, 0xB0, 0x43, 0x29, 0x77, 0x80, 0xD1, 0x36, 0xB2, 0xB0, 0x64, 0x04,
        0x0C, 0x8E, 0x55, 0x14, 0x3D, 0x71, 0x5E, 0xA9, 0x97, 0xE1, 0x34, 0xED, 0x97, 0x3C, 0x98,
        0xEF, 0x82, 0x78, 0x6F, 0x0C, 0xCF, 0x66, 0xC1, 0x7D, 0x86, 0x35, 0x42, 0x18, 0x0C, 0x66,
        0xD5, 0x4D, 0x08, 0xE1, 0x16, 0xF2, 0xE3, 0x5D, 0x99, 0x5E, 0x21, 0x44, 0x89, 0xAD, 0x0F,
        0xAD, 0x7A, 0x55, 0xFE, 0x9E, 0xBC, 0x1A, 0x77, 0x7F, 0xE3, 0x41, 0x41, 0x14, 0x7C, 0x08,
        0x0B, 0x98, 0xD1, 0x34, 0x63, 0xA3, 0xBB, 0xC6, 0xFC, 0x82, 0xF2, 0xFC, 0x95, 0xF4, 0xDE,
        0x7B, 0x35, 0x91, 0xD9, 0xC8, 0xCD, 0x44, 0x16, 0x91, 0x7A, 0x43, 0x38, 0x09, 0x5D, 0x56,
        0x20, 0x10, 0x4B, 0x7B, 0xE1, 0x3F, 0x5A, 0x13, 0x1D, 0xD3, 0xF7, 0xAA, 0xD5, 0xB5, 0x59,
        0xD1, 0x1E, 0x81, 0x71, 0xDF, 0xB9, 0x1E, 0x2B, 0xB1, 0xE4, 0x7A, 0xC3, 0x81, 0x0B, 0x1C,
        0xDC, 0x1A, 0x1E, 0x37, 0x0C, 0x86, 0x7B, 0x7B, 0x7B, 0x50, 0xC4, 0x68, 0x8D, 0xCE, 0x54,
        0x57, 0x63, 0x15, 0x7E, 0x02, 0xF4, 0x7E, 0x1C, 0xC6, 0x61, 0xD5, 0xBF, 0x2F, 0xBC, 0x33,
        0x6C, 0xFA, 0xE0, 0x80, 0xAB, 0x15, 0x72, 0x8B, 0x1A, 0xB9, 0xDD, 0x19, 0x9F, 0x27, 0x79,
        0xD4, 0x51, 0xE6, 0x17, 0x89, 0x77, 0xFB, 0x65, 0x8C, 0x17, 0x34, 0x4C, 0xFF, 0xB7, 0xAA,
        0x3A, 0xF5, 0x79, 0x1A, 0x28, 0xFC, 0x8A, 0x08, 0x9C, 0x85, 0x18, 0x77, 0x53, 0xE5, 0xE3,
        0x13, 0xC8, 0xD1, 0xF0, 0xFE, 0x77, 0x55, 0xE2, 0x8B, 0xE4, 0x44, 0x42, 0x6A, 0x18, 0x9E,
        0x8B, 0xCE, 0x2D, 0x2F, 0x79, 0xDB, 0x31, 0xD4, 0xC3, 0xCA, 0x91, 0x1A, 0x83, 0x45, 0x55,
        0x25, 0x35, 0x5F, 0x95, 0xD1, 0x59, 0x35, 0x1C, 0xD7, 0x31, 0xA8, 0x8E, 0x55, 0x40, 0x38,
        0x51, 0x23, 0x6E, 0xE2, 0x12, 0x8F, 0x27, 0x9D, 0x5B, 0xE6, 0x44, 0xC0, 0x42, 0x45, 0x3A,
        0xE6, 0x5D, 0x9E, 0x9F, 0x3B, 0x40, 0xD6, 0xC8, 0x2B, 0xDE, 0xB0, 0x02, 0xAC, 0xDE, 0xE0,
        0x61, 0xEC, 0xCA, 0x3F, 0x2D, 0xCE, 0xAB, 0xEF, 0x9A, 0x90, 0x0E, 0x6E, 0x06, 0x3D, 0x56,
        0xAB, 0x39, 0xCB, 0x82, 0xDB, 0xC7, 0x7A, 0x46, 0x77, 0x57, 0x2D, 0x76, 0x16, 0xCD, 0x72,
        0xC0, 0xF6, 0xD5, 0xB9, 0xB9, 0x41, 0xDF, 0xDA, 0x1F, 0xE7, 0xC8, 0x96, 0xB8, 0xCC, 0x24,
        0xD6, 0x5A, 0x43, 0x22, 0xD7, 0x12, 0xA8, 0x4E, 0x94, 0xAD, 0xFC, 0x8E, 0xD0, 0xCC, 0x56,
        0xCC, 0x1A, 0xE9, 0x7F, 0x77, 0x5B, 0xD3, 0xCE, 0xA5, 0xB2, 0x0B, 0x52, 0x4D, 0x9A, 0x7A,
        0x91, 0x60, 0x56, 0xE1, 0x9A, 0xF0, 0x95, 0xD3, 0x01, 0x71, 0xE5, 0xE1, 0x4C, 0x7C, 0x99,
        0x8F, 0x78, 0xDC, 0x44, 0x84, 0x5E, 0xDF, 0x30, 0x73, 0x63, 0xEA, 0xB7, 0x91, 0x3F, 0x68,
        0x0A, 0x5E, 0x5A, 0x15, 0x40, 0xA6, 0xF9, 0x45, 0x50, 0x7F, 0xFA, 0x67, 0x59, 0x1F, 0x8D,
        0x1A, 0x29, 0x20, 0xAB, 0x3B, 0x6E, 0x75, 0x4E, 0x35, 0x37, 0x9D, 0xD6, 0x78, 0x70, 0xC2,
        0x42, 0x33, 0x5E, 0x27, 0x17, 0x90, 0x3F, 0xF3, 0xC6, 0x87, 0xE5, 0xC3, 0x3D, 0xC9, 0x53,
        0x41, 0x68, 0x65, 0xD5, 0xF2, 0x3B, 0xD7, 0x52, 0xE5, 0x54, 0x92, 0xB9, 0xD5, 0xD8, 0x88,
        0xD7, 0xB3, 0x7E, 0xF3, 0x3B, 0x0A, 0x67, 0x74, 0xD0, 0x52, 0xB0, 0x98, 0x7C, 0x06, 0x6A,
        0x2E, 0x01, 0x76, 0x72, 0x07, 0xAA, 0x7F, 0xBF, 0xC3, 0x93, 0xCA, 0x62, 0x87, 0x46, 0x13,
        0xDD, 0xE3, 0x79, 0x4F, 0x74, 0xFA, 0xDB, 0x5D, 0x55, 0xB8, 0x77, 0xB8, 0x77, 0xA6, 0x05,
        0x91, 0x8C, 0x81, 0x26, 0x10, 0xFB, 0xCA, 0xFA, 0xD7, 0x2E, 0xE2, 0x45, 0xE6, 0xDD, 0x87,
        0x21, 0x13, 0x8D, 0x6B, 0xD3, 0xF4, 0xEE, 0xDA, 0xD8, 0x53, 0xAE, 0xD1, 0xEC, 0x43, 0x7A,
        0xD0, 0x2A, 0xC9, 0x37, 0xC8, 0x0D, 0xAE, 0x26, 0xFA, 0x5F, 0x70, 0x08, 0x3B, 0xD3, 0x46,
        0x77, 0x9B, 0x77, 0x93, 0x87, 0xF7, 0xB3, 0xD2, 0xAA, 0xE5, 0x77, 0x70, 0xD8, 0x17, 0x79,
        0x28, 0x83, 0x32, 0x81, 0xCC, 0xB7, 0xA3, 0x8D, 0xA2, 0x48, 0x34, 0xFD, 0x97, 0x26, 0xFD,
        0x17, 0xEB, 0x60, 0x3C, 0xBA, 0x90, 0x41, 0xE8, 0x2B, 0xFE, 0xED, 0x0E, 0x33, 0x94, 0x2D,
        0xDE, 0x1D, 0x48, 0xC2, 0x71, 0xF5, 0xB3, 0x9A, 0xA7, 0x23, 0x0F, 0x41, 0xAF, 0xB8, 0x9D,
        0x36, 0xF7, 0x97, 0x6E, 0xEE, 0x4F, 0x51, 0xA0, 0x36, 0x74, 0x30, 0x31, 0xC5, 0x34, 0xF6,
        0x46, 0x85, 0xB9, 0x4C, 0x99, 0x0A, 0x93, 0xA5, 0x73, 0x7F, 0xE6, 0x28, 0xEE, 0x9C, 0xDA,
        0x8E, 0xD9, 0xC0, 0x8B, 0x11, 0xD3, 0x83, 0x6F, 0x83, 0x38, 0x35, 0xC4, 0x45, 0xB3, 0x17,
        0xA7, 0x7E, 0xAD, 0x75, 0x99, 0xD1, 0xA0, 0xC0, 0x88, 0x73, 0x01, 0x45, 0x10, 0xD3, 0x6B,
        0xB7, 0xFF, 0x5F, 0xB9, 0x61, 0x27, 0x75, 0x89, 0xEA, 0x48, 0xC3, 0x2A, 0x60, 0xC8, 0x7E,
        0xC4, 0x06, 0x81, 0xBE, 0x06, 0x7B, 0x17, 0x78, 0x5E, 0xC4, 0x48, 0x25, 0xBD, 0x89, 0xFA,
        0xA2, 0x52, 0x49, 0xE7, 0x35, 0xA6, 0x28, 0xB6, 0xEE, 0xBC, 0xC6, 0xCC, 0xE4, 0xE0, 0x31,
        0x4C, 0x62, 0x75, 0x88, 0x11, 0x8C, 0x40, 0xB2, 0xE0, 0xD4, 0x60, 0xD8, 0xD5, 0xCE, 0x35,
        0x8C, 0x56, 0x45, 0x8F, 0x36, 0x91, 0x4C, 0xA2, 0x03, 0xF5, 0xA5, 0x38, 0x1C, 0x6D, 0xEB,
        0x5A, 0x76, 0xBB, 0xC0, 0x8C, 0x40, 0xA8, 0x74, 0x37, 0xDA, 0x0D, 0x0B, 0x57, 0x17, 0x88,
        0xA0, 0x5E, 0x9F, 0x96, 0xD9, 0xBB, 0x77, 0x0D, 0xE8, 0xA0, 0xB1, 0xB9, 0x60, 0xFF, 0x2A,
        0x44, 0xA9, 0x64, 0xC9, 0xB7, 0x93, 0x98, 0x53, 0x74, 0x2E, 0x83, 0xCE, 0x8D, 0xEB, 0x79,
        0x19, 0x1B, 0x2D, 0x82, 0x45, 0x46, 0x55, 0xF2, 0x27, 0x07, 0x9D, 0xD8, 0xC5, 0xB0, 0x21,
        0x6C, 0x84, 0x70, 0xB8, 0xE1, 0xAC, 0x70, 0x52, 0x63, 0x01, 0xBB, 0xFA, 0x2B, 0xC4, 0xAD,
        0xCA, 0x68, 0xA7, 0x66, 0xCC, 0xB2, 0xA6, 0xE0, 0xEB, 0xF2, 0xE9, 0x99, 0x05, 0xBF, 0x52,
        0x42, 0x59, 0x0B, 0x01, 0x70, 0x38, 0x68, 0xB3, 0xFA, 0xF8, 0x41, 0xC1, 0x1C, 0x38, 0x3B,
        0xE1, 0x45, 0xA4, 0x0F, 0xEA, 0x63, 0x75, 0xE1, 0x8A, 0x01, 0x46, 0x8E, 0x45, 0x96, 0x03,
        0xB5, 0xEF, 0xDF, 0x8A, 0x4E, 0x9A, 0xBD, 0x17, 0x92, 0x80, 0xAE, 0x8B, 0x59, 0x47, 0xD7,
        0x8D, 0x2F, 0x0C, 0x4D, 0x37, 0x71, 0x5E, 0xAA, 0x42, 0xBC, 0x37, 0xCF, 0x87, 0x30, 0xE4,
        0x1F, 0xFB, 0xF9, 0x82, 0x6D, 0x46, 0x42, 0x4F, 0x29, 0x22, 0xA9, 0x60, 0x33, 0xCE, 0xFA,
        0xA8, 0xB4, 0xBB, 0xE4, 0xC8, 0xB8, 0x9D, 0x43, 0x50, 0x1F, 0xD5, 0x21, 0x1D, 0x53, 0x92,
        0xCA, 0x19, 0xA9, 0x8B, 0xA1, 0x27, 0xD9, 0x02, 0x5B, 0x5C, 0x6E, 0x86, 0xBA, 0x02, 0x44,
        0x71, 0x94, 0x05, 0x49, 0xA2, 0xB5, 0xD8, 0xE1, 0x49, 0x61, 0xC9, 0xDC, 0x19, 0x69, 0x6D,
        0xA1, 0xA5, 0xBF, 0xFD, 0x01, 0x03, 0x0D, 0x5E, 0x61, 0x00, 0x00, 0x00, 0x00, 0x00, 0x00,
        0x00, 0x00, 0x00, 0x00, 0x00, 0x00, 0x00, 0x00, 0x00, 0x00, 0x00, 0x00, 0x00, 0x00, 0x00,
        0x00, 0x00, 0x00, 0x05, 0x09, 0x0F, 0x13, 0x1A, 0x1F,
    ];

    measure(|| {
        if MLDSA65::verify(&mldsa65_pk, msg, None, &sig).is_ok() {
            println!("Verification succeeded!");
        } else {
            panic!("Verification failed! -- figure that out");
        }
    });
}

/// Same as bench_mldsa65_verify(), but with a pre-expanded public key.
///
/// The matrix A_hat is expanded up-front and held inside the MLDSA65PublicKeyExpanded, which is
/// what makes repeated verifications against the same key cheaper -- at the cost of the memory the
/// expanded key occupies for as long as it is held. Both the expansion and the verification are
/// inside the measurement.
fn bench_mldsa65_verify_expanded_pk() {
    use bouncycastle::mldsa::{MLDSA65, MLDSA65_SIG_LEN, MLDSA65PublicKeyExpanded, MLDSATrait};

    eprintln!("MLDSA65/Verify_with_expanded_key");

    let msg = b"The quick brown fox jumped over the lazy dog";

    /* One-time setup of the KAT -- commented out so that keygen is not captured in the bench */

    // let seed = KeyMaterial256::from_bytes_as_type(
    //     &[0x00,0x01,0x02,0x03,0x04,0x05,0x06,0x07,0x08,0x09,0x0a,0x0b,0x0c,0x0d,0x0e,0x0f,0x10,0x11,0x12,0x13,0x14,0x15,0x16,0x17,0x18,0x19,0x1a,0x1b,0x1c,0x1d,0x1e,0x1f],
    //     KeyType::Seed,
    // ).unwrap();
    //
    // let (mldsa65_pk, mldsa65_sk) = MLDSA65::keygen_from_seed(&seed).unwrap();
    //
    // eprintln!("pk:\n{}", &*hex::encode(&mldsa65_pk.encode()));
    // let mu = MLDSA65::compute_mu_from_sk(&mldsa65_sk, msg, None).unwrap();
    // let sig = MLDSA65::sign_mu_deterministic(&mldsa65_sk, &mu, [0u8; 32]).unwrap();
    // eprintln!("sig:\n{}", &*hex::encode(sig));

    let mldsa65_pk = load_mldsa65_pk();
    // todo -- there's something I don't understand here that removing this hex:: for a straight array causes peak memory usage to go up.
    //  Find the optimal and make all the tests the same.
    let sig: [u8; MLDSA65_SIG_LEN] = [
        0x90, 0x61, 0xF1, 0x5C, 0xBF, 0x20, 0x92, 0xF7, 0x44, 0xFB, 0xCD, 0x79, 0x9E, 0xB0, 0x24,
        0x14, 0x05, 0x3C, 0x1B, 0x0F, 0x74, 0x12, 0x12, 0x4B, 0xED, 0xC4, 0x1C, 0xF9, 0xA3, 0xDB,
        0x01, 0x66, 0x46, 0x9E, 0x87, 0x40, 0x37, 0xD7, 0xF0, 0x81, 0xE5, 0xF8, 0xD3, 0xD2, 0x03,
        0x3A, 0x03, 0x07, 0xD1, 0xC4, 0x9E, 0xD0, 0x1F, 0xE6, 0x45, 0x78, 0xC4, 0xA6, 0xFA, 0xBD,
        0x80, 0x88, 0x0C, 0xDF, 0x19, 0x11, 0x84, 0x8F, 0x18, 0x4D, 0x4B, 0xCF, 0x53, 0x6C, 0xA7,
        0x95, 0xA0, 0xFB, 0x1A, 0xA1, 0x9A, 0xB7, 0xEE, 0x3B, 0xA6, 0xB5, 0x8B, 0xD6, 0x4B, 0xBE,
        0xAC, 0x9F, 0x58, 0x65, 0x0F, 0xFF, 0x1E, 0xF5, 0xA9, 0x7A, 0xB6, 0x91, 0x6D, 0xF9, 0x62,
        0x07, 0x2E, 0x20, 0xE7, 0xC6, 0xBE, 0x96, 0x09, 0x0E, 0x3A, 0x78, 0x1A, 0x50, 0x4B, 0xC4,
        0x44, 0x2B, 0xD8, 0x88, 0x9A, 0x0A, 0xA6, 0x28, 0x90, 0x7A, 0x74, 0x29, 0x9F, 0x39, 0xFA,
        0x83, 0x60, 0x31, 0xF1, 0xBD, 0x68, 0x35, 0x5B, 0xEB, 0xE7, 0xAE, 0x93, 0xC1, 0xE3, 0x61,
        0xA9, 0xEF, 0xBE, 0xD1, 0x32, 0x5D, 0x96, 0x22, 0x70, 0x70, 0x46, 0x1F, 0xCD, 0x6F, 0x15,
        0x1B, 0x86, 0x69, 0xD9, 0x22, 0x9B, 0x97, 0x7D, 0x9E, 0xE5, 0x1F, 0xD2, 0x26, 0x0C, 0x3E,
        0x4A, 0x2E, 0x82, 0x04, 0x16, 0xF9, 0xE0, 0x74, 0x95, 0x8D, 0xC3, 0xB3, 0xE2, 0x21, 0x7E,
        0x63, 0x12, 0xB7, 0xE0, 0xB5, 0x82, 0xA0, 0x48, 0x98, 0x1C, 0xF6, 0x57, 0x9F, 0x4B, 0xC7,
        0x71, 0x5B, 0x78, 0xC8, 0x08, 0xE4, 0xC5, 0x7E, 0x3B, 0x8A, 0xA3, 0x8B, 0x05, 0xC0, 0x4F,
        0xCE, 0xDF, 0x20, 0x9F, 0x52, 0xC1, 0xE3, 0x31, 0xAE, 0x83, 0xDB, 0xDF, 0xF6, 0x0B, 0xA4,
        0x50, 0xA1, 0x7C, 0xC3, 0x97, 0x56, 0x8E, 0x54, 0xBC, 0x3F, 0x16, 0xDD, 0xF3, 0x0B, 0x92,
        0x74, 0x7C, 0xE4, 0x60, 0xD9, 0x25, 0xB9, 0xBE, 0x20, 0xA1, 0xD3, 0x5E, 0x2A, 0xED, 0x97,
        0xF1, 0x24, 0xAF, 0x26, 0x16, 0xA5, 0x36, 0x1D, 0xF2, 0x8B, 0xA3, 0x0E, 0x52, 0x2D, 0xD0,
        0x8F, 0xA0, 0x0F, 0xD2, 0x8D, 0x1A, 0xC4, 0x84, 0xD7, 0x56, 0xA8, 0x9E, 0x3A, 0x44, 0x2F,
        0xEF, 0xE8, 0x33, 0x2C, 0x56, 0xCD, 0x2A, 0x9F, 0xDE, 0x69, 0x1B, 0xDB, 0xDA, 0x43, 0xF1,
        0xCC, 0x54, 0xCE, 0xF5, 0x7B, 0xEA, 0xD9, 0x61, 0x20, 0xB5, 0x0C, 0x7D, 0x46, 0x95, 0xBD,
        0xBB, 0x13, 0x03, 0xCC, 0x5D, 0xDD, 0xA8, 0x98, 0xE4, 0xEE, 0xB8, 0x30, 0x83, 0x17, 0x6E,
        0x40, 0xE0, 0x23, 0x2C, 0xDD, 0x1C, 0x31, 0x50, 0x37, 0x1D, 0xF0, 0x5D, 0x6F, 0xDA, 0xD7,
        0xE1, 0x16, 0x4D, 0x90, 0x39, 0x3C, 0xF3, 0x08, 0xE9, 0x9E, 0xDF, 0xEB, 0x31, 0xFE, 0xD2,
        0x63, 0xE2, 0x86, 0x6E, 0xE3, 0xB7, 0xF3, 0x93, 0x7B, 0x39, 0x9C, 0x97, 0x4D, 0x87, 0xBA,
        0x7B, 0x48, 0x9E, 0xFE, 0x3C, 0x9B, 0x80, 0x37, 0x1D, 0x29, 0x28, 0x44, 0x6A, 0xDC, 0x31,
        0x99, 0x1A, 0xB0, 0xCE, 0xFA, 0xAA, 0x08, 0x05, 0x75, 0xB9, 0xEC, 0x81, 0xCF, 0xA1, 0x33,
        0xA9, 0x91, 0x1C, 0x03, 0x5A, 0x80, 0x58, 0xD0, 0xD3, 0xF2, 0xE3, 0x4D, 0xE4, 0xA9, 0xFB,
        0x00, 0x9B, 0xB4, 0xCC, 0xDB, 0x16, 0xDE, 0x7B, 0x90, 0x85, 0x74, 0xA7, 0x49, 0x67, 0x25,
        0xFF, 0x85, 0x75, 0x56, 0xC1, 0xB3, 0x39, 0x17, 0xE9, 0x86, 0xC8, 0x0F, 0x10, 0x14, 0xA9,
        0xE3, 0x08, 0x3A, 0xDD, 0x2F, 0xB3, 0x5F, 0x34, 0x5C, 0x5D, 0x06, 0x15, 0x9E, 0x44, 0x33,
        0x29, 0xD0, 0xDA, 0x09, 0x99, 0x87, 0xB9, 0x96, 0xC3, 0x73, 0x15, 0x92, 0xB4, 0x60, 0xC2,
        0xFF, 0xD2, 0x95, 0x5F, 0x75, 0x46, 0xF4, 0x21, 0x61, 0x00, 0xBA, 0x43, 0x18, 0x88, 0x03,
        0xFF, 0x9B, 0x36, 0x96, 0x96, 0x85, 0xF9, 0x09, 0xFA, 0x25, 0x39, 0x32, 0x3B, 0x8C, 0x8E,
        0xC1, 0xC0, 0x95, 0xA5, 0x08, 0x5E, 0x55, 0x4D, 0xD4, 0x50, 0xE0, 0xE6, 0x7A, 0xB6, 0x70,
        0xB6, 0xA1, 0x1E, 0xBF, 0x6C, 0x25, 0x52, 0x0F, 0xC1, 0x3E, 0x36, 0x40, 0x60, 0xF9, 0x1F,
        0x9B, 0x7F, 0x3D, 0x5C, 0xB4, 0x8F, 0xF2, 0x8B, 0x8F, 0xC8, 0x3D, 0x42, 0x93, 0xF1, 0xF3,
        0x5A, 0xD6, 0xFF, 0x6A, 0xE4, 0x57, 0x4A, 0xD7, 0xA1, 0xC6, 0x00, 0x5F, 0xC0, 0x38, 0x9A,
        0x7B, 0x21, 0x38, 0x6B, 0x08, 0x50, 0xA0, 0x5D, 0x83, 0x2F, 0xE6, 0xA1, 0x4B, 0xB2, 0xB1,
        0xDB, 0x1F, 0x8E, 0x20, 0xBD, 0x09, 0x17, 0x49, 0x46, 0xCD, 0x09, 0x8B, 0x81, 0xC8, 0xF7,
        0x97, 0xE9, 0x5F, 0x21, 0x43, 0xA9, 0x49, 0x77, 0x0C, 0xF1, 0x21, 0x9B, 0xFE, 0xF0, 0x39,
        0xDB, 0x51, 0xA8, 0x0F, 0xC2, 0x47, 0xF6, 0x5F, 0x41, 0x55, 0x4C, 0x71, 0x73, 0xDD, 0x80,
        0x5B, 0xA8, 0x2F, 0xDF, 0x47, 0xAB, 0x6D, 0x4B, 0xFD, 0x37, 0xDF, 0xE4, 0x6F, 0xC4, 0x79,
        0x04, 0x42, 0x1A, 0xE0, 0x0D, 0xC0, 0x05, 0xA2, 0x2F, 0x9C, 0x47, 0x84, 0xB0, 0xEA, 0x9E,
        0x66, 0x53, 0x92, 0xA4, 0x12, 0x24, 0x50, 0x16, 0xD5, 0xC6, 0xD7, 0x67, 0x3A, 0x6A, 0x18,
        0x0D, 0x22, 0x8D, 0x42, 0x55, 0xA5, 0x38, 0xE4, 0x51, 0xFF, 0xD8, 0xB4, 0x14, 0xD4, 0x03,
        0x04, 0xC0, 0xC8, 0x88, 0x99, 0x2E, 0x0A, 0xB6, 0xDE, 0x16, 0x02, 0x10, 0x95, 0x27, 0x41,
        0x7B, 0xC1, 0xC7, 0xEB, 0x78, 0x2A, 0xE7, 0x7A, 0x8C, 0x3C, 0xDF, 0xC1, 0xD1, 0x3A, 0x1E,
        0x87, 0x42, 0x07, 0x89, 0x82, 0x64, 0xE3, 0x80, 0x80, 0x24, 0x31, 0x09, 0xC5, 0x96, 0x96,
        0x49, 0xAC, 0x83, 0x83, 0x41, 0x7E, 0x92, 0x2B, 0xA1, 0x15, 0x33, 0x11, 0x42, 0xD0, 0xED,
        0x35, 0x44, 0x0B, 0x15, 0xD4, 0x0B, 0xEE, 0x0C, 0xF5, 0x8A, 0xF3, 0x7C, 0x0F, 0x05, 0x24,
        0xFF, 0xAC, 0x1C, 0x71, 0xCE, 0xED, 0x3B, 0xB8, 0x2F, 0x76, 0xAB, 0x10, 0x8A, 0x8A, 0xD1,
        0xA0, 0xC8, 0xB7, 0x8D, 0x93, 0x41, 0x14, 0x8C, 0x64, 0x23, 0x69, 0xBE, 0x7B, 0xEF, 0x59,
        0xD4, 0x6F, 0x49, 0xD7, 0x0C, 0x83, 0x56, 0x06, 0x07, 0xF1, 0x40, 0x84, 0x8E, 0xC9, 0xA7,
        0x60, 0x7D, 0x4A, 0x08, 0xF8, 0xB6, 0xE4, 0x44, 0x7F, 0x55, 0x23, 0xF4, 0x16, 0x98, 0x18,
        0x88, 0xA8, 0xDE, 0x96, 0x47, 0xFF, 0xEF, 0x79, 0x38, 0x9E, 0x49, 0x83, 0xE5, 0xC9, 0x38,
        0x76, 0x98, 0xD0, 0xCC, 0x2D, 0x42, 0x93, 0x22, 0x36, 0x5C, 0xE7, 0xE7, 0xB5, 0xFD, 0x6D,
        0x6E, 0xB9, 0x21, 0xC8, 0x13, 0xFC, 0xF0, 0x61, 0x99, 0xFE, 0x1C, 0xA4, 0x1E, 0x9C, 0xFE,
        0x03, 0xB5, 0x39, 0xF3, 0x21, 0x67, 0x1A, 0x2A, 0xCA, 0xD0, 0x96, 0x3F, 0x87, 0x6F, 0x9D,
        0xB7, 0xA1, 0xC4, 0x37, 0x1B, 0x9F, 0x10, 0x10, 0x05, 0x21, 0x79, 0x95, 0xB5, 0xB6, 0xA4,
        0x09, 0x76, 0x24, 0x6D, 0x24, 0x5D, 0xA6, 0x03, 0xDB, 0xA8, 0xDA, 0xC8, 0x12, 0xA5, 0x48,
        0x0C, 0x34, 0x76, 0xA9, 0x9D, 0x0F, 0xFD, 0xF0, 0xEF, 0x94, 0x3D, 0x72, 0xD9, 0x12, 0x54,
        0x31, 0x48, 0xB2, 0xFE, 0x78, 0xE8, 0xB0, 0x15, 0x93, 0x24, 0xFE, 0x9B, 0xCD, 0x4C, 0xED,
        0x33, 0xCD, 0x21, 0x2F, 0xE4, 0xF3, 0xDF, 0xD6, 0xD4, 0xC5, 0xE1, 0x95, 0x8B, 0xEB, 0x95,
        0xAC, 0x6B, 0x53, 0x3A, 0xCE, 0x3E, 0x78, 0x01, 0x5E, 0x38, 0x80, 0xB5, 0x2B, 0xF4, 0x52,
        0x99, 0x26, 0x3A, 0x4C, 0x00, 0x96, 0xF8, 0xBA, 0x5F, 0xE3, 0xA6, 0x29, 0x8C, 0xAB, 0x67,
        0x5C, 0xB7, 0xF3, 0x82, 0xE7, 0xEF, 0x49, 0x72, 0x0E, 0xB4, 0xCF, 0x47, 0x37, 0x6E, 0x2D,
        0x25, 0x74, 0x12, 0x2C, 0xCF, 0x91, 0x12, 0x9C, 0x85, 0x8E, 0x94, 0x89, 0x04, 0xFE, 0xCE,
        0xFB, 0x91, 0x22, 0x6E, 0xD4, 0x24, 0x03, 0xBA, 0x12, 0xDD, 0x32, 0x58, 0x90, 0x9A, 0x87,
        0xDF, 0xCB, 0xF6, 0x5C, 0xC3, 0xAD, 0xC3, 0xD9, 0x8D, 0x27, 0x7F, 0xDC, 0xEC, 0x76, 0x64,
        0xE2, 0x29, 0x2B, 0x7D, 0x27, 0xAF, 0xBB, 0x5A, 0xAF, 0xB4, 0x05, 0xC2, 0x0A, 0x34, 0xB2,
        0xFE, 0x2C, 0x08, 0x49, 0xEE, 0x28, 0x0B, 0xB8, 0x91, 0xDF, 0xDF, 0x59, 0xF1, 0x9B, 0x89,
        0xB0, 0x24, 0x63, 0x58, 0xDB, 0x54, 0xCF, 0x3F, 0xDC, 0x66, 0xEA, 0xAA, 0xA7, 0x50, 0xC8,
        0x90, 0x3F, 0x1D, 0x42, 0x67, 0x8F, 0x3E, 0xDF, 0x0B, 0x75, 0x30, 0x41, 0x0A, 0xA8, 0x81,
        0xBC, 0x61, 0x7F, 0x94, 0x34, 0x63, 0x79, 0x85, 0x4A, 0xF4, 0x53, 0x2E, 0x61, 0xF6, 0x5A,
        0xAE, 0x75, 0x76, 0xC3, 0x5F, 0xAF, 0x55, 0xE1, 0x55, 0xBD, 0x67, 0x87, 0xB4, 0x63, 0x4D,
        0x54, 0x19, 0x19, 0x07, 0xE1, 0x55, 0xC2, 0x39, 0xE6, 0x84, 0x80, 0xCD, 0xFA, 0x0C, 0x87,
        0x05, 0x4B, 0xFB, 0x62, 0x85, 0x5F, 0x40, 0x9A, 0x20, 0xD5, 0x33, 0x5F, 0xB1, 0x23, 0xE6,
        0x81, 0xE6, 0x4E, 0xC8, 0x47, 0xCD, 0x98, 0x5B, 0x60, 0x62, 0x05, 0x9F, 0x43, 0x6A, 0xEB,
        0xAC, 0x62, 0x3C, 0x03, 0x8B, 0x6C, 0x34, 0x05, 0xAC, 0x32, 0x51, 0x91, 0xA8, 0xD1, 0x12,
        0x6A, 0x5E, 0xF8, 0xF3, 0x8C, 0xCC, 0xBF, 0x14, 0x4A, 0x5C, 0x32, 0x4C, 0x1E, 0x09, 0x3C,
        0xF9, 0x9E, 0xFB, 0xE1, 0x0C, 0xA0, 0x3D, 0x43, 0x9B, 0xCF, 0xB8, 0xBA, 0x5E, 0x29, 0x3B,
        0x7D, 0x31, 0x88, 0x37, 0xF7, 0xBC, 0x42, 0xA9, 0x99, 0x64, 0x39, 0x23, 0x69, 0xDA, 0x76,
        0xE7, 0x9D, 0x71, 0xD1, 0xA2, 0xC2, 0x48, 0xA1, 0x13, 0x24, 0xA8, 0x7A, 0xE1, 0xE3, 0xCB,
        0xEA, 0xB6, 0xFB, 0x0D, 0x0B, 0xCA, 0xE1, 0xEF, 0x55, 0xE4, 0x3D, 0xFB, 0x6F, 0x1B, 0x4C,
        0xFB, 0x82, 0xC7, 0xA7, 0x78, 0xFB, 0x82, 0x8A, 0x37, 0x27, 0xEF, 0x07, 0x68, 0x5F, 0xE3,
        0x8A, 0x74, 0xB3, 0xDD, 0x25, 0xD0, 0x15, 0x32, 0x2C, 0x2D, 0x9F, 0x24, 0x5C, 0x08, 0xD8,
        0xC2, 0xB4, 0x38, 0x65, 0x69, 0x42, 0x33, 0x78, 0x2E, 0xB7, 0x34, 0x43, 0x6C, 0x4E, 0xDD,
        0xEF, 0x54, 0x06, 0x20, 0x8D, 0x6C, 0x45, 0x72, 0xC7, 0x37, 0x12, 0x62, 0xFE, 0x02, 0x31,
        0x9C, 0xFB, 0xBC, 0xF2, 0xE2, 0x3B, 0xED, 0x8A, 0xA9, 0x69, 0xD1, 0xAE, 0x6F, 0x5F, 0x25,
        0xFF, 0x6B, 0x8E, 0xBC, 0xF0, 0x92, 0x50, 0x66, 0xF7, 0x61, 0xA3, 0x9B, 0xBF, 0xF4, 0x9F,
        0x0C, 0x8D, 0xBC, 0x3B, 0xE8, 0x4F, 0x0C, 0x44, 0x2B, 0x04, 0x4E, 0xA0, 0x1B, 0x66, 0x97,
        0x47, 0xE3, 0xC8, 0x29, 0x3C, 0xFE, 0x9C, 0xCD, 0xF2, 0xEF, 0x06, 0x3A, 0xE3, 0xD2, 0x8D,
        0x10, 0x72, 0x0C, 0x27, 0x9A, 0x26, 0x91, 0x61, 0x6A, 0xBD, 0x23, 0xB0, 0x55, 0xCF, 0xC6,
        0xC5, 0x62, 0x12, 0x5D, 0xF4, 0xAD, 0x0F, 0xA6, 0x63, 0x13, 0x04, 0x97, 0x2D, 0xDC, 0x36,
        0x74, 0xB1, 0xAA, 0xA7, 0x66, 0x5B, 0xF6, 0x21, 0x32, 0x0D, 0x83, 0xEA, 0xC8, 0xD5, 0xB3,
        0x71, 0xD7, 0xD7, 0x19, 0x82, 0x9F, 0x58, 0xB2, 0x34, 0x58, 0x18, 0x25, 0x58, 0x71, 0x0D,
        0xE3, 0x1D, 0x81, 0xEF, 0x9A, 0x47, 0xD8, 0x83, 0x9C, 0x79, 0x64, 0x0B, 0x20, 0x25, 0xD1,
        0x96, 0x5A, 0x41, 0x8B, 0xC9, 0x0E, 0x41, 0x15, 0xF1, 0x42, 0x33, 0x11, 0xA8, 0xB6, 0x4F,
        0xCD, 0xE0, 0xF2, 0xD2, 0x14, 0x5E, 0xE5, 0x35, 0xB0, 0x93, 0x1B, 0x84, 0xBC, 0x81, 0x10,
        0x44, 0x5F, 0x2F, 0xF6, 0x8D, 0x13, 0x6E, 0xD7, 0x09, 0xDD, 0xB7, 0xEA, 0x9F, 0xF7, 0x5F,
        0x3B, 0x4E, 0x8B, 0x4F, 0x83, 0x62, 0x30, 0xCA, 0x9E, 0x81, 0x06, 0x94, 0x77, 0xF6, 0x34,
        0xE0, 0x72, 0x70, 0xAF, 0x60, 0xEF, 0x96, 0xF7, 0x25, 0x57, 0xA0, 0x81, 0xD6, 0x64, 0xAB,
        0xCF, 0x35, 0x54, 0x8F, 0x69, 0x94, 0x84, 0x65, 0x3D, 0xA6, 0x45, 0x48, 0x3F, 0xF2, 0xBF,
        0x59, 0x98, 0x61, 0x7A, 0xE8, 0xBF, 0xA6, 0x2D, 0x56, 0xE7, 0x14, 0xF3, 0xC0, 0x13, 0x6E,
        0x50, 0x35, 0xA3, 0xF7, 0x8E, 0x06, 0xC2, 0xF4, 0x70, 0xDF, 0x7F, 0xD3, 0x38, 0x0D, 0x14,
        0x03, 0x3F, 0x81, 0xE2, 0xAA, 0xE6, 0xB4, 0xD9, 0x04, 0x87, 0xDA, 0xB7, 0x6B, 0x9B, 0x3B,
        0x87, 0x61, 0xFB, 0x56, 0xC3, 0x6F, 0x54, 0x29, 0xDA, 0x3D, 0x43, 0x46, 0xCB, 0x22, 0xE6,
        0x41, 0xAD, 0x8D, 0x7D, 0x2D, 0x80, 0xFA, 0x24, 0x0D, 0x4E, 0x01, 0x54, 0xE6, 0xB3, 0xD2,
        0xF1, 0xB3, 0xEF, 0x6C, 0xF1, 0x74, 0xC0, 0x8D, 0x06, 0x2F, 0x57, 0x5C, 0x83, 0xA4, 0x07,
        0x81, 0x74, 0xF8, 0x74, 0x36, 0x4D, 0xF3, 0x6A, 0x63, 0x28, 0xBE, 0xEE, 0xF6, 0x9B, 0xA7,
        0xF9, 0x0E, 0x1D, 0xF9, 0xFD, 0xCE, 0xC9, 0xA2, 0xF1, 0x5E, 0xBF, 0x04, 0xFA, 0x7D, 0x67,
        0x56, 0xDA, 0x2E, 0x5A, 0x59, 0xC9, 0xCB, 0xBC, 0xBC, 0x39, 0x7D, 0x6F, 0xB2, 0x8D, 0x0F,
        0xC9, 0xA6, 0x05, 0x34, 0xDF, 0xF0, 0x75, 0x27, 0x16, 0xED, 0x07, 0x9A, 0xD1, 0xAB, 0x19,
        0xA2, 0x24, 0xD1, 0xC8, 0xAE, 0x8A, 0x53, 0x24, 0x2F, 0xD1, 0x64, 0x98, 0x9F, 0xF9, 0x97,
        0x48, 0x9B, 0x65, 0x20, 0xEB, 0x3C, 0x0E, 0x97, 0xF4, 0xBC, 0xC1, 0xA9, 0xC3, 0xCB, 0xD4,
        0x4F, 0x00, 0x8C, 0x03, 0xEF, 0x52, 0xCF, 0x7E, 0x62, 0x68, 0x81, 0xD2, 0x46, 0x92, 0x5E,
        0x03, 0x36, 0xC0, 0xAC, 0x66, 0x88, 0x67, 0xF8, 0x53, 0xDA, 0x78, 0x20, 0xF9, 0x14, 0x11,
        0x5A, 0x7C, 0x77, 0xAC, 0x31, 0xB6, 0x6F, 0x46, 0xFB, 0xF9, 0x7F, 0x66, 0xFA, 0x26, 0x41,
        0x6F, 0xC4, 0x58, 0x1D, 0x45, 0x9A, 0x4F, 0x24, 0x62, 0xD5, 0x2C, 0xF0, 0xC7, 0x9B, 0x27,
        0x89, 0x55, 0xAA, 0x73, 0xE8, 0xFA, 0x56, 0xE3, 0xC3, 0x20, 0xF5, 0x16, 0xBC, 0xC5, 0x4C,
        0x97, 0xE5, 0x87, 0x19, 0x9C, 0x15, 0xAB, 0x95, 0x3C, 0xC3, 0x71, 0x89, 0xB8, 0x1C, 0x70,
        0xCA, 0xBB, 0x25, 0x59, 0xE4, 0x45, 0xBC, 0xC9, 0xD8, 0x17, 0x4A, 0xD7, 0x57, 0x4E, 0x9A,
        0xCB, 0x02, 0xF4, 0x3E, 0x0C, 0x34, 0xFF, 0x5E, 0x67, 0x46, 0xEE, 0x73, 0x0A, 0xD4, 0x1F,
        0xF8, 0xEE, 0xF9, 0x3C, 0x20, 0x71, 0xC2, 0x64, 0x90, 0x63, 0xDD, 0x92, 0xF3, 0x43, 0xC0,
        0x6E, 0xF6, 0xAB, 0xAF, 0x98, 0xF2, 0x8D, 0x98, 0xD9, 0x68, 0x07, 0x1C, 0x12, 0xCC, 0x10,
        0xA9, 0x0C, 0x22, 0xD8, 0xB3, 0xB3, 0x48, 0x0C, 0x76, 0xF7, 0xA5, 0x1B, 0x7E, 0xC5, 0x94,
        0xB3, 0x43, 0x5D, 0x2E, 0x3D, 0x77, 0x9C, 0x1A, 0x15, 0x03, 0x76, 0x97, 0xF3, 0xA0, 0x58,
        0x65, 0x04, 0x72, 0xE4, 0x7E, 0xEC, 0xD5, 0xF3, 0x2E, 0xB3, 0x24, 0x3A, 0x51, 0x6F, 0x0E,
        0x70, 0x3F, 0x98, 0x88, 0xC8, 0x46, 0x90, 0x75, 0x06, 0x48, 0xD6, 0xA9, 0xA8, 0x76, 0xBF,
        0x1F, 0x35, 0x3D, 0xB6, 0x89, 0x1D, 0xC6, 0xD3, 0x17, 0xD6, 0xE8, 0x7A, 0xC0, 0x88, 0xF4,
        0x2B, 0x5F, 0x6F, 0x20, 0xD7, 0x99, 0xEC, 0xE4, 0xFA, 0x7A, 0xAA, 0x92, 0x8D, 0x2A, 0xC7,
        0x95, 0xE8, 0xDE, 0x83, 0xD1, 0xE1, 0xC7, 0xFA, 0x2F, 0x9A, 0x41, 0x06, 0x69, 0x3E, 0x98,
        0x1C, 0x21, 0xC6, 0x3B, 0x32, 0x21, 0xC4, 0xFA, 0x26, 0x49, 0xF4, 0x5F, 0x0C, 0x6E, 0x05,
        0xDB, 0xF2, 0x40, 0x11, 0xAF, 0x16, 0xAB, 0x2E, 0x5F, 0xE9, 0x4A, 0x64, 0x0B, 0x48, 0x59,
        0x88, 0x03, 0x7E, 0xBE, 0x1E, 0x8A, 0xD0, 0xB2, 0x62, 0x3D, 0x95, 0xE9, 0x94, 0x7F, 0x07,
        0x26, 0x12, 0x1D, 0x78, 0x28, 0x61, 0x4E, 0x3B, 0x2D, 0x77, 0xA7, 0xA1, 0xF9, 0xA9, 0x38,
        0xBE, 0xA9, 0xA1, 0xA7, 0xA2, 0x62, 0x7B, 0x7D, 0x2E, 0x35, 0x8C, 0x42, 0xCC, 0xC6, 0xC0,
        0xB8, 0x0A, 0x15, 0xA1, 0xC2, 0xF6, 0xE9, 0xAA, 0xF0, 0x49, 0x5B, 0xDB, 0x7B, 0xB8, 0xD4,
        0xB0, 0xE2, 0x8A, 0x1A, 0xB5, 0xAB, 0x93, 0xCA, 0x0F, 0xF3, 0xE3, 0xF9, 0x10, 0xC4, 0x90,
        0xC1, 0x34, 0x86, 0x85, 0x25, 0x34, 0xD5, 0xE1, 0x21, 0x60, 0x83, 0x5E, 0xC5, 0x91, 0x6C,
        0x5C, 0x68, 0x34, 0x9C, 0x4E, 0x2D, 0x8F, 0xA9, 0x56, 0xC6, 0x43, 0x27, 0x7E, 0xDD, 0x3B,
        0x6C, 0x81, 0xC8, 0x8C, 0x01, 0x04, 0x21, 0x70, 0x5F, 0xD3, 0x17, 0xFF, 0x9E, 0x3C, 0x94,
        0xDF, 0x0E, 0xD5, 0x30, 0x5F, 0x53, 0x0A, 0xCB, 0xCC, 0xF8, 0xDD, 0x0E, 0x87, 0x14, 0x0C,
        0xD3, 0x81, 0x52, 0x66, 0x4A, 0x57, 0x2C, 0x16, 0x8C, 0xD7, 0x25, 0x95, 0xB7, 0xFA, 0xC2,
        0x43, 0xC0, 0x3F, 0x3F, 0xB3, 0x3E, 0xF7, 0x4A, 0x28, 0xC0, 0xE4, 0x46, 0x9F, 0x94, 0x58,
        0x7C, 0x13, 0x70, 0x4E, 0x9E, 0xFE, 0x80, 0x10, 0xB2, 0x12, 0x5A, 0xCA, 0x78, 0xC2, 0x2C,
        0x33, 0xC8, 0x23, 0x66, 0xE1, 0xA7, 0xC4, 0x02, 0x8C, 0x2A, 0xE2, 0xE8, 0xD2, 0x6E, 0x1A,
        0x57, 0xE4, 0x29, 0x7F, 0xAC, 0x98, 0x7F, 0x84, 0xA0, 0xA2, 0x7F, 0x42, 0xB4, 0xC9, 0x3A,
        0x4F, 0x4D, 0x14, 0x56, 0x98, 0x24, 0xB0, 0x88, 0x0F, 0xB6, 0x74, 0x07, 0xED, 0x58, 0xF2,
        0x67, 0xAC, 0x40, 0x3A, 0xA0, 0xB1, 0xF9, 0x37, 0x84, 0xB4, 0xB4, 0xC6, 0x70, 0x36, 0x03,
        0x7E, 0x60, 0xD5, 0x80, 0x72, 0x61, 0x1B, 0x0E, 0x90, 0xCA, 0x31, 0x69, 0x76, 0xEF, 0x4E,
        0x0B, 0x30, 0x2C, 0xDA, 0xD1, 0xB6, 0xDC, 0xCA, 0x92, 0xEF, 0xB8, 0xE1, 0xF6, 0xBE, 0x23,
        0x97, 0x96, 0x75, 0x08, 0xBE, 0x2C, 0x02, 0xA2, 0x5E, 0xD0, 0x38, 0x0B, 0xA1, 0xF7, 0x95,
        0x5F, 0x85, 0x7C, 0x8F, 0xB0, 0x43, 0x29, 0x77, 0x80, 0xD1, 0x36, 0xB2, 0xB0, 0x64, 0x04,
        0x0C, 0x8E, 0x55, 0x14, 0x3D, 0x71, 0x5E, 0xA9, 0x97, 0xE1, 0x34, 0xED, 0x97, 0x3C, 0x98,
        0xEF, 0x82, 0x78, 0x6F, 0x0C, 0xCF, 0x66, 0xC1, 0x7D, 0x86, 0x35, 0x42, 0x18, 0x0C, 0x66,
        0xD5, 0x4D, 0x08, 0xE1, 0x16, 0xF2, 0xE3, 0x5D, 0x99, 0x5E, 0x21, 0x44, 0x89, 0xAD, 0x0F,
        0xAD, 0x7A, 0x55, 0xFE, 0x9E, 0xBC, 0x1A, 0x77, 0x7F, 0xE3, 0x41, 0x41, 0x14, 0x7C, 0x08,
        0x0B, 0x98, 0xD1, 0x34, 0x63, 0xA3, 0xBB, 0xC6, 0xFC, 0x82, 0xF2, 0xFC, 0x95, 0xF4, 0xDE,
        0x7B, 0x35, 0x91, 0xD9, 0xC8, 0xCD, 0x44, 0x16, 0x91, 0x7A, 0x43, 0x38, 0x09, 0x5D, 0x56,
        0x20, 0x10, 0x4B, 0x7B, 0xE1, 0x3F, 0x5A, 0x13, 0x1D, 0xD3, 0xF7, 0xAA, 0xD5, 0xB5, 0x59,
        0xD1, 0x1E, 0x81, 0x71, 0xDF, 0xB9, 0x1E, 0x2B, 0xB1, 0xE4, 0x7A, 0xC3, 0x81, 0x0B, 0x1C,
        0xDC, 0x1A, 0x1E, 0x37, 0x0C, 0x86, 0x7B, 0x7B, 0x7B, 0x50, 0xC4, 0x68, 0x8D, 0xCE, 0x54,
        0x57, 0x63, 0x15, 0x7E, 0x02, 0xF4, 0x7E, 0x1C, 0xC6, 0x61, 0xD5, 0xBF, 0x2F, 0xBC, 0x33,
        0x6C, 0xFA, 0xE0, 0x80, 0xAB, 0x15, 0x72, 0x8B, 0x1A, 0xB9, 0xDD, 0x19, 0x9F, 0x27, 0x79,
        0xD4, 0x51, 0xE6, 0x17, 0x89, 0x77, 0xFB, 0x65, 0x8C, 0x17, 0x34, 0x4C, 0xFF, 0xB7, 0xAA,
        0x3A, 0xF5, 0x79, 0x1A, 0x28, 0xFC, 0x8A, 0x08, 0x9C, 0x85, 0x18, 0x77, 0x53, 0xE5, 0xE3,
        0x13, 0xC8, 0xD1, 0xF0, 0xFE, 0x77, 0x55, 0xE2, 0x8B, 0xE4, 0x44, 0x42, 0x6A, 0x18, 0x9E,
        0x8B, 0xCE, 0x2D, 0x2F, 0x79, 0xDB, 0x31, 0xD4, 0xC3, 0xCA, 0x91, 0x1A, 0x83, 0x45, 0x55,
        0x25, 0x35, 0x5F, 0x95, 0xD1, 0x59, 0x35, 0x1C, 0xD7, 0x31, 0xA8, 0x8E, 0x55, 0x40, 0x38,
        0x51, 0x23, 0x6E, 0xE2, 0x12, 0x8F, 0x27, 0x9D, 0x5B, 0xE6, 0x44, 0xC0, 0x42, 0x45, 0x3A,
        0xE6, 0x5D, 0x9E, 0x9F, 0x3B, 0x40, 0xD6, 0xC8, 0x2B, 0xDE, 0xB0, 0x02, 0xAC, 0xDE, 0xE0,
        0x61, 0xEC, 0xCA, 0x3F, 0x2D, 0xCE, 0xAB, 0xEF, 0x9A, 0x90, 0x0E, 0x6E, 0x06, 0x3D, 0x56,
        0xAB, 0x39, 0xCB, 0x82, 0xDB, 0xC7, 0x7A, 0x46, 0x77, 0x57, 0x2D, 0x76, 0x16, 0xCD, 0x72,
        0xC0, 0xF6, 0xD5, 0xB9, 0xB9, 0x41, 0xDF, 0xDA, 0x1F, 0xE7, 0xC8, 0x96, 0xB8, 0xCC, 0x24,
        0xD6, 0x5A, 0x43, 0x22, 0xD7, 0x12, 0xA8, 0x4E, 0x94, 0xAD, 0xFC, 0x8E, 0xD0, 0xCC, 0x56,
        0xCC, 0x1A, 0xE9, 0x7F, 0x77, 0x5B, 0xD3, 0xCE, 0xA5, 0xB2, 0x0B, 0x52, 0x4D, 0x9A, 0x7A,
        0x91, 0x60, 0x56, 0xE1, 0x9A, 0xF0, 0x95, 0xD3, 0x01, 0x71, 0xE5, 0xE1, 0x4C, 0x7C, 0x99,
        0x8F, 0x78, 0xDC, 0x44, 0x84, 0x5E, 0xDF, 0x30, 0x73, 0x63, 0xEA, 0xB7, 0x91, 0x3F, 0x68,
        0x0A, 0x5E, 0x5A, 0x15, 0x40, 0xA6, 0xF9, 0x45, 0x50, 0x7F, 0xFA, 0x67, 0x59, 0x1F, 0x8D,
        0x1A, 0x29, 0x20, 0xAB, 0x3B, 0x6E, 0x75, 0x4E, 0x35, 0x37, 0x9D, 0xD6, 0x78, 0x70, 0xC2,
        0x42, 0x33, 0x5E, 0x27, 0x17, 0x90, 0x3F, 0xF3, 0xC6, 0x87, 0xE5, 0xC3, 0x3D, 0xC9, 0x53,
        0x41, 0x68, 0x65, 0xD5, 0xF2, 0x3B, 0xD7, 0x52, 0xE5, 0x54, 0x92, 0xB9, 0xD5, 0xD8, 0x88,
        0xD7, 0xB3, 0x7E, 0xF3, 0x3B, 0x0A, 0x67, 0x74, 0xD0, 0x52, 0xB0, 0x98, 0x7C, 0x06, 0x6A,
        0x2E, 0x01, 0x76, 0x72, 0x07, 0xAA, 0x7F, 0xBF, 0xC3, 0x93, 0xCA, 0x62, 0x87, 0x46, 0x13,
        0xDD, 0xE3, 0x79, 0x4F, 0x74, 0xFA, 0xDB, 0x5D, 0x55, 0xB8, 0x77, 0xB8, 0x77, 0xA6, 0x05,
        0x91, 0x8C, 0x81, 0x26, 0x10, 0xFB, 0xCA, 0xFA, 0xD7, 0x2E, 0xE2, 0x45, 0xE6, 0xDD, 0x87,
        0x21, 0x13, 0x8D, 0x6B, 0xD3, 0xF4, 0xEE, 0xDA, 0xD8, 0x53, 0xAE, 0xD1, 0xEC, 0x43, 0x7A,
        0xD0, 0x2A, 0xC9, 0x37, 0xC8, 0x0D, 0xAE, 0x26, 0xFA, 0x5F, 0x70, 0x08, 0x3B, 0xD3, 0x46,
        0x77, 0x9B, 0x77, 0x93, 0x87, 0xF7, 0xB3, 0xD2, 0xAA, 0xE5, 0x77, 0x70, 0xD8, 0x17, 0x79,
        0x28, 0x83, 0x32, 0x81, 0xCC, 0xB7, 0xA3, 0x8D, 0xA2, 0x48, 0x34, 0xFD, 0x97, 0x26, 0xFD,
        0x17, 0xEB, 0x60, 0x3C, 0xBA, 0x90, 0x41, 0xE8, 0x2B, 0xFE, 0xED, 0x0E, 0x33, 0x94, 0x2D,
        0xDE, 0x1D, 0x48, 0xC2, 0x71, 0xF5, 0xB3, 0x9A, 0xA7, 0x23, 0x0F, 0x41, 0xAF, 0xB8, 0x9D,
        0x36, 0xF7, 0x97, 0x6E, 0xEE, 0x4F, 0x51, 0xA0, 0x36, 0x74, 0x30, 0x31, 0xC5, 0x34, 0xF6,
        0x46, 0x85, 0xB9, 0x4C, 0x99, 0x0A, 0x93, 0xA5, 0x73, 0x7F, 0xE6, 0x28, 0xEE, 0x9C, 0xDA,
        0x8E, 0xD9, 0xC0, 0x8B, 0x11, 0xD3, 0x83, 0x6F, 0x83, 0x38, 0x35, 0xC4, 0x45, 0xB3, 0x17,
        0xA7, 0x7E, 0xAD, 0x75, 0x99, 0xD1, 0xA0, 0xC0, 0x88, 0x73, 0x01, 0x45, 0x10, 0xD3, 0x6B,
        0xB7, 0xFF, 0x5F, 0xB9, 0x61, 0x27, 0x75, 0x89, 0xEA, 0x48, 0xC3, 0x2A, 0x60, 0xC8, 0x7E,
        0xC4, 0x06, 0x81, 0xBE, 0x06, 0x7B, 0x17, 0x78, 0x5E, 0xC4, 0x48, 0x25, 0xBD, 0x89, 0xFA,
        0xA2, 0x52, 0x49, 0xE7, 0x35, 0xA6, 0x28, 0xB6, 0xEE, 0xBC, 0xC6, 0xCC, 0xE4, 0xE0, 0x31,
        0x4C, 0x62, 0x75, 0x88, 0x11, 0x8C, 0x40, 0xB2, 0xE0, 0xD4, 0x60, 0xD8, 0xD5, 0xCE, 0x35,
        0x8C, 0x56, 0x45, 0x8F, 0x36, 0x91, 0x4C, 0xA2, 0x03, 0xF5, 0xA5, 0x38, 0x1C, 0x6D, 0xEB,
        0x5A, 0x76, 0xBB, 0xC0, 0x8C, 0x40, 0xA8, 0x74, 0x37, 0xDA, 0x0D, 0x0B, 0x57, 0x17, 0x88,
        0xA0, 0x5E, 0x9F, 0x96, 0xD9, 0xBB, 0x77, 0x0D, 0xE8, 0xA0, 0xB1, 0xB9, 0x60, 0xFF, 0x2A,
        0x44, 0xA9, 0x64, 0xC9, 0xB7, 0x93, 0x98, 0x53, 0x74, 0x2E, 0x83, 0xCE, 0x8D, 0xEB, 0x79,
        0x19, 0x1B, 0x2D, 0x82, 0x45, 0x46, 0x55, 0xF2, 0x27, 0x07, 0x9D, 0xD8, 0xC5, 0xB0, 0x21,
        0x6C, 0x84, 0x70, 0xB8, 0xE1, 0xAC, 0x70, 0x52, 0x63, 0x01, 0xBB, 0xFA, 0x2B, 0xC4, 0xAD,
        0xCA, 0x68, 0xA7, 0x66, 0xCC, 0xB2, 0xA6, 0xE0, 0xEB, 0xF2, 0xE9, 0x99, 0x05, 0xBF, 0x52,
        0x42, 0x59, 0x0B, 0x01, 0x70, 0x38, 0x68, 0xB3, 0xFA, 0xF8, 0x41, 0xC1, 0x1C, 0x38, 0x3B,
        0xE1, 0x45, 0xA4, 0x0F, 0xEA, 0x63, 0x75, 0xE1, 0x8A, 0x01, 0x46, 0x8E, 0x45, 0x96, 0x03,
        0xB5, 0xEF, 0xDF, 0x8A, 0x4E, 0x9A, 0xBD, 0x17, 0x92, 0x80, 0xAE, 0x8B, 0x59, 0x47, 0xD7,
        0x8D, 0x2F, 0x0C, 0x4D, 0x37, 0x71, 0x5E, 0xAA, 0x42, 0xBC, 0x37, 0xCF, 0x87, 0x30, 0xE4,
        0x1F, 0xFB, 0xF9, 0x82, 0x6D, 0x46, 0x42, 0x4F, 0x29, 0x22, 0xA9, 0x60, 0x33, 0xCE, 0xFA,
        0xA8, 0xB4, 0xBB, 0xE4, 0xC8, 0xB8, 0x9D, 0x43, 0x50, 0x1F, 0xD5, 0x21, 0x1D, 0x53, 0x92,
        0xCA, 0x19, 0xA9, 0x8B, 0xA1, 0x27, 0xD9, 0x02, 0x5B, 0x5C, 0x6E, 0x86, 0xBA, 0x02, 0x44,
        0x71, 0x94, 0x05, 0x49, 0xA2, 0xB5, 0xD8, 0xE1, 0x49, 0x61, 0xC9, 0xDC, 0x19, 0x69, 0x6D,
        0xA1, 0xA5, 0xBF, 0xFD, 0x01, 0x03, 0x0D, 0x5E, 0x61, 0x00, 0x00, 0x00, 0x00, 0x00, 0x00,
        0x00, 0x00, 0x00, 0x00, 0x00, 0x00, 0x00, 0x00, 0x00, 0x00, 0x00, 0x00, 0x00, 0x00, 0x00,
        0x00, 0x00, 0x00, 0x05, 0x09, 0x0F, 0x13, 0x1A, 0x1F,
    ];

    measure(|| {
        let pk_expanded = MLDSA65PublicKeyExpanded::from(&mldsa65_pk);
        if MLDSA65::verify_with_expanded_key(&pk_expanded, msg, None, &sig).is_ok() {
            println!("Verification succeeded!");
        } else {
            panic!("Verification failed! -- figure that out");
        }
    });
}

/// Loads the public key for the matching verify bench. See [`load_mldsa44_sk`] for why this is
/// `#[inline(never)]`.
#[inline(never)]
fn load_mldsa65_lowmemory_pk() -> bouncycastle::mldsa_lowmemory::MLDSA65PublicKey {
    use bouncycastle::mldsa_lowmemory::MLDSA65PublicKey;

    MLDSA65PublicKey::from_bytes(&[
        0x48, 0x68, 0x3D, 0x91, 0x97, 0x8E, 0x31, 0xEB, 0x3D, 0xDD, 0xB8, 0xB0, 0x47, 0x34, 0x82,
        0xD2, 0xB8, 0x8A, 0x5F, 0x62, 0x59, 0x49, 0xFD, 0x8F, 0x58, 0xA5, 0x61, 0xE6, 0x96, 0xBD,
        0x4C, 0x27, 0xD0, 0x5B, 0x38, 0xDB, 0xB2, 0xED, 0xF0, 0x1E, 0x66, 0x4E, 0xFD, 0x81, 0xBE,
        0x1E, 0xA8, 0x93, 0x68, 0x8C, 0xE6, 0x8A, 0xA2, 0xD5, 0x1C, 0x59, 0x58, 0xF8, 0xBB, 0xC6,
        0xEB, 0x4E, 0x89, 0xEE, 0x67, 0xD2, 0xC0, 0x32, 0x09, 0x54, 0xD5, 0x72, 0x12, 0xCA, 0xC7,
        0x22, 0x9F, 0xF1, 0xD6, 0xEA, 0xF0, 0x39, 0x28, 0xBD, 0x51, 0x51, 0x1F, 0x8D, 0x88, 0xD8,
        0x47, 0x73, 0x6C, 0x7D, 0xE2, 0x73, 0x0D, 0x59, 0x78, 0xE5, 0x41, 0x07, 0x13, 0x16, 0x09,
        0x78, 0x86, 0x77, 0x11, 0xBF, 0x55, 0x39, 0xA0, 0xBF, 0xC4, 0xC3, 0x50, 0xC2, 0xBE, 0x57,
        0x2B, 0xAF, 0x0E, 0xE2, 0xE2, 0xFB, 0x16, 0xCC, 0xFE, 0xA0, 0x80, 0x28, 0xD9, 0x9A, 0xC4,
        0x9A, 0xEB, 0xB7, 0x59, 0x37, 0xDD, 0xCE, 0x11, 0x1C, 0xDA, 0xB6, 0x2F, 0xFF, 0x3C, 0xEA,
        0x8B, 0xA2, 0x23, 0x3D, 0x1E, 0x56, 0xFB, 0xC5, 0xC5, 0xA1, 0xE7, 0x26, 0xDE, 0x63, 0xFA,
        0xDD, 0x2A, 0xF0, 0x16, 0xB1, 0x19, 0x17, 0x7F, 0xA3, 0xD9, 0x71, 0xA2, 0xD9, 0x27, 0x71,
        0x73, 0xFC, 0xE5, 0x5B, 0x67, 0x74, 0x5A, 0xF0, 0xB7, 0xC2, 0x1D, 0x59, 0x7D, 0xBE, 0xB9,
        0x3E, 0x6A, 0x32, 0xF3, 0x41, 0xC4, 0x9A, 0x5A, 0x8B, 0xE9, 0xE8, 0x25, 0x08, 0x8D, 0x1F,
        0x2A, 0xA4, 0x51, 0x55, 0xD6, 0xC8, 0xAE, 0x15, 0x36, 0x7E, 0x4E, 0xB0, 0x03, 0xB8, 0xFD,
        0xF7, 0x85, 0x10, 0x71, 0x94, 0x97, 0x39, 0xF9, 0xFF, 0xF0, 0x90, 0x23, 0xEA, 0xF4, 0x51,
        0x04, 0xD2, 0xA8, 0x4A, 0x45, 0x90, 0x6E, 0xED, 0x46, 0x71, 0xA4, 0x4D, 0xC2, 0x8D, 0x27,
        0x98, 0x7B, 0xB5, 0x5D, 0xF6, 0x9E, 0x9E, 0x85, 0x61, 0xF6, 0x1A, 0x80, 0xA7, 0x26, 0x99,
        0x50, 0x38, 0x65, 0xFE, 0xD9, 0xB7, 0xEE, 0x72, 0xA8, 0xE1, 0x7A, 0x19, 0xC4, 0x08, 0x14,
        0x4F, 0x4B, 0x29, 0xAF, 0xEF, 0x70, 0x31, 0xC3, 0xA6, 0xD8, 0x57, 0x16, 0x10, 0xB4, 0x2C,
        0x9F, 0x42, 0x12, 0x45, 0xA8, 0x8F, 0x19, 0x7E, 0x16, 0x81, 0x2B, 0x03, 0x11, 0x59, 0xB6,
        0x5B, 0x96, 0x87, 0xE5, 0xB3, 0xE9, 0x34, 0xC5, 0x22, 0x5A, 0xE9, 0x8A, 0x79, 0xBA, 0x73,
        0xD2, 0xB3, 0x99, 0xD7, 0x35, 0x10, 0xEF, 0xFA, 0xD1, 0x9E, 0x53, 0xB8, 0x45, 0x0F, 0x0B,
        0xA8, 0xFC, 0xE1, 0x01, 0x2F, 0xD9, 0x8D, 0x26, 0x0A, 0x74, 0xAA, 0xAA, 0x13, 0xFA, 0xE2,
        0x49, 0xA0, 0x06, 0xB1, 0xC3, 0x4F, 0x5B, 0xA0, 0xB8, 0x82, 0xF2, 0x63, 0x78, 0x22, 0x2F,
        0xB3, 0x6F, 0x22, 0x83, 0xC2, 0x43, 0xF0, 0xFF, 0xEB, 0x5F, 0x1B, 0xB4, 0x14, 0xA0, 0xA7,
        0x0D, 0x55, 0xE3, 0xD4, 0x0A, 0x56, 0xB6, 0xCB, 0xC8, 0x8A, 0xE1, 0xF0, 0x3B, 0x7B, 0x28,
        0x82, 0xD9, 0x8D, 0xEE, 0xA2, 0x8E, 0x14, 0x5C, 0x9D, 0xED, 0xFD, 0x8E, 0xAF, 0x1C, 0xEF,
        0x2E, 0xD9, 0x4A, 0x8B, 0x05, 0x0F, 0x89, 0x64, 0xF4, 0x6D, 0x1E, 0xA0, 0xD0, 0xC2, 0xA4,
        0x3E, 0x0D, 0xDA, 0x61, 0x82, 0xAD, 0xBF, 0x4F, 0x6E, 0xD1, 0x75, 0xB6, 0x74, 0x22, 0x57,
        0x85, 0x9B, 0xF2, 0x2F, 0x3A, 0x41, 0x7E, 0xCF, 0x1F, 0x9D, 0x89, 0x31, 0x7B, 0x5E, 0x53,
        0x9D, 0x58, 0x7A, 0xF1, 0x6B, 0x9E, 0x13, 0x13, 0xE0, 0x45, 0x14, 0xFF, 0xA6, 0x4B, 0xA8,
        0xB3, 0xFF, 0x2B, 0x83, 0x21, 0xF8, 0x81, 0x1C, 0xB3, 0xFB, 0x02, 0x2C, 0x8F, 0x64, 0x4E,
        0x70, 0xA4, 0xB8, 0x0A, 0x2F, 0xBF, 0xEE, 0x60, 0x4A, 0xBB, 0x73, 0x79, 0x09, 0x1E, 0xA8,
        0xE6, 0xC5, 0xC7, 0x4D, 0xFC, 0x02, 0x83, 0x66, 0x6B, 0x40, 0xC0, 0x79, 0x38, 0x70, 0x02,
        0x82, 0x04, 0xA1, 0x36, 0xBF, 0x5D, 0xA9, 0x56, 0x8E, 0xB7, 0x98, 0xD3, 0x49, 0x03, 0x8B,
        0xDB, 0x0C, 0x11, 0xE0, 0x34, 0x45, 0xE7, 0x84, 0x7C, 0xB5, 0x06, 0x9C, 0x75, 0xCF, 0x28,
        0xAC, 0x60, 0x1C, 0x77, 0x99, 0xD9, 0x58, 0x21, 0x0D, 0xDB, 0xCB, 0x22, 0x6E, 0x51, 0xAF,
        0xEF, 0x9F, 0x1D, 0xE4, 0x7B, 0x07, 0x38, 0x73, 0xD6, 0xD3, 0xF9, 0x74, 0x56, 0xBE, 0xDE,
        0x08, 0x50, 0x82, 0xE7, 0x4A, 0x29, 0x8B, 0x2C, 0xD4, 0x8F, 0x4B, 0x30, 0x93, 0x15, 0x5F,
        0x36, 0x6C, 0x8F, 0xA6, 0x01, 0xC6, 0xAF, 0x85, 0x8D, 0xFA, 0x32, 0xC0, 0x84, 0x91, 0xB2,
        0xA2, 0x98, 0x87, 0xF9, 0x03, 0x35, 0x94, 0x9A, 0x5D, 0x6E, 0xDA, 0xA6, 0x79, 0x88, 0x2A,
        0x3A, 0x95, 0xD6, 0xBF, 0x6D, 0x97, 0x0A, 0x22, 0x1F, 0x4B, 0x9D, 0x3D, 0x8C, 0xBF, 0x38,
        0x4A, 0xF8, 0x1A, 0xAC, 0x95, 0xE2, 0xB3, 0x29, 0x4E, 0x04, 0x78, 0x9A, 0xC8, 0x37, 0x27,
        0xA5, 0xDC, 0x04, 0x55, 0x9F, 0x96, 0xAF, 0x41, 0xD8, 0xA0, 0x53, 0x51, 0x6F, 0xEE, 0xEE,
        0xBC, 0x52, 0x74, 0x6E, 0xB6, 0xAB, 0x28, 0x19, 0xE0, 0x91, 0x08, 0x71, 0x0D, 0x83, 0x5F,
        0x01, 0x1F, 0xA6, 0x30, 0x65, 0x87, 0x2A, 0xD3, 0x34, 0xD5, 0xCD, 0xFF, 0xB2, 0xB2, 0x31,
        0x05, 0x07, 0xE9, 0x2F, 0xC9, 0x93, 0xAE, 0x31, 0x7D, 0xA9, 0x7F, 0x4F, 0x30, 0x9C, 0xDA,
        0xF0, 0xF6, 0x7E, 0xD9, 0x9D, 0x90, 0x21, 0x55, 0x76, 0x08, 0x38, 0x49, 0xF9, 0x53, 0xB2,
        0x46, 0xD7, 0xFE, 0xDB, 0x3F, 0xDB, 0x67, 0x67, 0x98, 0x50, 0xA5, 0xAD, 0x40, 0x4E, 0x64,
        0x14, 0x7F, 0xB7, 0xCF, 0x4F, 0x6A, 0xED, 0xDD, 0x05, 0xAF, 0xB4, 0xB8, 0x34, 0x96, 0x8D,
        0x1F, 0xE8, 0x80, 0x14, 0x96, 0x0D, 0xCE, 0x5D, 0x94, 0x22, 0x36, 0x52, 0x6E, 0x12, 0xA4,
        0x78, 0xD6, 0x9E, 0x5F, 0xBE, 0x69, 0x70, 0x31, 0x0B, 0x30, 0x8C, 0x06, 0x84, 0x50, 0x18,
        0xCF, 0xC7, 0xB2, 0xAB, 0x43, 0x0A, 0x13, 0xA6, 0xB1, 0xAC, 0x7B, 0xB0, 0x2C, 0xCC, 0xBB,
        0x3D, 0x91, 0x1A, 0xC2, 0xF1, 0x10, 0x68, 0x61, 0x3F, 0xBE, 0x02, 0x9B, 0xFD, 0xCE, 0x02,
        0xCF, 0x5C, 0xD3, 0x89, 0x50, 0xED, 0x72, 0xC8, 0x39, 0x44, 0xED, 0xFB, 0xC7, 0x56, 0x15,
        0xAF, 0x87, 0xF8, 0x64, 0xC0, 0x51, 0xF3, 0xC5, 0x54, 0x56, 0xC5, 0x41, 0x28, 0x63, 0xA4,
        0x0C, 0x06, 0xD1, 0xDA, 0xB5, 0x62, 0xBD, 0xFF, 0x05, 0x71, 0xB8, 0xD3, 0xC3, 0x91, 0x7B,
        0xBD, 0x30, 0x08, 0x80, 0xBB, 0xA5, 0xE9, 0x98, 0x23, 0x9B, 0x95, 0xFA, 0x91, 0xB7, 0xD6,
        0x41, 0x6D, 0x4F, 0x39, 0x8B, 0x3A, 0xDB, 0xCD, 0x30, 0x98, 0x3E, 0xD3, 0x59, 0x2B, 0x4D,
        0x9E, 0xF7, 0xD4, 0x23, 0x6F, 0xD0, 0x0F, 0x50, 0xD9, 0x8A, 0xA5, 0x3A, 0x23, 0x5A, 0xC4,
        0x17, 0x27, 0x20, 0xF7, 0x7D, 0x96, 0x17, 0x26, 0x72, 0x98, 0x0C, 0xFE, 0x8F, 0xF7, 0xA5,
        0xA7, 0x02, 0x78, 0x3E, 0xDC, 0x2B, 0xA3, 0x1B, 0x22, 0x59, 0x01, 0x5A, 0x11, 0x2F, 0xC7,
        0xF4, 0x68, 0xA9, 0xC2, 0xF9, 0x46, 0x40, 0x39, 0x00, 0x2D, 0x30, 0xEF, 0x67, 0x8B, 0x4C,
        0xB7, 0x98, 0xBC, 0x11, 0x62, 0x16, 0xBF, 0x7A, 0x9A, 0x7C, 0x18, 0xBA, 0x03, 0xB7, 0xB5,
        0x8F, 0xD0, 0x75, 0x15, 0xD3, 0x11, 0x50, 0x49, 0xD3, 0x61, 0x4B, 0xE7, 0xA0, 0x7E, 0x74,
        0x43, 0x00, 0x75, 0x0D, 0xF1, 0xD2, 0xC5, 0x87, 0x53, 0x38, 0x90, 0x59, 0xEA, 0xFC, 0x3D,
        0x78, 0x5C, 0xCD, 0xD3, 0x1C, 0x07, 0x64, 0x8B, 0xED, 0xC0, 0x3A, 0x5C, 0x3B, 0x8A, 0xD4,
        0x6D, 0x06, 0x4D, 0x59, 0xC1, 0x3D, 0x57, 0x37, 0x47, 0x29, 0xFC, 0x4E, 0x29, 0x53, 0x62,
        0xE2, 0xA5, 0x19, 0x12, 0x04, 0x53, 0x04, 0x28, 0xBC, 0x15, 0x22, 0xAF, 0xA2, 0x8F, 0xF5,
        0xFE, 0x16, 0x55, 0xE3, 0x04, 0xCA, 0x5B, 0xC8, 0xC2, 0x7A, 0xD0, 0xE0, 0xC6, 0xA3, 0x9D,
        0xD4, 0xDF, 0x28, 0x95, 0x6C, 0x14, 0xB3, 0x8C, 0xC9, 0x36, 0x82, 0xCE, 0xFE, 0x40, 0x2B,
        0xBD, 0x5E, 0x82, 0xD2, 0x9C, 0x46, 0x4E, 0x44, 0xEB, 0x5D, 0x37, 0xB4, 0x8F, 0xC5, 0x68,
        0xDF, 0xE0, 0xCC, 0x6E, 0x8E, 0x16, 0xBA, 0xEA, 0x05, 0xE5, 0x13, 0x55, 0x90, 0xF1, 0x92,
        0x94, 0xE7, 0x3E, 0x83, 0x67, 0xB0, 0x21, 0x6D, 0xBB, 0x81, 0x50, 0x30, 0xB9, 0xDE, 0x55,
        0x91, 0x3F, 0x08, 0x03, 0x9C, 0x42, 0x35, 0x1C, 0x59, 0xE5, 0x51, 0x5D, 0xD5, 0xAF, 0x8E,
        0x08, 0x9A, 0x15, 0xE6, 0x25, 0xE8, 0xF6, 0xDE, 0xE6, 0x39, 0x38, 0x6C, 0x46, 0x49, 0x7D,
        0x7A, 0x26, 0x32, 0x88, 0x77, 0x4D, 0xE5, 0x81, 0xA7, 0xDE, 0x96, 0x29, 0xB4, 0x1B, 0x44,
        0x24, 0x14, 0x1F, 0x97, 0x8F, 0xB8, 0x33, 0x12, 0x08, 0xEF, 0xDE, 0xC3, 0xC6, 0xE0, 0xDE,
        0x39, 0xBC, 0x57, 0x06, 0x3F, 0x3D, 0xCD, 0x6C, 0x47, 0x03, 0x73, 0xC0, 0x88, 0x91, 0xEA,
        0x29, 0xCB, 0xC7, 0xCC, 0x6D, 0x64, 0x83, 0xB8, 0x88, 0x90, 0x83, 0xAC, 0xE8, 0x6A, 0xA7,
        0xB5, 0x1B, 0x1C, 0x2C, 0xFE, 0x6E, 0x2A, 0xD1, 0x8D, 0x97, 0xCE, 0x36, 0xFB, 0xC5, 0x6E,
        0xA4, 0x2F, 0xAE, 0x97, 0xE6, 0xA7, 0xAC, 0x11, 0x48, 0x64, 0x47, 0x8C, 0x36, 0x6D, 0xF1,
        0xEB, 0xB1, 0xE7, 0xB1, 0x1A, 0x90, 0x98, 0x50, 0x4F, 0xD5, 0x97, 0x5B, 0xDF, 0x1F, 0x49,
        0xDC, 0x70, 0x00, 0x2B, 0x63, 0xC1, 0x73, 0x9A, 0x9D, 0x26, 0x3F, 0xBA, 0xD4, 0x07, 0x3F,
        0x6A, 0x9F, 0x6C, 0x2B, 0x8A, 0xF4, 0xB4, 0xC3, 0x32, 0xA1, 0x03, 0xA0, 0xCF, 0xFA, 0x5D,
        0xEE, 0xB2, 0xD0, 0x62, 0xCA, 0x3C, 0x21, 0x5F, 0xD3, 0x60, 0x02, 0x6B, 0xE7, 0xC5, 0x16,
        0x4F, 0x4A, 0x44, 0x24, 0xEF, 0x74, 0x94, 0x88, 0x04, 0xD6, 0x6F, 0x46, 0x48, 0x77, 0x32,
        0xC8, 0x20, 0x2C, 0x79, 0x54, 0x78, 0x64, 0x7B, 0x4E, 0xA7, 0x1D, 0x62, 0x7C, 0x08, 0x60,
        0x24, 0xCC, 0xA3, 0x54, 0xA4, 0x1F, 0x08, 0x77, 0xB3, 0x8F, 0x19, 0xB3, 0x77, 0x4A, 0xD2,
        0x09, 0x5C, 0x8D, 0xA5, 0x3B, 0x06, 0x9E, 0x21, 0xC7, 0x6A, 0xE2, 0xD2, 0x00, 0x7E, 0x16,
        0x71, 0x9E, 0xD4, 0x00, 0x80, 0xD3, 0x34, 0xF7, 0xDA, 0x52, 0xE9, 0xF5, 0xA5, 0x99, 0x04,
        0x39, 0xCA, 0xF0, 0x83, 0xA9, 0x5B, 0x83, 0x3F, 0x02, 0xAD, 0x10, 0xA0, 0x8C, 0x1A, 0x6D,
        0x0F, 0x26, 0x0C, 0x00, 0x72, 0x85, 0xBD, 0x4A, 0x2F, 0x47, 0x70, 0x3A, 0x5A, 0xEF, 0x46,
        0x52, 0x87, 0xD2, 0x53, 0xB1, 0x8A, 0xC2, 0x25, 0x14, 0x31, 0x62, 0x10, 0xFF, 0x56, 0x68,
        0x14, 0xB1, 0x0F, 0x87, 0xA2, 0x93, 0xD6, 0xF1, 0x99, 0xD3, 0xC3, 0x95, 0x99, 0x90, 0xD0,
        0xC1, 0x26, 0x8B, 0x4F, 0x50, 0xD5, 0xF9, 0xFC, 0xEF, 0xBB, 0xF2, 0x37, 0xBD, 0x0C, 0x28,
        0xB8, 0x01, 0x82, 0xD6, 0x65, 0x97, 0x41, 0xF1, 0x4F, 0x10, 0xBF, 0xBB, 0x21, 0xBB, 0xA1,
        0x2A, 0xB6, 0x20, 0xAA, 0x23, 0x96, 0xF5, 0x6C, 0x06, 0x86, 0xB4, 0xEA, 0x90, 0x17, 0x99,
        0x02, 0x24, 0x21, 0x6B, 0x2F, 0xE8, 0xAD, 0x76, 0xC4, 0xA9, 0x14, 0x8E, 0xEF, 0x9A, 0x86,
        0xA3, 0x63, 0x5A, 0x6A, 0xA7, 0x7B, 0xC1, 0xDC, 0xFB, 0x6F, 0xBA, 0x59, 0xA7, 0x7D, 0xFD,
        0xA9, 0xB7, 0x53, 0x0D, 0xC0, 0xCA, 0x86, 0x48, 0xC8, 0xD9, 0x73, 0x73, 0x8E, 0x01, 0xBA,
        0xB8, 0xF0, 0x8B, 0x49, 0x05, 0xE8, 0x4A, 0xA4, 0x64, 0x1B, 0xD6, 0x02, 0x41, 0x0C, 0xD9,
        0x75, 0x20, 0x26, 0x5F, 0x2F, 0x23, 0x1F, 0x2B, 0x35, 0xE1, 0x5E, 0xB2, 0xFA, 0x04, 0xD2,
        0xBD, 0x94, 0xD5, 0xA7, 0x7A, 0xBA, 0xF1, 0xE0, 0xE1, 0x61, 0x01, 0x0A, 0x99, 0x00, 0x87,
        0xF5, 0xB4, 0x6E, 0xA9, 0x88, 0xB2, 0xBC, 0x05, 0x12, 0xFD, 0xA0, 0xFA, 0x92, 0x3D, 0xAD,
        0xD6, 0xC4, 0x5C, 0x53, 0x01, 0xD0, 0x94, 0x83, 0x67, 0x32, 0x65, 0xB5, 0xAB, 0x2E, 0x10,
        0xF4, 0xBA, 0x52, 0x0F, 0x6B, 0xBA, 0xD5, 0x64, 0xA5, 0xC3, 0xD5, 0xE2, 0x7B, 0xDB, 0x08,
        0x0F, 0x7D, 0x20, 0xE1, 0x32, 0x96, 0xA3, 0x18, 0x19, 0x54, 0xC3, 0x9C, 0x64, 0x9C, 0x94,
        0x3E, 0xBE, 0x17, 0xDF, 0x5C, 0x1F, 0x7A, 0xAE, 0x0A, 0x8F, 0xE1, 0x26, 0xC4, 0x77, 0x58,
        0x5A, 0x5D, 0x4D, 0x64, 0x8A, 0x0D, 0x00, 0x8B, 0x6A, 0xF5, 0xE8, 0xCD, 0x31, 0xBE, 0x69,
        0xA9, 0x29, 0x6D, 0x4F, 0x3F, 0xD2, 0x5E, 0xD8, 0x6F, 0x22, 0x1E, 0x4B, 0x93, 0xF6, 0x5F,
        0x59, 0x29, 0x96, 0x75, 0x33, 0x62, 0x4B, 0x92, 0x35, 0x75, 0x0C, 0x30, 0x70, 0x75, 0x50,
        0xB5, 0x85, 0x36, 0xD1, 0x09, 0xA7, 0x13, 0x1C, 0x5A, 0x5B, 0xBE, 0x4A, 0x57, 0x15, 0x56,
        0x7C, 0x12, 0x53, 0x4A, 0xEC, 0x76, 0x60, 0x76, 0x1E, 0xEB, 0xB9, 0xFA, 0xE2, 0x89, 0x1C,
        0x77, 0x45, 0x89, 0xB8, 0x0E, 0x56, 0x6A, 0xD5, 0x57, 0xDD, 0xEF, 0x73, 0x67, 0x19, 0x6B,
        0x72, 0x27, 0xEA, 0x98, 0x70, 0xEF, 0x09, 0xDD, 0xFE, 0xC7, 0x9D, 0x6B, 0x93, 0x19, 0xA6,
        0x87, 0x9B, 0x52, 0x05, 0xD7, 0x6B, 0xF7, 0xAB, 0xA5, 0xAC, 0xF3, 0x3A, 0xFB, 0x59, 0xD1,
        0x7F, 0xC5, 0x4E, 0x68, 0x38, 0x3D, 0x6B, 0xE5, 0xA0, 0x8E, 0x9B, 0x66, 0xDA, 0x53, 0xDC,
        0xDE, 0x00, 0x8B, 0xB2, 0x94, 0xB8, 0x58, 0x2B, 0xD1, 0x32, 0xCD, 0xCC, 0x49, 0x95, 0x9F,
        0xDB, 0xC2, 0x1E, 0x52, 0x72, 0x18, 0x80, 0xC8, 0xAD, 0x03, 0x52, 0xC7, 0x9F, 0x03, 0xA4,
        0x3B, 0xBD, 0x84, 0xC4, 0xCD, 0xFD, 0xC6, 0xC5, 0x29, 0x00, 0x5E, 0x1E, 0x7C, 0xD9, 0xA3,
        0x49, 0xA7, 0x16, 0x8A, 0x35, 0x56, 0x9B, 0xA5, 0xDE, 0xA8, 0x18, 0x96, 0x8D, 0x5A, 0x91,
        0x46, 0x6B, 0xD6, 0xE6, 0x4E, 0x20, 0xBF, 0x62, 0x41, 0x71, 0x98, 0xAF, 0xC4, 0xE8, 0x1C,
        0x28, 0xDD, 0x77, 0xED, 0x40, 0x28, 0x23, 0x23, 0x98, 0xB5, 0x2F, 0xBD, 0xE8, 0x6B, 0xC8,
        0x4F, 0x47, 0x5B, 0x90, 0x16, 0x71, 0x0C, 0xE2, 0xAA, 0xBC, 0x11, 0xA0, 0x6B, 0x4D, 0xBA,
        0xC9, 0x01, 0xEC, 0x16, 0xCF, 0x36, 0x5C, 0xA3, 0xF2, 0xD5, 0x38, 0x13, 0x94, 0x8A, 0x69,
        0x3A, 0x0F, 0x93, 0xE7, 0x9C, 0x46, 0xCA, 0x5D, 0x5A, 0x6D, 0xCA, 0x3D, 0x28, 0xCA, 0x50,
        0xAD, 0x18, 0xBD, 0x13, 0xFC, 0xA5, 0x50, 0x59, 0xDD, 0x9B, 0x18, 0x5F, 0x79, 0xF9, 0xC4,
        0x71, 0x96, 0xA4, 0xE8, 0x1B, 0x21, 0x04, 0xBC, 0x46, 0x0A, 0x05, 0x1E, 0x02, 0xF2, 0xE8,
        0x44, 0x4F,
    ])
    .unwrap()
}

fn bench_mldsa65_lowmemory_verify() {
    use bouncycastle::mldsa_lowmemory::{MLDSA65, MLDSA65_SIG_LEN, MLDSATrait};

    eprintln!("MLDSA65_lowmemory/Verify");

    let msg = b"The quick brown fox jumped over the lazy dog";

    /* One-time setup of the KAT -- commented out so that keygen is not captured in the bench */

    // let seed = KeyMaterial256::from_bytes_as_type(
    //     &[0x00,0x01,0x02,0x03,0x04,0x05,0x06,0x07,0x08,0x09,0x0a,0x0b,0x0c,0x0d,0x0e,0x0f,0x10,0x11,0x12,0x13,0x14,0x15,0x16,0x17,0x18,0x19,0x1a,0x1b,0x1c,0x1d,0x1e,0x1f],
    //     KeyType::Seed,
    // ).unwrap();
    //
    // let (mldsa65_pk, mldsa65_sk) = MLDSA65::keygen_from_seed(&seed).unwrap();
    //
    // eprintln!("pk:\n{}", &*hex::encode(&mldsa65_pk.encode()));
    // let mu = MLDSA65::compute_mu_from_sk(&mldsa65_sk, msg, None).unwrap();
    // let sig = MLDSA65::sign_mu_deterministic(&mldsa65_sk, &mu, [0u8; 32]).unwrap();
    // eprintln!("sig:\n{}", &*hex::encode(sig));

    let mldsa65_pk = load_mldsa65_lowmemory_pk();
    let sig: [u8; MLDSA65_SIG_LEN] = [
        0x90, 0x61, 0xF1, 0x5C, 0xBF, 0x20, 0x92, 0xF7, 0x44, 0xFB, 0xCD, 0x79, 0x9E, 0xB0, 0x24,
        0x14, 0x05, 0x3C, 0x1B, 0x0F, 0x74, 0x12, 0x12, 0x4B, 0xED, 0xC4, 0x1C, 0xF9, 0xA3, 0xDB,
        0x01, 0x66, 0x46, 0x9E, 0x87, 0x40, 0x37, 0xD7, 0xF0, 0x81, 0xE5, 0xF8, 0xD3, 0xD2, 0x03,
        0x3A, 0x03, 0x07, 0xD1, 0xC4, 0x9E, 0xD0, 0x1F, 0xE6, 0x45, 0x78, 0xC4, 0xA6, 0xFA, 0xBD,
        0x80, 0x88, 0x0C, 0xDF, 0x19, 0x11, 0x84, 0x8F, 0x18, 0x4D, 0x4B, 0xCF, 0x53, 0x6C, 0xA7,
        0x95, 0xA0, 0xFB, 0x1A, 0xA1, 0x9A, 0xB7, 0xEE, 0x3B, 0xA6, 0xB5, 0x8B, 0xD6, 0x4B, 0xBE,
        0xAC, 0x9F, 0x58, 0x65, 0x0F, 0xFF, 0x1E, 0xF5, 0xA9, 0x7A, 0xB6, 0x91, 0x6D, 0xF9, 0x62,
        0x07, 0x2E, 0x20, 0xE7, 0xC6, 0xBE, 0x96, 0x09, 0x0E, 0x3A, 0x78, 0x1A, 0x50, 0x4B, 0xC4,
        0x44, 0x2B, 0xD8, 0x88, 0x9A, 0x0A, 0xA6, 0x28, 0x90, 0x7A, 0x74, 0x29, 0x9F, 0x39, 0xFA,
        0x83, 0x60, 0x31, 0xF1, 0xBD, 0x68, 0x35, 0x5B, 0xEB, 0xE7, 0xAE, 0x93, 0xC1, 0xE3, 0x61,
        0xA9, 0xEF, 0xBE, 0xD1, 0x32, 0x5D, 0x96, 0x22, 0x70, 0x70, 0x46, 0x1F, 0xCD, 0x6F, 0x15,
        0x1B, 0x86, 0x69, 0xD9, 0x22, 0x9B, 0x97, 0x7D, 0x9E, 0xE5, 0x1F, 0xD2, 0x26, 0x0C, 0x3E,
        0x4A, 0x2E, 0x82, 0x04, 0x16, 0xF9, 0xE0, 0x74, 0x95, 0x8D, 0xC3, 0xB3, 0xE2, 0x21, 0x7E,
        0x63, 0x12, 0xB7, 0xE0, 0xB5, 0x82, 0xA0, 0x48, 0x98, 0x1C, 0xF6, 0x57, 0x9F, 0x4B, 0xC7,
        0x71, 0x5B, 0x78, 0xC8, 0x08, 0xE4, 0xC5, 0x7E, 0x3B, 0x8A, 0xA3, 0x8B, 0x05, 0xC0, 0x4F,
        0xCE, 0xDF, 0x20, 0x9F, 0x52, 0xC1, 0xE3, 0x31, 0xAE, 0x83, 0xDB, 0xDF, 0xF6, 0x0B, 0xA4,
        0x50, 0xA1, 0x7C, 0xC3, 0x97, 0x56, 0x8E, 0x54, 0xBC, 0x3F, 0x16, 0xDD, 0xF3, 0x0B, 0x92,
        0x74, 0x7C, 0xE4, 0x60, 0xD9, 0x25, 0xB9, 0xBE, 0x20, 0xA1, 0xD3, 0x5E, 0x2A, 0xED, 0x97,
        0xF1, 0x24, 0xAF, 0x26, 0x16, 0xA5, 0x36, 0x1D, 0xF2, 0x8B, 0xA3, 0x0E, 0x52, 0x2D, 0xD0,
        0x8F, 0xA0, 0x0F, 0xD2, 0x8D, 0x1A, 0xC4, 0x84, 0xD7, 0x56, 0xA8, 0x9E, 0x3A, 0x44, 0x2F,
        0xEF, 0xE8, 0x33, 0x2C, 0x56, 0xCD, 0x2A, 0x9F, 0xDE, 0x69, 0x1B, 0xDB, 0xDA, 0x43, 0xF1,
        0xCC, 0x54, 0xCE, 0xF5, 0x7B, 0xEA, 0xD9, 0x61, 0x20, 0xB5, 0x0C, 0x7D, 0x46, 0x95, 0xBD,
        0xBB, 0x13, 0x03, 0xCC, 0x5D, 0xDD, 0xA8, 0x98, 0xE4, 0xEE, 0xB8, 0x30, 0x83, 0x17, 0x6E,
        0x40, 0xE0, 0x23, 0x2C, 0xDD, 0x1C, 0x31, 0x50, 0x37, 0x1D, 0xF0, 0x5D, 0x6F, 0xDA, 0xD7,
        0xE1, 0x16, 0x4D, 0x90, 0x39, 0x3C, 0xF3, 0x08, 0xE9, 0x9E, 0xDF, 0xEB, 0x31, 0xFE, 0xD2,
        0x63, 0xE2, 0x86, 0x6E, 0xE3, 0xB7, 0xF3, 0x93, 0x7B, 0x39, 0x9C, 0x97, 0x4D, 0x87, 0xBA,
        0x7B, 0x48, 0x9E, 0xFE, 0x3C, 0x9B, 0x80, 0x37, 0x1D, 0x29, 0x28, 0x44, 0x6A, 0xDC, 0x31,
        0x99, 0x1A, 0xB0, 0xCE, 0xFA, 0xAA, 0x08, 0x05, 0x75, 0xB9, 0xEC, 0x81, 0xCF, 0xA1, 0x33,
        0xA9, 0x91, 0x1C, 0x03, 0x5A, 0x80, 0x58, 0xD0, 0xD3, 0xF2, 0xE3, 0x4D, 0xE4, 0xA9, 0xFB,
        0x00, 0x9B, 0xB4, 0xCC, 0xDB, 0x16, 0xDE, 0x7B, 0x90, 0x85, 0x74, 0xA7, 0x49, 0x67, 0x25,
        0xFF, 0x85, 0x75, 0x56, 0xC1, 0xB3, 0x39, 0x17, 0xE9, 0x86, 0xC8, 0x0F, 0x10, 0x14, 0xA9,
        0xE3, 0x08, 0x3A, 0xDD, 0x2F, 0xB3, 0x5F, 0x34, 0x5C, 0x5D, 0x06, 0x15, 0x9E, 0x44, 0x33,
        0x29, 0xD0, 0xDA, 0x09, 0x99, 0x87, 0xB9, 0x96, 0xC3, 0x73, 0x15, 0x92, 0xB4, 0x60, 0xC2,
        0xFF, 0xD2, 0x95, 0x5F, 0x75, 0x46, 0xF4, 0x21, 0x61, 0x00, 0xBA, 0x43, 0x18, 0x88, 0x03,
        0xFF, 0x9B, 0x36, 0x96, 0x96, 0x85, 0xF9, 0x09, 0xFA, 0x25, 0x39, 0x32, 0x3B, 0x8C, 0x8E,
        0xC1, 0xC0, 0x95, 0xA5, 0x08, 0x5E, 0x55, 0x4D, 0xD4, 0x50, 0xE0, 0xE6, 0x7A, 0xB6, 0x70,
        0xB6, 0xA1, 0x1E, 0xBF, 0x6C, 0x25, 0x52, 0x0F, 0xC1, 0x3E, 0x36, 0x40, 0x60, 0xF9, 0x1F,
        0x9B, 0x7F, 0x3D, 0x5C, 0xB4, 0x8F, 0xF2, 0x8B, 0x8F, 0xC8, 0x3D, 0x42, 0x93, 0xF1, 0xF3,
        0x5A, 0xD6, 0xFF, 0x6A, 0xE4, 0x57, 0x4A, 0xD7, 0xA1, 0xC6, 0x00, 0x5F, 0xC0, 0x38, 0x9A,
        0x7B, 0x21, 0x38, 0x6B, 0x08, 0x50, 0xA0, 0x5D, 0x83, 0x2F, 0xE6, 0xA1, 0x4B, 0xB2, 0xB1,
        0xDB, 0x1F, 0x8E, 0x20, 0xBD, 0x09, 0x17, 0x49, 0x46, 0xCD, 0x09, 0x8B, 0x81, 0xC8, 0xF7,
        0x97, 0xE9, 0x5F, 0x21, 0x43, 0xA9, 0x49, 0x77, 0x0C, 0xF1, 0x21, 0x9B, 0xFE, 0xF0, 0x39,
        0xDB, 0x51, 0xA8, 0x0F, 0xC2, 0x47, 0xF6, 0x5F, 0x41, 0x55, 0x4C, 0x71, 0x73, 0xDD, 0x80,
        0x5B, 0xA8, 0x2F, 0xDF, 0x47, 0xAB, 0x6D, 0x4B, 0xFD, 0x37, 0xDF, 0xE4, 0x6F, 0xC4, 0x79,
        0x04, 0x42, 0x1A, 0xE0, 0x0D, 0xC0, 0x05, 0xA2, 0x2F, 0x9C, 0x47, 0x84, 0xB0, 0xEA, 0x9E,
        0x66, 0x53, 0x92, 0xA4, 0x12, 0x24, 0x50, 0x16, 0xD5, 0xC6, 0xD7, 0x67, 0x3A, 0x6A, 0x18,
        0x0D, 0x22, 0x8D, 0x42, 0x55, 0xA5, 0x38, 0xE4, 0x51, 0xFF, 0xD8, 0xB4, 0x14, 0xD4, 0x03,
        0x04, 0xC0, 0xC8, 0x88, 0x99, 0x2E, 0x0A, 0xB6, 0xDE, 0x16, 0x02, 0x10, 0x95, 0x27, 0x41,
        0x7B, 0xC1, 0xC7, 0xEB, 0x78, 0x2A, 0xE7, 0x7A, 0x8C, 0x3C, 0xDF, 0xC1, 0xD1, 0x3A, 0x1E,
        0x87, 0x42, 0x07, 0x89, 0x82, 0x64, 0xE3, 0x80, 0x80, 0x24, 0x31, 0x09, 0xC5, 0x96, 0x96,
        0x49, 0xAC, 0x83, 0x83, 0x41, 0x7E, 0x92, 0x2B, 0xA1, 0x15, 0x33, 0x11, 0x42, 0xD0, 0xED,
        0x35, 0x44, 0x0B, 0x15, 0xD4, 0x0B, 0xEE, 0x0C, 0xF5, 0x8A, 0xF3, 0x7C, 0x0F, 0x05, 0x24,
        0xFF, 0xAC, 0x1C, 0x71, 0xCE, 0xED, 0x3B, 0xB8, 0x2F, 0x76, 0xAB, 0x10, 0x8A, 0x8A, 0xD1,
        0xA0, 0xC8, 0xB7, 0x8D, 0x93, 0x41, 0x14, 0x8C, 0x64, 0x23, 0x69, 0xBE, 0x7B, 0xEF, 0x59,
        0xD4, 0x6F, 0x49, 0xD7, 0x0C, 0x83, 0x56, 0x06, 0x07, 0xF1, 0x40, 0x84, 0x8E, 0xC9, 0xA7,
        0x60, 0x7D, 0x4A, 0x08, 0xF8, 0xB6, 0xE4, 0x44, 0x7F, 0x55, 0x23, 0xF4, 0x16, 0x98, 0x18,
        0x88, 0xA8, 0xDE, 0x96, 0x47, 0xFF, 0xEF, 0x79, 0x38, 0x9E, 0x49, 0x83, 0xE5, 0xC9, 0x38,
        0x76, 0x98, 0xD0, 0xCC, 0x2D, 0x42, 0x93, 0x22, 0x36, 0x5C, 0xE7, 0xE7, 0xB5, 0xFD, 0x6D,
        0x6E, 0xB9, 0x21, 0xC8, 0x13, 0xFC, 0xF0, 0x61, 0x99, 0xFE, 0x1C, 0xA4, 0x1E, 0x9C, 0xFE,
        0x03, 0xB5, 0x39, 0xF3, 0x21, 0x67, 0x1A, 0x2A, 0xCA, 0xD0, 0x96, 0x3F, 0x87, 0x6F, 0x9D,
        0xB7, 0xA1, 0xC4, 0x37, 0x1B, 0x9F, 0x10, 0x10, 0x05, 0x21, 0x79, 0x95, 0xB5, 0xB6, 0xA4,
        0x09, 0x76, 0x24, 0x6D, 0x24, 0x5D, 0xA6, 0x03, 0xDB, 0xA8, 0xDA, 0xC8, 0x12, 0xA5, 0x48,
        0x0C, 0x34, 0x76, 0xA9, 0x9D, 0x0F, 0xFD, 0xF0, 0xEF, 0x94, 0x3D, 0x72, 0xD9, 0x12, 0x54,
        0x31, 0x48, 0xB2, 0xFE, 0x78, 0xE8, 0xB0, 0x15, 0x93, 0x24, 0xFE, 0x9B, 0xCD, 0x4C, 0xED,
        0x33, 0xCD, 0x21, 0x2F, 0xE4, 0xF3, 0xDF, 0xD6, 0xD4, 0xC5, 0xE1, 0x95, 0x8B, 0xEB, 0x95,
        0xAC, 0x6B, 0x53, 0x3A, 0xCE, 0x3E, 0x78, 0x01, 0x5E, 0x38, 0x80, 0xB5, 0x2B, 0xF4, 0x52,
        0x99, 0x26, 0x3A, 0x4C, 0x00, 0x96, 0xF8, 0xBA, 0x5F, 0xE3, 0xA6, 0x29, 0x8C, 0xAB, 0x67,
        0x5C, 0xB7, 0xF3, 0x82, 0xE7, 0xEF, 0x49, 0x72, 0x0E, 0xB4, 0xCF, 0x47, 0x37, 0x6E, 0x2D,
        0x25, 0x74, 0x12, 0x2C, 0xCF, 0x91, 0x12, 0x9C, 0x85, 0x8E, 0x94, 0x89, 0x04, 0xFE, 0xCE,
        0xFB, 0x91, 0x22, 0x6E, 0xD4, 0x24, 0x03, 0xBA, 0x12, 0xDD, 0x32, 0x58, 0x90, 0x9A, 0x87,
        0xDF, 0xCB, 0xF6, 0x5C, 0xC3, 0xAD, 0xC3, 0xD9, 0x8D, 0x27, 0x7F, 0xDC, 0xEC, 0x76, 0x64,
        0xE2, 0x29, 0x2B, 0x7D, 0x27, 0xAF, 0xBB, 0x5A, 0xAF, 0xB4, 0x05, 0xC2, 0x0A, 0x34, 0xB2,
        0xFE, 0x2C, 0x08, 0x49, 0xEE, 0x28, 0x0B, 0xB8, 0x91, 0xDF, 0xDF, 0x59, 0xF1, 0x9B, 0x89,
        0xB0, 0x24, 0x63, 0x58, 0xDB, 0x54, 0xCF, 0x3F, 0xDC, 0x66, 0xEA, 0xAA, 0xA7, 0x50, 0xC8,
        0x90, 0x3F, 0x1D, 0x42, 0x67, 0x8F, 0x3E, 0xDF, 0x0B, 0x75, 0x30, 0x41, 0x0A, 0xA8, 0x81,
        0xBC, 0x61, 0x7F, 0x94, 0x34, 0x63, 0x79, 0x85, 0x4A, 0xF4, 0x53, 0x2E, 0x61, 0xF6, 0x5A,
        0xAE, 0x75, 0x76, 0xC3, 0x5F, 0xAF, 0x55, 0xE1, 0x55, 0xBD, 0x67, 0x87, 0xB4, 0x63, 0x4D,
        0x54, 0x19, 0x19, 0x07, 0xE1, 0x55, 0xC2, 0x39, 0xE6, 0x84, 0x80, 0xCD, 0xFA, 0x0C, 0x87,
        0x05, 0x4B, 0xFB, 0x62, 0x85, 0x5F, 0x40, 0x9A, 0x20, 0xD5, 0x33, 0x5F, 0xB1, 0x23, 0xE6,
        0x81, 0xE6, 0x4E, 0xC8, 0x47, 0xCD, 0x98, 0x5B, 0x60, 0x62, 0x05, 0x9F, 0x43, 0x6A, 0xEB,
        0xAC, 0x62, 0x3C, 0x03, 0x8B, 0x6C, 0x34, 0x05, 0xAC, 0x32, 0x51, 0x91, 0xA8, 0xD1, 0x12,
        0x6A, 0x5E, 0xF8, 0xF3, 0x8C, 0xCC, 0xBF, 0x14, 0x4A, 0x5C, 0x32, 0x4C, 0x1E, 0x09, 0x3C,
        0xF9, 0x9E, 0xFB, 0xE1, 0x0C, 0xA0, 0x3D, 0x43, 0x9B, 0xCF, 0xB8, 0xBA, 0x5E, 0x29, 0x3B,
        0x7D, 0x31, 0x88, 0x37, 0xF7, 0xBC, 0x42, 0xA9, 0x99, 0x64, 0x39, 0x23, 0x69, 0xDA, 0x76,
        0xE7, 0x9D, 0x71, 0xD1, 0xA2, 0xC2, 0x48, 0xA1, 0x13, 0x24, 0xA8, 0x7A, 0xE1, 0xE3, 0xCB,
        0xEA, 0xB6, 0xFB, 0x0D, 0x0B, 0xCA, 0xE1, 0xEF, 0x55, 0xE4, 0x3D, 0xFB, 0x6F, 0x1B, 0x4C,
        0xFB, 0x82, 0xC7, 0xA7, 0x78, 0xFB, 0x82, 0x8A, 0x37, 0x27, 0xEF, 0x07, 0x68, 0x5F, 0xE3,
        0x8A, 0x74, 0xB3, 0xDD, 0x25, 0xD0, 0x15, 0x32, 0x2C, 0x2D, 0x9F, 0x24, 0x5C, 0x08, 0xD8,
        0xC2, 0xB4, 0x38, 0x65, 0x69, 0x42, 0x33, 0x78, 0x2E, 0xB7, 0x34, 0x43, 0x6C, 0x4E, 0xDD,
        0xEF, 0x54, 0x06, 0x20, 0x8D, 0x6C, 0x45, 0x72, 0xC7, 0x37, 0x12, 0x62, 0xFE, 0x02, 0x31,
        0x9C, 0xFB, 0xBC, 0xF2, 0xE2, 0x3B, 0xED, 0x8A, 0xA9, 0x69, 0xD1, 0xAE, 0x6F, 0x5F, 0x25,
        0xFF, 0x6B, 0x8E, 0xBC, 0xF0, 0x92, 0x50, 0x66, 0xF7, 0x61, 0xA3, 0x9B, 0xBF, 0xF4, 0x9F,
        0x0C, 0x8D, 0xBC, 0x3B, 0xE8, 0x4F, 0x0C, 0x44, 0x2B, 0x04, 0x4E, 0xA0, 0x1B, 0x66, 0x97,
        0x47, 0xE3, 0xC8, 0x29, 0x3C, 0xFE, 0x9C, 0xCD, 0xF2, 0xEF, 0x06, 0x3A, 0xE3, 0xD2, 0x8D,
        0x10, 0x72, 0x0C, 0x27, 0x9A, 0x26, 0x91, 0x61, 0x6A, 0xBD, 0x23, 0xB0, 0x55, 0xCF, 0xC6,
        0xC5, 0x62, 0x12, 0x5D, 0xF4, 0xAD, 0x0F, 0xA6, 0x63, 0x13, 0x04, 0x97, 0x2D, 0xDC, 0x36,
        0x74, 0xB1, 0xAA, 0xA7, 0x66, 0x5B, 0xF6, 0x21, 0x32, 0x0D, 0x83, 0xEA, 0xC8, 0xD5, 0xB3,
        0x71, 0xD7, 0xD7, 0x19, 0x82, 0x9F, 0x58, 0xB2, 0x34, 0x58, 0x18, 0x25, 0x58, 0x71, 0x0D,
        0xE3, 0x1D, 0x81, 0xEF, 0x9A, 0x47, 0xD8, 0x83, 0x9C, 0x79, 0x64, 0x0B, 0x20, 0x25, 0xD1,
        0x96, 0x5A, 0x41, 0x8B, 0xC9, 0x0E, 0x41, 0x15, 0xF1, 0x42, 0x33, 0x11, 0xA8, 0xB6, 0x4F,
        0xCD, 0xE0, 0xF2, 0xD2, 0x14, 0x5E, 0xE5, 0x35, 0xB0, 0x93, 0x1B, 0x84, 0xBC, 0x81, 0x10,
        0x44, 0x5F, 0x2F, 0xF6, 0x8D, 0x13, 0x6E, 0xD7, 0x09, 0xDD, 0xB7, 0xEA, 0x9F, 0xF7, 0x5F,
        0x3B, 0x4E, 0x8B, 0x4F, 0x83, 0x62, 0x30, 0xCA, 0x9E, 0x81, 0x06, 0x94, 0x77, 0xF6, 0x34,
        0xE0, 0x72, 0x70, 0xAF, 0x60, 0xEF, 0x96, 0xF7, 0x25, 0x57, 0xA0, 0x81, 0xD6, 0x64, 0xAB,
        0xCF, 0x35, 0x54, 0x8F, 0x69, 0x94, 0x84, 0x65, 0x3D, 0xA6, 0x45, 0x48, 0x3F, 0xF2, 0xBF,
        0x59, 0x98, 0x61, 0x7A, 0xE8, 0xBF, 0xA6, 0x2D, 0x56, 0xE7, 0x14, 0xF3, 0xC0, 0x13, 0x6E,
        0x50, 0x35, 0xA3, 0xF7, 0x8E, 0x06, 0xC2, 0xF4, 0x70, 0xDF, 0x7F, 0xD3, 0x38, 0x0D, 0x14,
        0x03, 0x3F, 0x81, 0xE2, 0xAA, 0xE6, 0xB4, 0xD9, 0x04, 0x87, 0xDA, 0xB7, 0x6B, 0x9B, 0x3B,
        0x87, 0x61, 0xFB, 0x56, 0xC3, 0x6F, 0x54, 0x29, 0xDA, 0x3D, 0x43, 0x46, 0xCB, 0x22, 0xE6,
        0x41, 0xAD, 0x8D, 0x7D, 0x2D, 0x80, 0xFA, 0x24, 0x0D, 0x4E, 0x01, 0x54, 0xE6, 0xB3, 0xD2,
        0xF1, 0xB3, 0xEF, 0x6C, 0xF1, 0x74, 0xC0, 0x8D, 0x06, 0x2F, 0x57, 0x5C, 0x83, 0xA4, 0x07,
        0x81, 0x74, 0xF8, 0x74, 0x36, 0x4D, 0xF3, 0x6A, 0x63, 0x28, 0xBE, 0xEE, 0xF6, 0x9B, 0xA7,
        0xF9, 0x0E, 0x1D, 0xF9, 0xFD, 0xCE, 0xC9, 0xA2, 0xF1, 0x5E, 0xBF, 0x04, 0xFA, 0x7D, 0x67,
        0x56, 0xDA, 0x2E, 0x5A, 0x59, 0xC9, 0xCB, 0xBC, 0xBC, 0x39, 0x7D, 0x6F, 0xB2, 0x8D, 0x0F,
        0xC9, 0xA6, 0x05, 0x34, 0xDF, 0xF0, 0x75, 0x27, 0x16, 0xED, 0x07, 0x9A, 0xD1, 0xAB, 0x19,
        0xA2, 0x24, 0xD1, 0xC8, 0xAE, 0x8A, 0x53, 0x24, 0x2F, 0xD1, 0x64, 0x98, 0x9F, 0xF9, 0x97,
        0x48, 0x9B, 0x65, 0x20, 0xEB, 0x3C, 0x0E, 0x97, 0xF4, 0xBC, 0xC1, 0xA9, 0xC3, 0xCB, 0xD4,
        0x4F, 0x00, 0x8C, 0x03, 0xEF, 0x52, 0xCF, 0x7E, 0x62, 0x68, 0x81, 0xD2, 0x46, 0x92, 0x5E,
        0x03, 0x36, 0xC0, 0xAC, 0x66, 0x88, 0x67, 0xF8, 0x53, 0xDA, 0x78, 0x20, 0xF9, 0x14, 0x11,
        0x5A, 0x7C, 0x77, 0xAC, 0x31, 0xB6, 0x6F, 0x46, 0xFB, 0xF9, 0x7F, 0x66, 0xFA, 0x26, 0x41,
        0x6F, 0xC4, 0x58, 0x1D, 0x45, 0x9A, 0x4F, 0x24, 0x62, 0xD5, 0x2C, 0xF0, 0xC7, 0x9B, 0x27,
        0x89, 0x55, 0xAA, 0x73, 0xE8, 0xFA, 0x56, 0xE3, 0xC3, 0x20, 0xF5, 0x16, 0xBC, 0xC5, 0x4C,
        0x97, 0xE5, 0x87, 0x19, 0x9C, 0x15, 0xAB, 0x95, 0x3C, 0xC3, 0x71, 0x89, 0xB8, 0x1C, 0x70,
        0xCA, 0xBB, 0x25, 0x59, 0xE4, 0x45, 0xBC, 0xC9, 0xD8, 0x17, 0x4A, 0xD7, 0x57, 0x4E, 0x9A,
        0xCB, 0x02, 0xF4, 0x3E, 0x0C, 0x34, 0xFF, 0x5E, 0x67, 0x46, 0xEE, 0x73, 0x0A, 0xD4, 0x1F,
        0xF8, 0xEE, 0xF9, 0x3C, 0x20, 0x71, 0xC2, 0x64, 0x90, 0x63, 0xDD, 0x92, 0xF3, 0x43, 0xC0,
        0x6E, 0xF6, 0xAB, 0xAF, 0x98, 0xF2, 0x8D, 0x98, 0xD9, 0x68, 0x07, 0x1C, 0x12, 0xCC, 0x10,
        0xA9, 0x0C, 0x22, 0xD8, 0xB3, 0xB3, 0x48, 0x0C, 0x76, 0xF7, 0xA5, 0x1B, 0x7E, 0xC5, 0x94,
        0xB3, 0x43, 0x5D, 0x2E, 0x3D, 0x77, 0x9C, 0x1A, 0x15, 0x03, 0x76, 0x97, 0xF3, 0xA0, 0x58,
        0x65, 0x04, 0x72, 0xE4, 0x7E, 0xEC, 0xD5, 0xF3, 0x2E, 0xB3, 0x24, 0x3A, 0x51, 0x6F, 0x0E,
        0x70, 0x3F, 0x98, 0x88, 0xC8, 0x46, 0x90, 0x75, 0x06, 0x48, 0xD6, 0xA9, 0xA8, 0x76, 0xBF,
        0x1F, 0x35, 0x3D, 0xB6, 0x89, 0x1D, 0xC6, 0xD3, 0x17, 0xD6, 0xE8, 0x7A, 0xC0, 0x88, 0xF4,
        0x2B, 0x5F, 0x6F, 0x20, 0xD7, 0x99, 0xEC, 0xE4, 0xFA, 0x7A, 0xAA, 0x92, 0x8D, 0x2A, 0xC7,
        0x95, 0xE8, 0xDE, 0x83, 0xD1, 0xE1, 0xC7, 0xFA, 0x2F, 0x9A, 0x41, 0x06, 0x69, 0x3E, 0x98,
        0x1C, 0x21, 0xC6, 0x3B, 0x32, 0x21, 0xC4, 0xFA, 0x26, 0x49, 0xF4, 0x5F, 0x0C, 0x6E, 0x05,
        0xDB, 0xF2, 0x40, 0x11, 0xAF, 0x16, 0xAB, 0x2E, 0x5F, 0xE9, 0x4A, 0x64, 0x0B, 0x48, 0x59,
        0x88, 0x03, 0x7E, 0xBE, 0x1E, 0x8A, 0xD0, 0xB2, 0x62, 0x3D, 0x95, 0xE9, 0x94, 0x7F, 0x07,
        0x26, 0x12, 0x1D, 0x78, 0x28, 0x61, 0x4E, 0x3B, 0x2D, 0x77, 0xA7, 0xA1, 0xF9, 0xA9, 0x38,
        0xBE, 0xA9, 0xA1, 0xA7, 0xA2, 0x62, 0x7B, 0x7D, 0x2E, 0x35, 0x8C, 0x42, 0xCC, 0xC6, 0xC0,
        0xB8, 0x0A, 0x15, 0xA1, 0xC2, 0xF6, 0xE9, 0xAA, 0xF0, 0x49, 0x5B, 0xDB, 0x7B, 0xB8, 0xD4,
        0xB0, 0xE2, 0x8A, 0x1A, 0xB5, 0xAB, 0x93, 0xCA, 0x0F, 0xF3, 0xE3, 0xF9, 0x10, 0xC4, 0x90,
        0xC1, 0x34, 0x86, 0x85, 0x25, 0x34, 0xD5, 0xE1, 0x21, 0x60, 0x83, 0x5E, 0xC5, 0x91, 0x6C,
        0x5C, 0x68, 0x34, 0x9C, 0x4E, 0x2D, 0x8F, 0xA9, 0x56, 0xC6, 0x43, 0x27, 0x7E, 0xDD, 0x3B,
        0x6C, 0x81, 0xC8, 0x8C, 0x01, 0x04, 0x21, 0x70, 0x5F, 0xD3, 0x17, 0xFF, 0x9E, 0x3C, 0x94,
        0xDF, 0x0E, 0xD5, 0x30, 0x5F, 0x53, 0x0A, 0xCB, 0xCC, 0xF8, 0xDD, 0x0E, 0x87, 0x14, 0x0C,
        0xD3, 0x81, 0x52, 0x66, 0x4A, 0x57, 0x2C, 0x16, 0x8C, 0xD7, 0x25, 0x95, 0xB7, 0xFA, 0xC2,
        0x43, 0xC0, 0x3F, 0x3F, 0xB3, 0x3E, 0xF7, 0x4A, 0x28, 0xC0, 0xE4, 0x46, 0x9F, 0x94, 0x58,
        0x7C, 0x13, 0x70, 0x4E, 0x9E, 0xFE, 0x80, 0x10, 0xB2, 0x12, 0x5A, 0xCA, 0x78, 0xC2, 0x2C,
        0x33, 0xC8, 0x23, 0x66, 0xE1, 0xA7, 0xC4, 0x02, 0x8C, 0x2A, 0xE2, 0xE8, 0xD2, 0x6E, 0x1A,
        0x57, 0xE4, 0x29, 0x7F, 0xAC, 0x98, 0x7F, 0x84, 0xA0, 0xA2, 0x7F, 0x42, 0xB4, 0xC9, 0x3A,
        0x4F, 0x4D, 0x14, 0x56, 0x98, 0x24, 0xB0, 0x88, 0x0F, 0xB6, 0x74, 0x07, 0xED, 0x58, 0xF2,
        0x67, 0xAC, 0x40, 0x3A, 0xA0, 0xB1, 0xF9, 0x37, 0x84, 0xB4, 0xB4, 0xC6, 0x70, 0x36, 0x03,
        0x7E, 0x60, 0xD5, 0x80, 0x72, 0x61, 0x1B, 0x0E, 0x90, 0xCA, 0x31, 0x69, 0x76, 0xEF, 0x4E,
        0x0B, 0x30, 0x2C, 0xDA, 0xD1, 0xB6, 0xDC, 0xCA, 0x92, 0xEF, 0xB8, 0xE1, 0xF6, 0xBE, 0x23,
        0x97, 0x96, 0x75, 0x08, 0xBE, 0x2C, 0x02, 0xA2, 0x5E, 0xD0, 0x38, 0x0B, 0xA1, 0xF7, 0x95,
        0x5F, 0x85, 0x7C, 0x8F, 0xB0, 0x43, 0x29, 0x77, 0x80, 0xD1, 0x36, 0xB2, 0xB0, 0x64, 0x04,
        0x0C, 0x8E, 0x55, 0x14, 0x3D, 0x71, 0x5E, 0xA9, 0x97, 0xE1, 0x34, 0xED, 0x97, 0x3C, 0x98,
        0xEF, 0x82, 0x78, 0x6F, 0x0C, 0xCF, 0x66, 0xC1, 0x7D, 0x86, 0x35, 0x42, 0x18, 0x0C, 0x66,
        0xD5, 0x4D, 0x08, 0xE1, 0x16, 0xF2, 0xE3, 0x5D, 0x99, 0x5E, 0x21, 0x44, 0x89, 0xAD, 0x0F,
        0xAD, 0x7A, 0x55, 0xFE, 0x9E, 0xBC, 0x1A, 0x77, 0x7F, 0xE3, 0x41, 0x41, 0x14, 0x7C, 0x08,
        0x0B, 0x98, 0xD1, 0x34, 0x63, 0xA3, 0xBB, 0xC6, 0xFC, 0x82, 0xF2, 0xFC, 0x95, 0xF4, 0xDE,
        0x7B, 0x35, 0x91, 0xD9, 0xC8, 0xCD, 0x44, 0x16, 0x91, 0x7A, 0x43, 0x38, 0x09, 0x5D, 0x56,
        0x20, 0x10, 0x4B, 0x7B, 0xE1, 0x3F, 0x5A, 0x13, 0x1D, 0xD3, 0xF7, 0xAA, 0xD5, 0xB5, 0x59,
        0xD1, 0x1E, 0x81, 0x71, 0xDF, 0xB9, 0x1E, 0x2B, 0xB1, 0xE4, 0x7A, 0xC3, 0x81, 0x0B, 0x1C,
        0xDC, 0x1A, 0x1E, 0x37, 0x0C, 0x86, 0x7B, 0x7B, 0x7B, 0x50, 0xC4, 0x68, 0x8D, 0xCE, 0x54,
        0x57, 0x63, 0x15, 0x7E, 0x02, 0xF4, 0x7E, 0x1C, 0xC6, 0x61, 0xD5, 0xBF, 0x2F, 0xBC, 0x33,
        0x6C, 0xFA, 0xE0, 0x80, 0xAB, 0x15, 0x72, 0x8B, 0x1A, 0xB9, 0xDD, 0x19, 0x9F, 0x27, 0x79,
        0xD4, 0x51, 0xE6, 0x17, 0x89, 0x77, 0xFB, 0x65, 0x8C, 0x17, 0x34, 0x4C, 0xFF, 0xB7, 0xAA,
        0x3A, 0xF5, 0x79, 0x1A, 0x28, 0xFC, 0x8A, 0x08, 0x9C, 0x85, 0x18, 0x77, 0x53, 0xE5, 0xE3,
        0x13, 0xC8, 0xD1, 0xF0, 0xFE, 0x77, 0x55, 0xE2, 0x8B, 0xE4, 0x44, 0x42, 0x6A, 0x18, 0x9E,
        0x8B, 0xCE, 0x2D, 0x2F, 0x79, 0xDB, 0x31, 0xD4, 0xC3, 0xCA, 0x91, 0x1A, 0x83, 0x45, 0x55,
        0x25, 0x35, 0x5F, 0x95, 0xD1, 0x59, 0x35, 0x1C, 0xD7, 0x31, 0xA8, 0x8E, 0x55, 0x40, 0x38,
        0x51, 0x23, 0x6E, 0xE2, 0x12, 0x8F, 0x27, 0x9D, 0x5B, 0xE6, 0x44, 0xC0, 0x42, 0x45, 0x3A,
        0xE6, 0x5D, 0x9E, 0x9F, 0x3B, 0x40, 0xD6, 0xC8, 0x2B, 0xDE, 0xB0, 0x02, 0xAC, 0xDE, 0xE0,
        0x61, 0xEC, 0xCA, 0x3F, 0x2D, 0xCE, 0xAB, 0xEF, 0x9A, 0x90, 0x0E, 0x6E, 0x06, 0x3D, 0x56,
        0xAB, 0x39, 0xCB, 0x82, 0xDB, 0xC7, 0x7A, 0x46, 0x77, 0x57, 0x2D, 0x76, 0x16, 0xCD, 0x72,
        0xC0, 0xF6, 0xD5, 0xB9, 0xB9, 0x41, 0xDF, 0xDA, 0x1F, 0xE7, 0xC8, 0x96, 0xB8, 0xCC, 0x24,
        0xD6, 0x5A, 0x43, 0x22, 0xD7, 0x12, 0xA8, 0x4E, 0x94, 0xAD, 0xFC, 0x8E, 0xD0, 0xCC, 0x56,
        0xCC, 0x1A, 0xE9, 0x7F, 0x77, 0x5B, 0xD3, 0xCE, 0xA5, 0xB2, 0x0B, 0x52, 0x4D, 0x9A, 0x7A,
        0x91, 0x60, 0x56, 0xE1, 0x9A, 0xF0, 0x95, 0xD3, 0x01, 0x71, 0xE5, 0xE1, 0x4C, 0x7C, 0x99,
        0x8F, 0x78, 0xDC, 0x44, 0x84, 0x5E, 0xDF, 0x30, 0x73, 0x63, 0xEA, 0xB7, 0x91, 0x3F, 0x68,
        0x0A, 0x5E, 0x5A, 0x15, 0x40, 0xA6, 0xF9, 0x45, 0x50, 0x7F, 0xFA, 0x67, 0x59, 0x1F, 0x8D,
        0x1A, 0x29, 0x20, 0xAB, 0x3B, 0x6E, 0x75, 0x4E, 0x35, 0x37, 0x9D, 0xD6, 0x78, 0x70, 0xC2,
        0x42, 0x33, 0x5E, 0x27, 0x17, 0x90, 0x3F, 0xF3, 0xC6, 0x87, 0xE5, 0xC3, 0x3D, 0xC9, 0x53,
        0x41, 0x68, 0x65, 0xD5, 0xF2, 0x3B, 0xD7, 0x52, 0xE5, 0x54, 0x92, 0xB9, 0xD5, 0xD8, 0x88,
        0xD7, 0xB3, 0x7E, 0xF3, 0x3B, 0x0A, 0x67, 0x74, 0xD0, 0x52, 0xB0, 0x98, 0x7C, 0x06, 0x6A,
        0x2E, 0x01, 0x76, 0x72, 0x07, 0xAA, 0x7F, 0xBF, 0xC3, 0x93, 0xCA, 0x62, 0x87, 0x46, 0x13,
        0xDD, 0xE3, 0x79, 0x4F, 0x74, 0xFA, 0xDB, 0x5D, 0x55, 0xB8, 0x77, 0xB8, 0x77, 0xA6, 0x05,
        0x91, 0x8C, 0x81, 0x26, 0x10, 0xFB, 0xCA, 0xFA, 0xD7, 0x2E, 0xE2, 0x45, 0xE6, 0xDD, 0x87,
        0x21, 0x13, 0x8D, 0x6B, 0xD3, 0xF4, 0xEE, 0xDA, 0xD8, 0x53, 0xAE, 0xD1, 0xEC, 0x43, 0x7A,
        0xD0, 0x2A, 0xC9, 0x37, 0xC8, 0x0D, 0xAE, 0x26, 0xFA, 0x5F, 0x70, 0x08, 0x3B, 0xD3, 0x46,
        0x77, 0x9B, 0x77, 0x93, 0x87, 0xF7, 0xB3, 0xD2, 0xAA, 0xE5, 0x77, 0x70, 0xD8, 0x17, 0x79,
        0x28, 0x83, 0x32, 0x81, 0xCC, 0xB7, 0xA3, 0x8D, 0xA2, 0x48, 0x34, 0xFD, 0x97, 0x26, 0xFD,
        0x17, 0xEB, 0x60, 0x3C, 0xBA, 0x90, 0x41, 0xE8, 0x2B, 0xFE, 0xED, 0x0E, 0x33, 0x94, 0x2D,
        0xDE, 0x1D, 0x48, 0xC2, 0x71, 0xF5, 0xB3, 0x9A, 0xA7, 0x23, 0x0F, 0x41, 0xAF, 0xB8, 0x9D,
        0x36, 0xF7, 0x97, 0x6E, 0xEE, 0x4F, 0x51, 0xA0, 0x36, 0x74, 0x30, 0x31, 0xC5, 0x34, 0xF6,
        0x46, 0x85, 0xB9, 0x4C, 0x99, 0x0A, 0x93, 0xA5, 0x73, 0x7F, 0xE6, 0x28, 0xEE, 0x9C, 0xDA,
        0x8E, 0xD9, 0xC0, 0x8B, 0x11, 0xD3, 0x83, 0x6F, 0x83, 0x38, 0x35, 0xC4, 0x45, 0xB3, 0x17,
        0xA7, 0x7E, 0xAD, 0x75, 0x99, 0xD1, 0xA0, 0xC0, 0x88, 0x73, 0x01, 0x45, 0x10, 0xD3, 0x6B,
        0xB7, 0xFF, 0x5F, 0xB9, 0x61, 0x27, 0x75, 0x89, 0xEA, 0x48, 0xC3, 0x2A, 0x60, 0xC8, 0x7E,
        0xC4, 0x06, 0x81, 0xBE, 0x06, 0x7B, 0x17, 0x78, 0x5E, 0xC4, 0x48, 0x25, 0xBD, 0x89, 0xFA,
        0xA2, 0x52, 0x49, 0xE7, 0x35, 0xA6, 0x28, 0xB6, 0xEE, 0xBC, 0xC6, 0xCC, 0xE4, 0xE0, 0x31,
        0x4C, 0x62, 0x75, 0x88, 0x11, 0x8C, 0x40, 0xB2, 0xE0, 0xD4, 0x60, 0xD8, 0xD5, 0xCE, 0x35,
        0x8C, 0x56, 0x45, 0x8F, 0x36, 0x91, 0x4C, 0xA2, 0x03, 0xF5, 0xA5, 0x38, 0x1C, 0x6D, 0xEB,
        0x5A, 0x76, 0xBB, 0xC0, 0x8C, 0x40, 0xA8, 0x74, 0x37, 0xDA, 0x0D, 0x0B, 0x57, 0x17, 0x88,
        0xA0, 0x5E, 0x9F, 0x96, 0xD9, 0xBB, 0x77, 0x0D, 0xE8, 0xA0, 0xB1, 0xB9, 0x60, 0xFF, 0x2A,
        0x44, 0xA9, 0x64, 0xC9, 0xB7, 0x93, 0x98, 0x53, 0x74, 0x2E, 0x83, 0xCE, 0x8D, 0xEB, 0x79,
        0x19, 0x1B, 0x2D, 0x82, 0x45, 0x46, 0x55, 0xF2, 0x27, 0x07, 0x9D, 0xD8, 0xC5, 0xB0, 0x21,
        0x6C, 0x84, 0x70, 0xB8, 0xE1, 0xAC, 0x70, 0x52, 0x63, 0x01, 0xBB, 0xFA, 0x2B, 0xC4, 0xAD,
        0xCA, 0x68, 0xA7, 0x66, 0xCC, 0xB2, 0xA6, 0xE0, 0xEB, 0xF2, 0xE9, 0x99, 0x05, 0xBF, 0x52,
        0x42, 0x59, 0x0B, 0x01, 0x70, 0x38, 0x68, 0xB3, 0xFA, 0xF8, 0x41, 0xC1, 0x1C, 0x38, 0x3B,
        0xE1, 0x45, 0xA4, 0x0F, 0xEA, 0x63, 0x75, 0xE1, 0x8A, 0x01, 0x46, 0x8E, 0x45, 0x96, 0x03,
        0xB5, 0xEF, 0xDF, 0x8A, 0x4E, 0x9A, 0xBD, 0x17, 0x92, 0x80, 0xAE, 0x8B, 0x59, 0x47, 0xD7,
        0x8D, 0x2F, 0x0C, 0x4D, 0x37, 0x71, 0x5E, 0xAA, 0x42, 0xBC, 0x37, 0xCF, 0x87, 0x30, 0xE4,
        0x1F, 0xFB, 0xF9, 0x82, 0x6D, 0x46, 0x42, 0x4F, 0x29, 0x22, 0xA9, 0x60, 0x33, 0xCE, 0xFA,
        0xA8, 0xB4, 0xBB, 0xE4, 0xC8, 0xB8, 0x9D, 0x43, 0x50, 0x1F, 0xD5, 0x21, 0x1D, 0x53, 0x92,
        0xCA, 0x19, 0xA9, 0x8B, 0xA1, 0x27, 0xD9, 0x02, 0x5B, 0x5C, 0x6E, 0x86, 0xBA, 0x02, 0x44,
        0x71, 0x94, 0x05, 0x49, 0xA2, 0xB5, 0xD8, 0xE1, 0x49, 0x61, 0xC9, 0xDC, 0x19, 0x69, 0x6D,
        0xA1, 0xA5, 0xBF, 0xFD, 0x01, 0x03, 0x0D, 0x5E, 0x61, 0x00, 0x00, 0x00, 0x00, 0x00, 0x00,
        0x00, 0x00, 0x00, 0x00, 0x00, 0x00, 0x00, 0x00, 0x00, 0x00, 0x00, 0x00, 0x00, 0x00, 0x00,
        0x00, 0x00, 0x00, 0x05, 0x09, 0x0F, 0x13, 0x1A, 0x1F,
    ];

    measure(|| {
        if MLDSA65::verify(&mldsa65_pk, msg, None, &sig).is_ok() {
            eprintln!("Verification succeeded!");
        } else {
            panic!("Verification failed! -- figure that out");
        }
    });
}

/// Loads the public key for the matching verify bench. See [`load_mldsa44_sk`] for why this is
/// `#[inline(never)]`.
#[inline(never)]
fn load_mldsa87_pk() -> bouncycastle::mldsa::MLDSA87PublicKey {
    use bouncycastle::mldsa::MLDSA87PublicKey;

    MLDSA87PublicKey::from_bytes(&[
        0x97, 0x92, 0xBC, 0xEC, 0x2F, 0x24, 0x30, 0x68, 0x6A, 0x82, 0xFC, 0xCF, 0x3C, 0x2F, 0x5F,
        0xF6, 0x65, 0xE7, 0x71, 0xD7, 0xAB, 0x41, 0xB9, 0x02, 0x58, 0xCF, 0xA7, 0xE9, 0x0E, 0xC9,
        0x71, 0x24, 0xA7, 0x3B, 0x32, 0x3B, 0x9B, 0xA2, 0x1A, 0xB6, 0x4D, 0x76, 0x7C, 0x43, 0x3F,
        0x5A, 0x52, 0x1E, 0xFF, 0xE1, 0x8F, 0x86, 0xE4, 0x6A, 0x18, 0x89, 0x52, 0xC4, 0x46, 0x7E,
        0x04, 0x8B, 0x72, 0x9E, 0x7F, 0xC4, 0xD1, 0x15, 0xE7, 0xE4, 0x8D, 0xA1, 0x89, 0x6D, 0x5F,
        0xE1, 0x19, 0xB1, 0x0D, 0xCD, 0xDE, 0xF6, 0x2C, 0xB3, 0x07, 0x95, 0x40, 0x74, 0xB4, 0x23,
        0x36, 0xE5, 0x28, 0x36, 0xDE, 0x61, 0xDA, 0x94, 0x1F, 0x8D, 0x37, 0xEA, 0x68, 0xAC, 0x81,
        0x06, 0xFA, 0xBE, 0x19, 0x07, 0x06, 0x79, 0xAF, 0x60, 0x08, 0x53, 0x71, 0x20, 0xF7, 0x07,
        0x93, 0xB8, 0xEA, 0x9C, 0xC0, 0xE6, 0xE7, 0xB7, 0xB4, 0xC9, 0xA5, 0xC7, 0x42, 0x1C, 0x60,
        0xF2, 0x44, 0x51, 0xBA, 0x1E, 0x93, 0x3D, 0xB1, 0xA2, 0xEE, 0x16, 0xC7, 0x95, 0x59, 0xF2,
        0x1B, 0x3D, 0x1B, 0x83, 0x05, 0x85, 0x0A, 0xA4, 0x2A, 0xFB, 0xB1, 0x3F, 0x1F, 0x4D, 0x5B,
        0x9F, 0x48, 0x35, 0xF9, 0xD8, 0x7D, 0xFC, 0xEB, 0x16, 0x2D, 0x0E, 0xF4, 0xA7, 0xFD, 0xC4,
        0xCB, 0xA1, 0x74, 0x3C, 0xD1, 0xC8, 0x7B, 0xB4, 0x96, 0x7D, 0xA1, 0x6C, 0xC8, 0x76, 0x4B,
        0x65, 0x69, 0xDF, 0x8E, 0xE5, 0xBD, 0xCB, 0xFF, 0xE9, 0xA4, 0xE0, 0x57, 0x48, 0xE6, 0xFD,
        0xF2, 0x25, 0xAF, 0x9E, 0x4E, 0xEB, 0x77, 0x73, 0xB6, 0x2E, 0x8F, 0x85, 0xF9, 0xB5, 0x6B,
        0x54, 0x89, 0x45, 0x55, 0x18, 0x44, 0xFB, 0xD8, 0x98, 0x06, 0xA4, 0xAC, 0x36, 0x9B, 0xED,
        0x2D, 0x25, 0x61, 0x00, 0xF6, 0x88, 0xA6, 0xAD, 0x5E, 0x0A, 0x70, 0x98, 0x26, 0xDC, 0x44,
        0x49, 0xE9, 0x1E, 0x23, 0xC5, 0x50, 0x6E, 0x64, 0x23, 0x61, 0xEF, 0x5A, 0x31, 0x37, 0x12,
        0xF7, 0x9B, 0xC4, 0xB3, 0x18, 0x68, 0x61, 0xCA, 0x85, 0xA4, 0xBA, 0xB1, 0x7E, 0x7F, 0x94,
        0x3D, 0x1B, 0x8A, 0x33, 0x3A, 0xA3, 0xAE, 0x7C, 0xE1, 0x6B, 0x44, 0x0D, 0x60, 0x18, 0xF9,
        0xE0, 0x4D, 0xAF, 0x57, 0x25, 0xC7, 0xF1, 0xA9, 0x3F, 0xAD, 0x1A, 0x5A, 0x27, 0xB6, 0x78,
        0x95, 0xBD, 0x24, 0x9A, 0xA9, 0x16, 0x85, 0xDE, 0x20, 0xAF, 0x32, 0xC8, 0xB7, 0xE2, 0x68,
        0xC7, 0xF9, 0x68, 0x77, 0xD0, 0xC8, 0x50, 0x01, 0x13, 0x5A, 0x4F, 0x0A, 0x8F, 0x1B, 0x82,
        0x64, 0xFA, 0x6E, 0xBE, 0x5A, 0x34, 0x9D, 0x8A, 0xEC, 0xAD, 0x1A, 0x16, 0x29, 0x9C, 0xCF,
        0x2F, 0xD9, 0xC7, 0xB8, 0x5B, 0xAC, 0xE2, 0xCE, 0xD3, 0xAA, 0x12, 0x76, 0xBA, 0x61, 0xEE,
        0x78, 0xED, 0x7E, 0x5C, 0xA5, 0xB6, 0x7C, 0xDD, 0x45, 0x8A, 0x93, 0x54, 0x03, 0x0E, 0x6A,
        0xBB, 0xBA, 0xBF, 0x56, 0xA0, 0xA2, 0x31, 0x6F, 0xEC, 0x9D, 0xBA, 0x83, 0xB5, 0x1D, 0x42,
        0xFD, 0x31, 0x67, 0xF1, 0xE0, 0xF9, 0x08, 0x55, 0xD5, 0xC6, 0x65, 0x09, 0xB2, 0x10, 0x26,
        0x5D, 0xC1, 0xE5, 0x4E, 0xC4, 0x4B, 0x43, 0xBA, 0x7C, 0xF9, 0xAE, 0xF1, 0x18, 0xB4, 0x4D,
        0x80, 0x91, 0x2C, 0xE7, 0x51, 0x66, 0xA6, 0x65, 0x1E, 0x11, 0x6C, 0xEB, 0xE4, 0x92, 0x29,
        0xA7, 0x06, 0x2C, 0x09, 0x93, 0x1F, 0x71, 0xAB, 0xD2, 0x29, 0x3F, 0x76, 0xF7, 0xEF, 0xC3,
        0x21, 0x5B, 0xA9, 0x78, 0x00, 0x03, 0x7E, 0x58, 0xE4, 0x70, 0xBD, 0xBB, 0xB4, 0x3C, 0x1B,
        0x04, 0x39, 0xEA, 0xF7, 0x9C, 0x54, 0xD9, 0x3B, 0x44, 0xAA, 0xC9, 0xEF, 0xE9, 0xFB, 0xE1,
        0x51, 0x87, 0x4C, 0xFB, 0x2A, 0x64, 0xCB, 0xEE, 0x28, 0xCC, 0x4C, 0x0F, 0xE7, 0x77, 0x5E,
        0x5D, 0x87, 0x0F, 0x1C, 0x02, 0xE5, 0xB2, 0xE3, 0xC5, 0x00, 0x4C, 0x99, 0x5F, 0x24, 0xC9,
        0xB7, 0x79, 0xCB, 0x75, 0x3A, 0x27, 0x7D, 0x0E, 0x71, 0xFD, 0x42, 0x5E, 0xB6, 0xBC, 0x2C,
        0xA5, 0x6C, 0xE1, 0x29, 0xDB, 0x51, 0xF7, 0x07, 0x40, 0xF3, 0x1E, 0x63, 0x97, 0x6B, 0x50,
        0xC7, 0x31, 0x2E, 0x97, 0x97, 0xD7, 0x8C, 0x5B, 0x1A, 0xC2, 0x4A, 0x5F, 0xA3, 0x47, 0xCC,
        0x91, 0x6E, 0x0A, 0x83, 0xF5, 0xC3, 0xB6, 0x75, 0xCD, 0x30, 0xB8, 0x1E, 0x3F, 0xA1, 0x0B,
        0x93, 0x44, 0x4E, 0x07, 0x39, 0x75, 0x71, 0xCC, 0xE9, 0x8B, 0x28, 0xDA, 0x51, 0xDB, 0x90,
        0x56, 0xBC, 0x72, 0x8C, 0x5B, 0x0B, 0x11, 0x81, 0xE2, 0xFB, 0xD3, 0x87, 0xB4, 0xC7, 0x9A,
        0xB1, 0xA5, 0xFE, 0xFE, 0xCE, 0x37, 0x16, 0x7A, 0xF7, 0x72, 0xDD, 0xAD, 0x14, 0xEB, 0x4C,
        0x39, 0x82, 0xDA, 0x5A, 0x59, 0xD0, 0xE9, 0xEB, 0x17, 0x3E, 0xC6, 0x31, 0x50, 0x91, 0x17,
        0x00, 0x27, 0xA3, 0xAB, 0x5E, 0xF6, 0xAA, 0x12, 0x9C, 0xB8, 0x58, 0x57, 0x27, 0xB9, 0x35,
        0x8A, 0x28, 0x50, 0x1D, 0x71, 0x3A, 0x72, 0xF3, 0xF1, 0xDB, 0x31, 0x71, 0x42, 0x86, 0xF9,
        0xB6, 0x40, 0x80, 0x13, 0xAF, 0x06, 0x04, 0x5D, 0x75, 0x59, 0x2F, 0xC0, 0xB7, 0xDD, 0x47,
        0xC7, 0x3E, 0xD9, 0xC7, 0x5B, 0x11, 0xE9, 0xD7, 0xC6, 0x9F, 0x7C, 0xAD, 0xFC, 0x32, 0x80,
        0xA9, 0x06, 0x2C, 0x52, 0x73, 0xC4, 0x3B, 0xE1, 0xC3, 0x4F, 0x87, 0x44, 0x88, 0x64, 0xCE,
        0xA7, 0xB5, 0xC9, 0x7D, 0x6D, 0x32, 0xF5, 0x9B, 0xD5, 0xF2, 0x53, 0x84, 0x65, 0x3B, 0xB5,
        0xC4, 0xFA, 0xA4, 0x5B, 0xEA, 0x8B, 0x89, 0x40, 0x28, 0x43, 0xE6, 0x45, 0xB6, 0xB9, 0x26,
        0x9E, 0x2B, 0xD9, 0x88, 0xDD, 0xAC, 0xB0, 0x33, 0x32, 0x8F, 0xFB, 0x06, 0x04, 0x50, 0xF7,
        0xDF, 0x08, 0x00, 0x53, 0xE6, 0x96, 0x9B, 0x25, 0x1E, 0x87, 0x5E, 0xCE, 0xC3, 0x2C, 0xFC,
        0x59, 0x28, 0x40, 0xD6, 0x9A, 0xB6, 0x9A, 0x75, 0xE0, 0x6B, 0x37, 0x9C, 0x53, 0x5D, 0x95,
        0x26, 0x6B, 0x08, 0x2F, 0x4F, 0x09, 0xC9, 0x31, 0x62, 0xB3, 0x3B, 0x0D, 0x9F, 0x73, 0x07,
        0xA4, 0xEA, 0xAA, 0x52, 0x10, 0x44, 0x37, 0xFE, 0xD6, 0x6F, 0x8E, 0xE3, 0xEA, 0xBB, 0xD4,
        0x5D, 0x67, 0xB2, 0x5A, 0x81, 0x33, 0xF4, 0x96, 0x46, 0x8B, 0x52, 0xBA, 0xFF, 0xDB, 0xFA,
        0xD9, 0x3E, 0xEF, 0x1A, 0x98, 0x18, 0xB5, 0xE4, 0x2E, 0xC7, 0x22, 0x78, 0x8A, 0x3D, 0x8D,
        0x35, 0x29, 0xFC, 0x77, 0x7D, 0x2B, 0xA5, 0x70, 0x80, 0x1D, 0xFA, 0xE0, 0x1E, 0xC8, 0x83,
        0x02, 0x83, 0x7C, 0x1F, 0xB9, 0xE0, 0x35, 0x57, 0x27, 0x64, 0x5E, 0xE1, 0x04, 0x6C, 0x3F,
        0x91, 0x5F, 0x6A, 0xE8, 0x2D, 0xAD, 0x4F, 0xB6, 0xB0, 0x35, 0x6A, 0x46, 0x51, 0x8F, 0xFC,
        0x83, 0x41, 0x55, 0xC3, 0xB4, 0xFE, 0x6D, 0xAF, 0xA6, 0xCC, 0x8A, 0x5C, 0xCF, 0x53, 0xC7,
        0x3A, 0x08, 0x49, 0xD8, 0xD4, 0x4F, 0x7D, 0xCF, 0x72, 0x75, 0x4E, 0x70, 0xE1, 0xB7, 0xDF,
        0xB4, 0x47, 0xBB, 0x4E, 0xF4, 0x9D, 0x1A, 0x71, 0x8F, 0x61, 0x71, 0xBB, 0xCE, 0x20, 0x09,
        0x50, 0xE0, 0xCE, 0x92, 0x61, 0x06, 0xB1, 0x51, 0xA3, 0xE8, 0x71, 0xD5, 0xCE, 0x49, 0x73,
        0x1B, 0xD6, 0x65, 0x0A, 0x9B, 0x0C, 0xA9, 0x72, 0xDA, 0x1C, 0x5F, 0x13, 0x6D, 0x44, 0x82,
        0x0E, 0xA6, 0x38, 0x3C, 0x08, 0xF3, 0xB3, 0x84, 0xCF, 0x23, 0x38, 0xE7, 0x89, 0xC5, 0x13,
        0xF6, 0x18, 0xCC, 0x56, 0x94, 0xA6, 0xF0, 0xCE, 0xE1, 0x04, 0x51, 0x1E, 0x1E, 0xD7, 0xC5,
        0xF2, 0x3A, 0x1E, 0xBF, 0xD8, 0xA0, 0xDB, 0x84, 0x24, 0x55, 0x32, 0x40, 0x15, 0x6D, 0xBF,
        0x62, 0x28, 0x31, 0xB0, 0xC6, 0x43, 0xD1, 0xC5, 0x51, 0xB6, 0xF3, 0xF7, 0xA9, 0x8D, 0x29,
        0xB8, 0x5C, 0x2D, 0xE0, 0x5A, 0x65, 0xFA, 0x61, 0x5E, 0xEE, 0x16, 0x49, 0x5B, 0xD9, 0x07,
        0x37, 0x67, 0x21, 0x15, 0xB5, 0x3E, 0x91, 0xC5, 0xD9, 0x00, 0x28, 0xCF, 0x3F, 0x1A, 0x93,
        0x95, 0x3A, 0x15, 0x3D, 0xE5, 0x3B, 0x44, 0x08, 0x4E, 0x9C, 0xCF, 0xF6, 0xB7, 0x36, 0x69,
        0x39, 0x26, 0xDA, 0xEF, 0xEB, 0xB2, 0xD7, 0x7A, 0xA5, 0xAD, 0x68, 0x9B, 0x92, 0xF3, 0x16,
        0x86, 0x66, 0x9D, 0xF1, 0x6D, 0x17, 0x15, 0xCC, 0x58, 0xF7, 0xA2, 0xCF, 0xB7, 0x2D, 0xD1,
        0xA5, 0x1E, 0x92, 0xF8, 0x25, 0x99, 0x3A, 0x74, 0x02, 0x2B, 0xE7, 0xE9, 0xEB, 0x60, 0x54,
        0x65, 0x44, 0x57, 0x09, 0x4D, 0x14, 0x92, 0x8F, 0x20, 0x21, 0x5E, 0x7B, 0x22, 0x2A, 0xC5,
        0x6B, 0x51, 0xAD, 0xBE, 0xC8, 0xD8, 0xBD, 0xB6, 0x98, 0x39, 0x79, 0xA7, 0xE3, 0xA2, 0x1B,
        0x44, 0xB5, 0xD1, 0x51, 0x8C, 0xA9, 0x7D, 0x0B, 0x51, 0x95, 0xF5, 0x1E, 0xD6, 0xA2, 0x43,
        0x50, 0xC8, 0x97, 0x47, 0xE1, 0xED, 0xEA, 0x51, 0xB4, 0x48, 0xE3, 0xE9, 0x14, 0x70, 0x54,
        0xCE, 0x92, 0x78, 0x73, 0xC9, 0x0D, 0xB3, 0x94, 0xD8, 0x68, 0x88, 0xE0, 0x7D, 0xFF, 0x17,
        0x75, 0x93, 0xD6, 0xF7, 0x9E, 0x15, 0x23, 0x02, 0x20, 0x4A, 0xEB, 0x03, 0xBE, 0x23, 0x86,
        0xAF, 0x3E, 0x24, 0x07, 0x8B, 0xD0, 0x28, 0xB1, 0x68, 0x9F, 0x5E, 0x14, 0x7C, 0x9F, 0x45,
        0x2C, 0x8C, 0xEB, 0x02, 0xEC, 0x59, 0xCC, 0x9D, 0xB6, 0x3A, 0x03, 0x57, 0x6C, 0xEE, 0xAF,
        0xE9, 0x82, 0x39, 0x02, 0x38, 0x97, 0xDA, 0x02, 0x36, 0x63, 0x0A, 0x53, 0xC0, 0xDE, 0x7F,
        0x43, 0x5A, 0x19, 0x86, 0x97, 0x92, 0xFA, 0xB3, 0x6E, 0x7B, 0x9E, 0x63, 0x57, 0x60, 0xF0,
        0x90, 0x69, 0xE6, 0x43, 0x2E, 0x70, 0x00, 0x35, 0xAC, 0x2A, 0x02, 0x87, 0x9F, 0xFF, 0x0A,
        0x1E, 0x1B, 0xEC, 0x52, 0x20, 0x47, 0x19, 0x3D, 0x94, 0xEB, 0x5D, 0xF1, 0xEF, 0xD5, 0x3E,
        0xEA, 0x11, 0x44, 0xCA, 0x78, 0x94, 0x08, 0x52, 0xF5, 0xEC, 0x97, 0x27, 0x90, 0x4B, 0x36,
        0x6E, 0xDE, 0x4F, 0x5E, 0x2D, 0x33, 0x1F, 0xAD, 0x5F, 0xC2, 0x82, 0xEA, 0x2C, 0x47, 0xE9,
        0x23, 0x14, 0x27, 0x71, 0xC3, 0xDD, 0x75, 0xA8, 0x73, 0x57, 0x48, 0x7D, 0xEF, 0x99, 0xE5,
        0xF1, 0x8E, 0x9D, 0x9E, 0xD6, 0x23, 0xC1, 0x75, 0xD0, 0x28, 0x88, 0xC5, 0x1F, 0x82, 0xC0,
        0x7A, 0x80, 0xD5, 0x47, 0x16, 0xB3, 0xC3, 0xC2, 0xBD, 0xBE, 0x2E, 0x9F, 0x0A, 0x9B, 0xBA,
        0xAE, 0xBE, 0xB4, 0xD5, 0x29, 0x36, 0x87, 0x64, 0x06, 0xF5, 0xC0, 0x0E, 0x8E, 0x4B, 0xBD,
        0x0A, 0x5E, 0xC0, 0x57, 0x97, 0xE6, 0x20, 0x7C, 0x5A, 0xB6, 0xC8, 0x8F, 0x1A, 0x68, 0x84,
        0x21, 0xBD, 0x05, 0xA1, 0x14, 0xF4, 0xD7, 0xDE, 0x2A, 0xC2, 0x41, 0xFA, 0x0E, 0x8B, 0xED,
        0xFF, 0x47, 0xF7, 0x62, 0xDD, 0xCB, 0xEA, 0xA9, 0x10, 0x04, 0xF8, 0xD3, 0x1E, 0x85, 0x09,
        0x5C, 0x81, 0x05, 0x49, 0x94, 0xAD, 0x38, 0x26, 0xE3, 0x44, 0xBA, 0x96, 0x04, 0x08, 0x10,
        0xFC, 0x0B, 0x2A, 0xD1, 0xDE, 0x48, 0xCF, 0xAD, 0xE0, 0x02, 0xC6, 0x2E, 0x5A, 0x49, 0xA0,
        0x73, 0x1A, 0xB3, 0x83, 0x44, 0xBC, 0x16, 0x36, 0xDF, 0x16, 0xBF, 0x60, 0x7D, 0x56, 0x85,
        0x5E, 0x56, 0xD6, 0x84, 0x00, 0x3C, 0x71, 0x8E, 0x4B, 0xAD, 0x9E, 0x5A, 0x09, 0x99, 0x79,
        0xFC, 0xDD, 0xEE, 0xB1, 0xC4, 0xA7, 0x77, 0x6C, 0xD3, 0x7A, 0x34, 0x17, 0xCB, 0x0E, 0x18,
        0x4E, 0x29, 0xEF, 0x9B, 0xC0, 0xE8, 0x74, 0x75, 0xBA, 0x66, 0x3B, 0xE0, 0x9E, 0x00, 0xAB,
        0x56, 0x2E, 0xB7, 0xC0, 0xF7, 0x16, 0x5F, 0x96, 0x9A, 0x9B, 0x42, 0x41, 0x41, 0x98, 0xCC,
        0xF1, 0xBF, 0xF2, 0xA2, 0xC8, 0xD6, 0x89, 0xA4, 0x14, 0xEC, 0xE7, 0x66, 0x29, 0x27, 0x66,
        0x56, 0x89, 0xE9, 0x4D, 0xB9, 0x61, 0xEB, 0xAE, 0xC5, 0x61, 0x5C, 0xBC, 0x1A, 0x78, 0x95,
        0xC6, 0x85, 0x1A, 0xC9, 0x61, 0x43, 0x2F, 0xF1, 0x11, 0x8D, 0x46, 0x07, 0xD3, 0x2E, 0xF9,
        0xDC, 0x73, 0x2D, 0x51, 0x33, 0x3B, 0xE4, 0xB4, 0xD0, 0xE3, 0x0D, 0xDE, 0xA7, 0x84, 0xEC,
        0xA8, 0xBE, 0x47, 0xE7, 0x41, 0xBE, 0x9C, 0x19, 0x63, 0x1D, 0xC4, 0x70, 0xA5, 0x2E, 0xF4,
        0xDC, 0x13, 0xA4, 0xF3, 0x63, 0x3F, 0xD4, 0x34, 0xD7, 0x87, 0xC1, 0x70, 0x97, 0x7B, 0x41,
        0x7D, 0xF5, 0x98, 0xE1, 0xD0, 0xDD, 0xE5, 0x06, 0xBB, 0x71, 0xD6, 0xF0, 0xBC, 0x17, 0xEC,
        0x70, 0xE3, 0xB0, 0x3C, 0xDC, 0x19, 0x65, 0xCB, 0x36, 0x99, 0x3F, 0x63, 0x3B, 0x04, 0x72,
        0xE5, 0x0D, 0x09, 0x23, 0xAC, 0x6C, 0x66, 0xFD, 0xF1, 0xD3, 0xE6, 0x45, 0x9C, 0xC1, 0x21,
        0xF0, 0xF5, 0xF9, 0x4D, 0x09, 0xE9, 0xDB, 0xCF, 0x5D, 0x69, 0x0E, 0x23, 0x23, 0x38, 0x38,
        0xA0, 0xBA, 0xCB, 0x7C, 0x63, 0x8D, 0x1B, 0x26, 0x50, 0xA4, 0x30, 0x8C, 0xD1, 0x71, 0xB6,
        0x85, 0x51, 0x26, 0xD1, 0xDA, 0x67, 0x2A, 0x6E, 0xD8, 0x5A, 0x8D, 0x78, 0xC2, 0x86, 0xFB,
        0x56, 0xF4, 0xAB, 0x3D, 0x21, 0x49, 0x75, 0x28, 0x04, 0x5C, 0x63, 0x26, 0x2C, 0x8A, 0x42,
        0xAF, 0x2F, 0x98, 0x02, 0xC5, 0x3B, 0x7B, 0xB8, 0xBE, 0x28, 0xE7, 0x8F, 0xE0, 0xB5, 0xCE,
        0x45, 0xFB, 0xB7, 0xA1, 0xAF, 0x1A, 0x3B, 0x28, 0xA8, 0xD9, 0x4B, 0x78, 0x90, 0xE3, 0xC8,
        0x82, 0xE3, 0x9B, 0xC9, 0x8E, 0x9F, 0x0A, 0xD7, 0x60, 0x25, 0xBF, 0x0D, 0xD2, 0xF0, 0x02,
        0x98, 0xE7, 0x14, 0x1A, 0x22, 0x6B, 0x3D, 0x7C, 0xEE, 0x41, 0x4F, 0x60, 0x4D, 0x1E, 0x0B,
        0xA5, 0x4D, 0x11, 0xD5, 0xFE, 0x58, 0xBC, 0xCE, 0xA6, 0xAD, 0x77, 0xAD, 0x2E, 0x8C, 0x1C,
        0xAA, 0xCF, 0x32, 0x45, 0x90, 0x14, 0xB7, 0xB9, 0x10, 0x01, 0xB1, 0xEF, 0xA8, 0xAD, 0x17,
        0x2A, 0x52, 0x3F, 0xB8, 0xE3, 0x65, 0xB5, 0x77, 0x12, 0x1B, 0xF9, 0xFD, 0x88, 0xA2, 0xC6,
        0x0C, 0x21, 0xE8, 0x21, 0xD7, 0xB6, 0xAC, 0xB4, 0x7A, 0x5A, 0x99, 0x5E, 0x40, 0xCA, 0xCE,
        0xD5, 0xC2, 0x23, 0xB8, 0xFE, 0x6D, 0xE5, 0xE1, 0x8E, 0x9D, 0x2E, 0x58, 0x93, 0xAE, 0xFE,
        0xBB, 0x7A, 0xAE, 0x7F, 0xF1, 0xA1, 0x46, 0x26, 0x0E, 0x2F, 0x11, 0x0E, 0x93, 0x95, 0x28,
        0x21, 0x3A, 0x00, 0x25, 0xA3, 0x8E, 0xC7, 0x9A, 0xAB, 0xC8, 0x61, 0xB2, 0x5E, 0xBC, 0x50,
        0x9A, 0x46, 0x74, 0xC1, 0x32, 0xAA, 0xAC, 0xB7, 0xE0, 0x14, 0x6F, 0x14, 0xEF, 0xD1, 0x1C,
        0xFC, 0xAF, 0x4C, 0xAA, 0x4F, 0x77, 0x5A, 0x71, 0x6C, 0xE3, 0x25, 0xE0, 0xA4, 0x35, 0xA4,
        0xD3, 0x49, 0xD7, 0x20, 0xBC, 0xF1, 0x37, 0x45, 0x0A, 0xFC, 0x45, 0x04, 0x6F, 0xC1, 0xA1,
        0xF8, 0x3A, 0x9D, 0x32, 0x97, 0x77, 0xA7, 0x08, 0x4E, 0x4A, 0xAD, 0xAE, 0x71, 0x22, 0xCE,
        0x97, 0x00, 0x59, 0x30, 0x52, 0x8E, 0xB3, 0xC7, 0xF7, 0xF1, 0x12, 0x9B, 0x37, 0x28, 0x87,
        0xA3, 0x71, 0x15, 0x5A, 0x3B, 0xA2, 0x01, 0xA2, 0x5C, 0xBF, 0x1D, 0xCB, 0x64, 0xE7, 0xCD,
        0xEE, 0x09, 0x2C, 0x31, 0x41, 0xFB, 0x55, 0x50, 0xFE, 0x3D, 0x0D, 0xD8, 0x2E, 0x87, 0x0E,
        0x57, 0x8B, 0x2B, 0x46, 0x50, 0x08, 0x18, 0x11, 0x3B, 0x8F, 0x65, 0x69, 0x77, 0x3C, 0x67,
        0x73, 0x85, 0xB6, 0x9A, 0x42, 0xB7, 0x7D, 0xCB, 0xA7, 0xAC, 0xFF, 0xD9, 0x5F, 0xD4, 0x45,
        0x2E, 0x23, 0xAA, 0xA1, 0xD3, 0x7E, 0x1D, 0xA2, 0x15, 0x1E, 0xA6, 0x58, 0xD4, 0x0A, 0x35,
        0x96, 0xB2, 0x7A, 0xC9, 0xF8, 0x12, 0x9D, 0xC6, 0xCF, 0x06, 0x43, 0x77, 0x26, 0x24, 0xB5,
        0x9F, 0x4F, 0x46, 0x12, 0x30, 0xDF, 0x47, 0x1C, 0xA2, 0x60, 0x87, 0xC3, 0x94, 0x2D, 0x5C,
        0x66, 0x87, 0xDF, 0x60, 0x82, 0x83, 0x59, 0x35, 0xA3, 0xF8, 0x7C, 0xB7, 0x62, 0xB0, 0xC3,
        0xB1, 0xD0, 0xDD, 0xA4, 0xA6, 0x53, 0x39, 0x65, 0xBE, 0xF1, 0xB7, 0xB8, 0x29, 0x2E, 0x25,
        0x4C, 0x01, 0x4D, 0x09, 0x0F, 0xED, 0x85, 0x7C, 0x44, 0xC1, 0x83, 0x9C, 0x69, 0x4C, 0x0A,
        0x64, 0xE3, 0xFA, 0xD9, 0x0A, 0x11, 0xF5, 0x34, 0x72, 0x2B, 0x6E, 0xE1, 0x57, 0x4F, 0x2E,
        0x14, 0x9D, 0x55, 0xD7, 0x44, 0xDE, 0x48, 0x87, 0x02, 0x4E, 0x08, 0x51, 0x14, 0x31, 0xC0,
        0x62, 0x75, 0x0E, 0x16, 0xC7, 0x4A, 0xB9, 0xF3, 0x24, 0x2F, 0x2D, 0xB3, 0xFF, 0xB1, 0x2A,
        0x8D, 0x61, 0x07, 0xFA, 0xA2, 0x29, 0xD6, 0xF6, 0x37, 0x3B, 0x07, 0xF3, 0x6D, 0x39, 0x32,
        0xB3, 0xBD, 0xB0, 0x4C, 0x19, 0xDD, 0x64, 0xEA, 0xDD, 0x7F, 0x93, 0xC3, 0xC5, 0x64, 0xC3,
        0x58, 0xA1, 0xC8, 0x1D, 0xCF, 0x1C, 0x9C, 0x31, 0xE5, 0xB0, 0x65, 0x68, 0xF9, 0x75, 0x44,
        0xC1, 0x7D, 0xC1, 0x56, 0x98, 0xC5, 0xCB, 0x38, 0x98, 0x3A, 0x9A, 0xFC, 0x42, 0x78, 0x3F,
        0xAA, 0x77, 0x3A, 0x52, 0xC9, 0xD8, 0x26, 0x06, 0x90, 0xBE, 0x9E, 0x31, 0x56, 0xAA, 0x5B,
        0xC1, 0x50, 0x9D, 0xEA, 0x3F, 0x69, 0x58, 0x76, 0x95, 0xCD, 0x6F, 0xF1, 0x72, 0xBA, 0x83,
        0xE6, 0xA6, 0xD8, 0xA7, 0xD6, 0xBB, 0xEB, 0xBB, 0xCD, 0xA3, 0x67, 0x27, 0x31, 0x98, 0x3F,
        0x89, 0xBC, 0x58, 0x31, 0xDC, 0x37, 0xC3, 0xF3, 0xC5, 0xC5, 0x6F, 0xAC, 0xC6, 0x97, 0xF3,
        0xCB, 0x20, 0xBD, 0x5D, 0xBA, 0xDB, 0xD7, 0x02, 0xE5, 0x48, 0x44, 0xAC, 0x2F, 0x62, 0x69,
        0x01, 0xFE, 0x15, 0x9D, 0xB9, 0x3D, 0xFD, 0x47, 0x73, 0xD8, 0xFE, 0x73, 0x56, 0x2B, 0x84,
        0x6C, 0x1F, 0xC8, 0x56, 0xD1, 0x80, 0x27, 0x62, 0x84, 0x0E, 0xBC, 0x72, 0xD7, 0x98, 0x8B,
        0xDE, 0x75, 0xCB, 0xCA, 0x70, 0xD3, 0x19, 0xD3, 0x2C, 0xE0, 0xCC, 0x02, 0x53, 0xBB, 0x2A,
        0xD4, 0x55, 0x72, 0x3E, 0xE0, 0xC7, 0xF4, 0x73, 0x6C, 0xE6, 0xE6, 0x66, 0x5C, 0x5A, 0xCA,
        0x32, 0xA4, 0x81, 0xC5, 0x38, 0x39, 0xBC, 0x25, 0x91, 0x67, 0xB0, 0x13, 0xD0, 0x42, 0x33,
        0x95, 0xEE, 0xB9, 0xAA, 0xAE, 0xE3, 0x20, 0x61, 0x49, 0xA7, 0xD5, 0x50, 0xD6, 0x7F, 0xC5,
        0xFD, 0xFE, 0x4A, 0x8A, 0x5C, 0x35, 0xD2, 0x51, 0x0B, 0x66, 0x43, 0x79, 0xAB, 0x8F, 0x72,
        0x85, 0x5A, 0x2A, 0xF4, 0x7A, 0xBC, 0xE2, 0xA6, 0x32, 0x04, 0x8E, 0xAF, 0x89, 0xE5, 0xCB,
        0x4A, 0x88, 0xDE, 0xBC, 0x53, 0xA5, 0x95, 0x10, 0x3A, 0xCC, 0xE4, 0xF1, 0xCF, 0xF1, 0x8A,
        0xCF, 0xF0, 0x7A, 0xFE, 0x1E, 0xB5, 0x71, 0x6A, 0xA1, 0xE4, 0x0B, 0x63, 0x13, 0x4C, 0x3A,
        0x3A, 0xE9, 0x57, 0x9F, 0xA8, 0x7F, 0x51, 0x5B, 0xE0, 0x93, 0xC2, 0xD2, 0x9D, 0xB6, 0xD6,
        0xB6, 0x5C, 0x93, 0x66, 0x1E, 0x00, 0x63, 0x6B, 0x59, 0x27, 0x04, 0xD0, 0x93, 0xCC, 0x67,
        0x16, 0xC2, 0x34, 0x2E, 0xB1, 0x85, 0x3D, 0x48, 0xC8, 0x5C, 0x63, 0xAC, 0x8A, 0x28, 0x54,
        0x46, 0x2C, 0x7B, 0x77, 0xE7, 0xE3, 0xBD, 0x1E, 0xAC, 0x5B, 0xCA, 0x28, 0xFF, 0xAA, 0x00,
        0xB5, 0xD3, 0x49, 0xF8, 0xA5, 0x47, 0xAD, 0x87, 0x5B, 0x96, 0xA8, 0xC2, 0xB2, 0x91, 0x0C,
        0x93, 0x01, 0x30, 0x9A, 0x3F, 0x91, 0x38, 0xA5, 0x69, 0x31, 0x11, 0xF5, 0x5B, 0x3C, 0x00,
        0x9C, 0xA9, 0x47, 0xC3, 0x9D, 0xFC, 0x82, 0xD9, 0x8E, 0xB1, 0xCA, 0xA4, 0xA9, 0xCB, 0xE8,
        0x85, 0xF7, 0x86, 0xFA, 0x86, 0xE5, 0x5B, 0xE0, 0x62, 0x22, 0x2F, 0x8B, 0xA9, 0x0A, 0x97,
        0x40, 0x73, 0x32, 0x6B, 0x31, 0x21, 0x2A, 0xEC, 0xE0, 0xA3, 0x4A, 0x60,
    ])
    .unwrap()
}

fn bench_mldsa87_verify() {
    use bouncycastle::mldsa::{MLDSA87, MLDSA87_PK_LEN, MLDSA87_SIG_LEN, MLDSATrait};

    eprintln!("MLDSA87/Verify");

    let msg = b"The quick brown fox jumped over the lazy dog";

    /* One-time setup of the KAT -- commented out so that keygen is not captured in the bench */

    // let seed = KeyMaterial256::from_bytes_as_type(
    //     &[0x00,0x01,0x02,0x03,0x04,0x05,0x06,0x07,0x08,0x09,0x0a,0x0b,0x0c,0x0d,0x0e,0x0f,0x10,0x11,0x12,0x13,0x14,0x15,0x16,0x17,0x18,0x19,0x1a,0x1b,0x1c,0x1d,0x1e,0x1f],
    //     KeyType::Seed,
    // ).unwrap();
    //
    // let (mldsa65_pk, mldsa65_sk) = MLDSA87::keygen_from_seed(&seed).unwrap();
    //
    // eprintln!("pk:\n{}", &*hex::encode(&mldsa65_pk.encode()));
    // let mu = MLDSA87::compute_mu_from_sk(&mldsa65_sk, msg, None).unwrap();
    // let sig = MLDSA87::sign_mu_deterministic(&mldsa65_sk, &mu, [0u8; 32]).unwrap();
    // eprintln!("sig:\n{}", &*hex::encode(sig));

    let pk = load_mldsa87_pk();
    let sig: [u8; MLDSA87_SIG_LEN] = [
        0x78, 0x13, 0x68, 0xE6, 0x4D, 0xBA, 0x54, 0x2A, 0x7E, 0xAC, 0xBD, 0x22, 0x57, 0x33, 0x5C,
        0xC9, 0x43, 0xA0, 0x32, 0x41, 0x00, 0x9B, 0x79, 0x70, 0x93, 0xC6, 0x15, 0xF7, 0x6A, 0x67,
        0x1A, 0x75, 0x91, 0x43, 0x04, 0x41, 0xD8, 0x0B, 0xB5, 0x82, 0x30, 0x4B, 0x33, 0xB9, 0xFC,
        0xE2, 0x95, 0xE0, 0xDD, 0x57, 0xFE, 0x16, 0x93, 0x55, 0xDD, 0xF4, 0x45, 0x3A, 0x2A, 0xCA,
        0x62, 0xD8, 0xEB, 0x81, 0x09, 0xEF, 0x0D, 0x9C, 0xF3, 0xF5, 0xB0, 0xA9, 0x4E, 0x04, 0xAD,
        0x81, 0xB3, 0xE7, 0x86, 0x01, 0x42, 0x43, 0xEC, 0xDE, 0x81, 0x65, 0x51, 0xAA, 0x7F, 0xE0,
        0x1C, 0x63, 0x90, 0x54, 0x25, 0x6A, 0x49, 0x17, 0x56, 0xBE, 0xF5, 0x9F, 0x50, 0x34, 0xF7,
        0x17, 0xFF, 0x4F, 0x85, 0xE7, 0x0B, 0xA7, 0x73, 0x1A, 0x49, 0x97, 0x14, 0x15, 0xB6, 0xA7,
        0xE7, 0xD8, 0x16, 0xAB, 0x43, 0x4B, 0x9F, 0x17, 0xA3, 0x09, 0x5E, 0xDE, 0x6F, 0xD4, 0x32,
        0xBE, 0x2B, 0xFA, 0x82, 0x72, 0x40, 0x45, 0xDD, 0xA0, 0xDF, 0xFF, 0x7A, 0x02, 0x81, 0xE9,
        0x00, 0x09, 0x39, 0xCC, 0xBA, 0x3D, 0x8A, 0xB3, 0x24, 0x51, 0x39, 0xC4, 0x41, 0x64, 0x8C,
        0x76, 0xA6, 0x53, 0x61, 0x27, 0xE4, 0xD1, 0xEF, 0x0D, 0xF1, 0x53, 0x18, 0x83, 0xAB, 0x78,
        0xC8, 0xB4, 0x13, 0x23, 0x61, 0x7A, 0xD8, 0xDB, 0x03, 0xD9, 0x90, 0x8C, 0x9E, 0x08, 0xA9,
        0xF7, 0x32, 0x1C, 0x45, 0x05, 0x1B, 0x3C, 0x94, 0x21, 0x33, 0x47, 0xB1, 0x1C, 0x4A, 0x84,
        0x49, 0x1D, 0xE7, 0xA7, 0xBE, 0x68, 0x70, 0x1E, 0x47, 0xD7, 0xF0, 0xE0, 0xB3, 0x3E, 0x76,
        0x7B, 0xEF, 0x17, 0x69, 0x4E, 0x4D, 0x33, 0x24, 0x4E, 0xD9, 0x2E, 0xBD, 0x74, 0xC8, 0x5A,
        0xB6, 0xC8, 0x44, 0x41, 0xCD, 0xDC, 0x14, 0x33, 0x1E, 0x6A, 0xE8, 0xBD, 0x23, 0x67, 0x4B,
        0xDA, 0x27, 0xF0, 0x9C, 0x05, 0x0D, 0x88, 0xF7, 0xD4, 0x30, 0xFE, 0xEE, 0x7F, 0x15, 0xA7,
        0x2A, 0x24, 0xD6, 0x53, 0xBB, 0x6B, 0xEC, 0x54, 0x49, 0x1B, 0x98, 0x36, 0x2C, 0xE1, 0x31,
        0xD3, 0x7C, 0x7D, 0x78, 0xA3, 0xF9, 0xA8, 0x93, 0xDB, 0x5A, 0xBD, 0xCC, 0xD6, 0x66, 0x35,
        0x93, 0xB8, 0x8B, 0xC6, 0xC9, 0x7F, 0x07, 0xF8, 0xEA, 0xFC, 0xCF, 0xD2, 0x5E, 0x81, 0x80,
        0xD9, 0x18, 0xEF, 0xBC, 0xD9, 0x5B, 0xBF, 0x3D, 0xA2, 0x9F, 0x08, 0x1E, 0x3E, 0x19, 0x32,
        0x09, 0x59, 0x39, 0x19, 0x8E, 0x2A, 0x15, 0x5B, 0x2D, 0x80, 0x3A, 0x3E, 0x84, 0xCA, 0x4F,
        0x34, 0x56, 0x9D, 0xF6, 0x95, 0xC2, 0x59, 0xFA, 0xF3, 0xC0, 0xD8, 0xF0, 0xCD, 0x21, 0x7E,
        0xBD, 0x2D, 0xBA, 0xD5, 0x42, 0xB3, 0x2F, 0xBB, 0x54, 0xE4, 0x4A, 0xAF, 0x0B, 0x5D, 0xC7,
        0x39, 0xFA, 0xFE, 0xF2, 0xE4, 0x6D, 0xB8, 0xD6, 0x8B, 0xFC, 0x35, 0xF4, 0x4F, 0x03, 0x8C,
        0xB1, 0xF5, 0x23, 0x1A, 0x1B, 0x5B, 0x13, 0x4A, 0xE6, 0x83, 0xE7, 0xF3, 0x29, 0x7C, 0xC7,
        0xA9, 0x5B, 0xD1, 0x91, 0xB3, 0x10, 0xF6, 0x82, 0x01, 0x45, 0x07, 0x97, 0xFE, 0x32, 0x93,
        0xCD, 0xE1, 0x67, 0x2D, 0xFE, 0xCA, 0x4B, 0x49, 0x3F, 0x53, 0xC7, 0x68, 0xEA, 0x04, 0x8A,
        0x97, 0x2A, 0x4C, 0xD8, 0x4D, 0x39, 0xEF, 0x68, 0x29, 0x57, 0xB8, 0xF2, 0x8B, 0xA2, 0x94,
        0x87, 0xB4, 0x68, 0x9B, 0x43, 0xFE, 0xC2, 0x65, 0x58, 0x23, 0xD9, 0xBB, 0x99, 0xFF, 0xCF,
        0x31, 0x49, 0x03, 0x66, 0xA9, 0x86, 0x0A, 0x5D, 0x5B, 0x8E, 0x32, 0xA3, 0xB8, 0xBF, 0xEB,
        0x6F, 0x55, 0xF8, 0x8F, 0xB8, 0x0C, 0x8C, 0x01, 0x42, 0x08, 0x6F, 0x22, 0x0E, 0x1F, 0x6F,
        0x28, 0x62, 0xDA, 0xBD, 0xA5, 0x8C, 0x3B, 0x6F, 0x5F, 0xAA, 0x80, 0x5B, 0x39, 0xCF, 0xAC,
        0x4B, 0x6D, 0x7E, 0xA7, 0xAC, 0xDF, 0x1B, 0x06, 0x90, 0x06, 0x3B, 0x0C, 0x1E, 0xA3, 0x8C,
        0x7C, 0x47, 0x55, 0x18, 0x99, 0x66, 0xDC, 0x63, 0x10, 0x55, 0xF1, 0x53, 0xF7, 0x1B, 0x77,
        0xB1, 0x14, 0xFA, 0x5C, 0x30, 0x93, 0x16, 0xBA, 0x51, 0x23, 0x30, 0xEA, 0x5C, 0xDB, 0x0B,
        0xB1, 0x76, 0x00, 0x1E, 0x57, 0x46, 0x15, 0x63, 0xD1, 0x72, 0x59, 0xF3, 0x5D, 0x0C, 0x30,
        0xEF, 0x5A, 0xC8, 0x38, 0xC0, 0x32, 0x54, 0x02, 0xBA, 0xB5, 0x2C, 0x53, 0x14, 0x69, 0x52,
        0x6A, 0xE3, 0xEE, 0x62, 0x93, 0xF7, 0xB5, 0x76, 0x9D, 0x27, 0xE6, 0x9F, 0xA8, 0x1C, 0xD2,
        0x5A, 0x31, 0xCD, 0x09, 0x5B, 0x12, 0x6E, 0x70, 0xC5, 0x7A, 0xC3, 0x16, 0x9A, 0x5F, 0x58,
        0x5A, 0x11, 0xF1, 0x74, 0x8D, 0x9D, 0x22, 0xF2, 0x56, 0x49, 0x11, 0xC2, 0x6A, 0x24, 0xB2,
        0x15, 0x3A, 0x78, 0xF3, 0xA0, 0x68, 0x22, 0xF5, 0xF1, 0x96, 0x3F, 0x23, 0x7A, 0xBE, 0xB4,
        0x8E, 0xFD, 0x9A, 0x9C, 0xD4, 0x78, 0xDE, 0x57, 0x9C, 0x5A, 0x0B, 0xA8, 0x4D, 0x00, 0xE9,
        0x6F, 0xBD, 0xE3, 0x6D, 0x8C, 0xE2, 0x0E, 0x7E, 0x94, 0x85, 0x47, 0xFB, 0x68, 0x50, 0x83,
        0x4F, 0xF7, 0x9D, 0x21, 0x18, 0x30, 0xF6, 0xEE, 0x97, 0x33, 0x59, 0x78, 0x1D, 0x9D, 0x50,
        0x08, 0xFB, 0x43, 0xA8, 0x93, 0x54, 0x78, 0x2F, 0xDE, 0x41, 0x58, 0x17, 0x7F, 0x52, 0x06,
        0xCE, 0x1D, 0x38, 0xC8, 0x89, 0xE9, 0x9E, 0x4B, 0xB5, 0xB4, 0xAB, 0x34, 0xD6, 0xA0, 0x5C,
        0x42, 0xF5, 0xD7, 0x19, 0xEA, 0x03, 0xDB, 0xC5, 0x4A, 0xDB, 0xA7, 0x5A, 0x3B, 0xB4, 0x4A,
        0x3C, 0x08, 0xC7, 0x55, 0x64, 0x62, 0xF8, 0xC5, 0xB7, 0xC5, 0x68, 0xA6, 0x92, 0x42, 0xCF,
        0x5B, 0xE6, 0x09, 0x8E, 0xBA, 0x0A, 0x22, 0x49, 0xC1, 0xCA, 0x5B, 0x21, 0x09, 0xB6, 0x40,
        0x4A, 0x96, 0x2A, 0xBC, 0x1C, 0x15, 0x9C, 0x6B, 0x48, 0xA7, 0x9F, 0xB9, 0x7E, 0x4A, 0x33,
        0x37, 0xD9, 0x93, 0x23, 0x74, 0x62, 0x21, 0x29, 0x74, 0x23, 0xF9, 0xBD, 0x1B, 0x12, 0xE7,
        0x84, 0x89, 0xE0, 0x1E, 0x6A, 0x10, 0xF0, 0xFD, 0x6B, 0xBA, 0x1C, 0xFD, 0x6A, 0xE1, 0xB7,
        0x5D, 0xBE, 0x69, 0xF8, 0xB8, 0xEE, 0x51, 0xA4, 0xE7, 0xF6, 0x8B, 0xA2, 0xC4, 0x07, 0xC9,
        0xC0, 0xBA, 0xD3, 0x89, 0x2B, 0x29, 0xB0, 0x17, 0x0A, 0xB7, 0x58, 0x36, 0xFD, 0xD4, 0x9A,
        0x7E, 0xE3, 0xC2, 0xBB, 0x30, 0xF2, 0xC3, 0xD2, 0x26, 0xBC, 0xEC, 0x49, 0x14, 0x09, 0x52,
        0x17, 0x0B, 0x0D, 0x16, 0x0F, 0x97, 0xB3, 0x0B, 0x7B, 0x7B, 0x09, 0x67, 0x19, 0x53, 0x86,
        0x77, 0xEB, 0xB0, 0x69, 0x22, 0xF2, 0x69, 0x25, 0x22, 0x7C, 0x88, 0x52, 0xAC, 0xC1, 0x07,
        0xA8, 0xF1, 0x73, 0xB3, 0x8D, 0x96, 0x69, 0x75, 0x84, 0xBD, 0x3D, 0xFE, 0x16, 0x9B, 0x40,
        0x73, 0xAA, 0x58, 0xA7, 0xBF, 0x37, 0x1D, 0x5C, 0x4B, 0xB0, 0xEE, 0xD3, 0x0F, 0x08, 0x21,
        0x2D, 0xEF, 0xB3, 0xAE, 0xC9, 0x02, 0xD4, 0x54, 0x60, 0x84, 0x17, 0x6B, 0xF0, 0xF8, 0x6D,
        0x93, 0xCF, 0x36, 0xA4, 0x68, 0x9A, 0x5E, 0x87, 0x4B, 0x32, 0xD6, 0xB7, 0xD3, 0xC1, 0xE3,
        0xFB, 0xCF, 0xD9, 0x88, 0xC3, 0x5D, 0xBC, 0x9A, 0x8D, 0x0A, 0x01, 0x9A, 0xD6, 0xD7, 0xE1,
        0x5E, 0xC3, 0xAC, 0x97, 0x12, 0x5D, 0xB6, 0xAB, 0xFE, 0x00, 0xBE, 0xFF, 0xE3, 0x5A, 0x81,
        0x66, 0x66, 0x99, 0xA9, 0x1E, 0x15, 0x94, 0x5C, 0x62, 0xD6, 0x46, 0x69, 0x0B, 0x5B, 0x52,
        0xDE, 0x8B, 0x83, 0x5E, 0xE9, 0xBE, 0x53, 0x58, 0x8F, 0xDE, 0x5D, 0x63, 0x02, 0x3B, 0x52,
        0xB2, 0xB1, 0xF4, 0x61, 0x0C, 0x23, 0x7A, 0x82, 0x9F, 0x59, 0x01, 0xA4, 0x60, 0x42, 0x96,
        0x3C, 0xCE, 0x7B, 0x85, 0xAA, 0x04, 0x0A, 0xDD, 0xE0, 0x29, 0x85, 0xE1, 0x4E, 0x23, 0xC4,
        0xEA, 0xDB, 0x75, 0x22, 0x1C, 0x60, 0x7D, 0x24, 0x67, 0x2E, 0x24, 0x4C, 0x66, 0xC9, 0xC2,
        0x4C, 0x3C, 0xB7, 0xFD, 0x90, 0xBB, 0x23, 0x29, 0x5C, 0x9D, 0x3D, 0x9D, 0xA5, 0x16, 0xBC,
        0xE3, 0xDD, 0x46, 0x2D, 0x66, 0x60, 0xF9, 0xF9, 0x1E, 0xF0, 0x61, 0x8A, 0x4D, 0x4D, 0x3D,
        0x66, 0x68, 0xC5, 0xD1, 0xE2, 0xE8, 0xED, 0x43, 0x3E, 0xBF, 0xE0, 0x76, 0x2B, 0xEB, 0x74,
        0x33, 0x24, 0xE1, 0x16, 0x08, 0xF8, 0xB1, 0x4B, 0x69, 0xCE, 0x4C, 0x22, 0x1C, 0x16, 0x54,
        0xBA, 0x49, 0x92, 0xA5, 0xAF, 0x2D, 0x94, 0x9C, 0x29, 0x39, 0xF9, 0x5D, 0x1C, 0x8F, 0xB7,
        0x67, 0xAF, 0x2A, 0x84, 0x3C, 0xC7, 0xC7, 0x8F, 0x57, 0x25, 0x9D, 0x5C, 0x0C, 0x6C, 0xA8,
        0x3F, 0xCA, 0x41, 0xEF, 0x5E, 0xCC, 0x4E, 0xEE, 0xEA, 0x93, 0xE4, 0x51, 0x8C, 0x24, 0xD3,
        0x04, 0x0F, 0x2C, 0xD9, 0x0D, 0xF3, 0xE5, 0x35, 0xE9, 0x89, 0xE6, 0x06, 0xFA, 0x10, 0x9E,
        0x2C, 0x45, 0x3E, 0xD7, 0x35, 0x3D, 0xB1, 0xCD, 0xB2, 0x71, 0x37, 0xF0, 0x05, 0xF9, 0xDD,
        0x8D, 0x2A, 0xEB, 0xFB, 0x72, 0x55, 0xA6, 0x09, 0x8B, 0x69, 0x02, 0x15, 0xE1, 0x00, 0xCF,
        0xE4, 0x4C, 0xA0, 0xF2, 0x74, 0x5F, 0xCE, 0xD4, 0x83, 0x22, 0xBC, 0x96, 0x67, 0xAB, 0x16,
        0xD2, 0xE1, 0xC0, 0xFF, 0x49, 0x1B, 0x96, 0xA1, 0x7B, 0x83, 0x3D, 0x4F, 0xD4, 0x4D, 0x31,
        0xC2, 0x23, 0x0A, 0xC8, 0x35, 0x79, 0x6E, 0x06, 0x3A, 0xB0, 0x30, 0x00, 0xF0, 0x4F, 0x15,
        0xC7, 0x05, 0x60, 0x03, 0x37, 0x63, 0xA4, 0x85, 0x52, 0xCC, 0xEA, 0xAC, 0xAD, 0xE9, 0xCA,
        0x5C, 0x80, 0x55, 0xF3, 0x74, 0x5E, 0x17, 0x90, 0x68, 0xA2, 0x87, 0x18, 0x3F, 0x2B, 0xC3,
        0xEF, 0x63, 0x27, 0xDE, 0xC5, 0xAC, 0x7C, 0xF7, 0xB0, 0x52, 0xEF, 0x5A, 0x88, 0x73, 0xE6,
        0x97, 0xEF, 0xDE, 0x08, 0x96, 0x88, 0xF4, 0x3B, 0xE4, 0x64, 0x82, 0x7C, 0x2F, 0xA8, 0x3E,
        0xB5, 0x31, 0xB3, 0x67, 0x41, 0x45, 0xE9, 0x5C, 0x69, 0x9C, 0x82, 0x99, 0x0E, 0x68, 0x49,
        0x67, 0xDA, 0xD3, 0x19, 0xD9, 0xF6, 0x4A, 0xB1, 0x6C, 0xD9, 0xFE, 0x9B, 0x6C, 0x41, 0x23,
        0x2A, 0xC4, 0xAE, 0x37, 0x95, 0xFD, 0x8A, 0x76, 0xAA, 0x9B, 0x02, 0xE9, 0x70, 0x24, 0x20,
        0x61, 0xC6, 0xDA, 0x45, 0xA2, 0xAF, 0x74, 0xAD, 0x9C, 0xB2, 0xA7, 0x99, 0x35, 0xC9, 0x26,
        0x25, 0xE2, 0x42, 0xF4, 0xBC, 0x7F, 0xCE, 0x54, 0xD5, 0xC1, 0x0A, 0x9E, 0x61, 0xF8, 0x75,
        0x16, 0x2F, 0xA6, 0x51, 0xB6, 0x60, 0x57, 0xBA, 0x03, 0x6F, 0x06, 0x2D, 0x6D, 0x39, 0xD0,
        0x50, 0x2B, 0x93, 0xA5, 0x64, 0x0B, 0x78, 0xC6, 0xC2, 0xFD, 0x20, 0xB0, 0x2F, 0xF8, 0x36,
        0x76, 0xA8, 0x7A, 0x94, 0x94, 0x5D, 0x47, 0x6C, 0x34, 0x98, 0x03, 0xEA, 0x4F, 0xE6, 0x0C,
        0xDC, 0xEA, 0x65, 0xBB, 0x26, 0x29, 0xE2, 0xBC, 0x09, 0xD4, 0x47, 0x2E, 0xC6, 0x34, 0x22,
        0xDE, 0xE2, 0x05, 0x2F, 0x09, 0x8D, 0xEA, 0xF5, 0x53, 0x1E, 0x6C, 0x9B, 0xED, 0x66, 0x72,
        0xA8, 0xB6, 0x99, 0x80, 0x2E, 0xFE, 0x0C, 0xDE, 0xD8, 0x0C, 0x84, 0x55, 0xF5, 0x85, 0xD1,
        0xBA, 0x63, 0x3D, 0x28, 0x1F, 0x1A, 0x21, 0xAD, 0xAB, 0x48, 0xE6, 0x3B, 0x44, 0xE0, 0xC2,
        0xA4, 0xD7, 0x60, 0x8C, 0xF9, 0x8A, 0xAB, 0xF8, 0xAD, 0xC8, 0x6B, 0xCB, 0x8F, 0x61, 0xE8,
        0xB0, 0x6C, 0xD2, 0x38, 0x5F, 0x82, 0xE0, 0xA3, 0xCD, 0xD0, 0x3C, 0xAB, 0x15, 0x2D, 0x59,
        0x51, 0x85, 0x9C, 0x45, 0x32, 0xF9, 0x16, 0x8E, 0x78, 0xF1, 0x7B, 0xA2, 0xA5, 0x77, 0x27,
        0x80, 0x32, 0x7D, 0xCF, 0x4E, 0x62, 0xB4, 0xD2, 0x6E, 0x44, 0x37, 0x62, 0xFC, 0x48, 0x8A,
        0xE4, 0xCD, 0x4D, 0x11, 0x56, 0xDB, 0xD5, 0x78, 0x25, 0x95, 0xCF, 0xD7, 0x69, 0x7A, 0x51,
        0x4A, 0xBC, 0x9B, 0x16, 0x0C, 0x9C, 0xCF, 0x08, 0xED, 0xC8, 0x61, 0x34, 0xA7, 0x55, 0xB9,
        0x0E, 0x9B, 0xB5, 0x43, 0x51, 0x1E, 0x88, 0x8E, 0x31, 0x57, 0x72, 0x1A, 0x52, 0xD1, 0xBC,
        0x5D, 0xB3, 0x30, 0x29, 0xFB, 0x33, 0x5E, 0xA2, 0x11, 0x4E, 0x21, 0xC0, 0x33, 0x68, 0xC8,
        0xD7, 0xF4, 0xD8, 0x27, 0x96, 0x06, 0x41, 0x77, 0x2A, 0x4A, 0x32, 0xA7, 0x38, 0xDF, 0x60,
        0xD1, 0x9E, 0xC7, 0x7A, 0xB0, 0x9D, 0x22, 0xF5, 0x7C, 0xC2, 0x52, 0x3B, 0x95, 0x03, 0xB3,
        0xF5, 0xB1, 0xCE, 0xBC, 0x5A, 0xE1, 0x5F, 0x88, 0x5F, 0x15, 0x98, 0x42, 0xDB, 0x73, 0x59,
        0xA1, 0xC8, 0x9D, 0x3D, 0x82, 0xD3, 0x40, 0x70, 0x68, 0xF1, 0x5B, 0x67, 0x39, 0x62, 0x6E,
        0xB8, 0xC5, 0x21, 0xFC, 0x8C, 0x5C, 0x74, 0x91, 0xF9, 0x45, 0xD4, 0x9F, 0x14, 0xE6, 0x98,
        0x9D, 0xA3, 0x40, 0xBD, 0xF4, 0x9E, 0x7F, 0x8A, 0x79, 0x27, 0x47, 0xAA, 0x65, 0x8B, 0xC1,
        0x14, 0x14, 0x3B, 0xA9, 0x3F, 0x26, 0x02, 0x2D, 0x00, 0x17, 0x35, 0xB7, 0x44, 0x63, 0x9B,
        0xBF, 0x22, 0xAA, 0xB2, 0xA1, 0x85, 0x1C, 0xFC, 0x93, 0x4F, 0x9C, 0x69, 0xD3, 0x76, 0x4F,
        0xDE, 0xA3, 0xD2, 0x3D, 0xB1, 0x79, 0x98, 0xE6, 0x13, 0x8C, 0xFD, 0x7C, 0xD9, 0xE9, 0xA4,
        0x7C, 0xB7, 0x41, 0x93, 0xBD, 0x71, 0xAA, 0xF2, 0x8C, 0xDD, 0x9D, 0x1E, 0xB5, 0x95, 0x12,
        0x55, 0x46, 0xA4, 0xF4, 0x35, 0x7E, 0xBB, 0xD1, 0xF4, 0x10, 0xE3, 0xBF, 0x85, 0x57, 0x89,
        0x2D, 0xE6, 0x85, 0x09, 0xB5, 0xB9, 0x8C, 0x5C, 0x22, 0x9E, 0x94, 0x2C, 0x91, 0x0F, 0xDD,
        0x3E, 0x54, 0xCB, 0x6A, 0xD5, 0x4D, 0x8D, 0xD8, 0x86, 0xCB, 0x97, 0xEC, 0xC0, 0x6D, 0x1E,
        0x40, 0x1B, 0x83, 0x95, 0xD0, 0xBC, 0xB0, 0xDB, 0x9A, 0x03, 0x1D, 0xC6, 0x6C, 0x92, 0x94,
        0xF9, 0x05, 0x3C, 0x68, 0xFC, 0x42, 0x04, 0x2B, 0x1F, 0xA1, 0x67, 0x1F, 0xC7, 0xD5, 0x10,
        0xB7, 0x09, 0x16, 0xC0, 0x13, 0x9C, 0xFE, 0xBE, 0x3A, 0x91, 0x24, 0x45, 0x27, 0xCE, 0x94,
        0x39, 0x86, 0x0C, 0xED, 0xB3, 0x09, 0x08, 0x19, 0x7B, 0xE8, 0x51, 0xCB, 0xD1, 0xD3, 0xB1,
        0x8C, 0xA5, 0x41, 0x35, 0x84, 0x49, 0xFB, 0x34, 0xFB, 0x5C, 0xD5, 0x69, 0x63, 0x0E, 0xD5,
        0xF6, 0x7B, 0x87, 0x95, 0xE8, 0x78, 0x28, 0xF2, 0xCE, 0x3B, 0xEC, 0xFE, 0x45, 0x75, 0x79,
        0xD8, 0x23, 0x33, 0xB0, 0xBB, 0xAB, 0x09, 0x4D, 0xE3, 0x91, 0xE1, 0xF8, 0x15, 0x7B, 0xD4,
        0x31, 0xE3, 0x65, 0xCA, 0x86, 0x46, 0x30, 0x93, 0x2B, 0xBE, 0xBB, 0x48, 0xF4, 0x5F, 0x81,
        0x34, 0x42, 0x4E, 0x18, 0xAB, 0x45, 0x50, 0x29, 0xB5, 0x4B, 0x19, 0xE2, 0xF3, 0xBF, 0xEC,
        0x5E, 0x44, 0xAD, 0x0E, 0xA5, 0xC0, 0x3F, 0x53, 0xD8, 0xF9, 0x25, 0xB6, 0x35, 0x83, 0x8A,
        0xA7, 0x01, 0x5A, 0x7C, 0x9E, 0x32, 0x5B, 0xDF, 0xAF, 0xF9, 0x66, 0xEA, 0x95, 0x12, 0xDD,
        0x50, 0xF8, 0x7C, 0x89, 0x95, 0xCE, 0xA7, 0x56, 0x1C, 0x23, 0xF4, 0xFB, 0x06, 0xD9, 0x64,
        0xAB, 0x8F, 0x19, 0x13, 0xA6, 0xCA, 0x17, 0xE4, 0xCA, 0x60, 0xD6, 0xBC, 0x07, 0x8E, 0x17,
        0x84, 0xF8, 0x9C, 0x67, 0x3C, 0x91, 0xD9, 0x55, 0xBC, 0xF4, 0x5F, 0x58, 0xCA, 0x97, 0x09,
        0x57, 0x9D, 0x5E, 0x38, 0x31, 0xDF, 0x12, 0xCF, 0xDB, 0x75, 0x16, 0xFD, 0x21, 0x87, 0x8C,
        0xB5, 0x42, 0x43, 0x57, 0x9B, 0x93, 0x46, 0xD2, 0xDE, 0x4B, 0xE2, 0x5F, 0x50, 0x8E, 0x84,
        0xB1, 0xAD, 0xC7, 0x8C, 0xB9, 0x1C, 0x03, 0xDA, 0x3C, 0x4F, 0xD5, 0x9E, 0x45, 0x29, 0x18,
        0x98, 0x38, 0xF7, 0x4F, 0x63, 0x12, 0x82, 0x06, 0x20, 0xA5, 0x99, 0x6B, 0x79, 0x1F, 0xFC,
        0xB3, 0x32, 0xF8, 0x47, 0x09, 0x46, 0x13, 0xF2, 0x14, 0x8B, 0x86, 0x20, 0x34, 0xFA, 0x89,
        0xD0, 0xD0, 0xFF, 0x18, 0x08, 0xD9, 0x02, 0xC5, 0xD1, 0xAF, 0x64, 0xD5, 0x52, 0x24, 0x92,
        0xD6, 0x1E, 0xCD, 0xE4, 0xC7, 0x3B, 0xE8, 0x9A, 0x33, 0x78, 0x2C, 0xEF, 0x1A, 0xCC, 0x1D,
        0xC3, 0x27, 0xFB, 0x2E, 0xB9, 0xD1, 0x76, 0x42, 0x20, 0x9B, 0x85, 0xAA, 0x8B, 0x1D, 0xC5,
        0x7C, 0xBF, 0x06, 0x7C, 0x7A, 0xA2, 0x9D, 0xA6, 0xB7, 0xE1, 0x57, 0xD2, 0x3E, 0x17, 0x1D,
        0x3A, 0xE6, 0xF3, 0x85, 0x58, 0x34, 0x07, 0x17, 0x91, 0x40, 0x2C, 0x85, 0x1F, 0xF2, 0xDD,
        0x67, 0x10, 0x99, 0x79, 0xF7, 0xEE, 0x5E, 0x09, 0xE6, 0x4B, 0x4E, 0xEF, 0xDE, 0xE7, 0x11,
        0x2B, 0x55, 0xCE, 0x20, 0x0B, 0xB8, 0xC8, 0x05, 0x1E, 0x34, 0x28, 0xC3, 0x05, 0xFA, 0x1D,
        0x57, 0x6B, 0xFF, 0xBB, 0x25, 0xA7, 0x0E, 0xB5, 0x71, 0x16, 0x8F, 0xC6, 0x0D, 0xAD, 0xD9,
        0x28, 0xB1, 0x0C, 0xFD, 0x07, 0xDE, 0x80, 0xA8, 0x5B, 0x8D, 0xF3, 0xED, 0xC3, 0x72, 0xD4,
        0x88, 0xC2, 0x1F, 0x0D, 0x57, 0x87, 0x61, 0x1C, 0xC6, 0xFB, 0x73, 0xAE, 0xEB, 0x6F, 0x92,
        0x0A, 0x10, 0x92, 0x94, 0xB4, 0x9D, 0x38, 0x70, 0xF9, 0x0D, 0xE3, 0xB3, 0x60, 0xD1, 0x4D,
        0xF7, 0x7E, 0xF9, 0x56, 0x40, 0xBC, 0xAC, 0x7A, 0x4D, 0xBC, 0xA9, 0x01, 0xA3, 0x1D, 0xB8,
        0x3E, 0x83, 0xF5, 0xC5, 0x9C, 0xE3, 0x27, 0x20, 0x7E, 0xA9, 0xB2, 0x7C, 0x3B, 0x97, 0x8D,
        0x30, 0xD5, 0x38, 0x65, 0xC1, 0xB8, 0x47, 0x64, 0xF0, 0x25, 0xE8, 0x73, 0x2D, 0x50, 0x07,
        0x55, 0x4C, 0xE5, 0xC9, 0xCC, 0x41, 0x0B, 0x2E, 0xEF, 0xD7, 0xE4, 0xD9, 0x90, 0xC5, 0x38,
        0x55, 0x76, 0x06, 0xA6, 0xBC, 0x47, 0x57, 0x7A, 0x43, 0x76, 0x8D, 0x30, 0xAA, 0x3E, 0x85,
        0x98, 0xFD, 0x6F, 0x4F, 0xE7, 0xAC, 0x43, 0x9F, 0x39, 0x31, 0xC5, 0x8F, 0xD6, 0x9D, 0x90,
        0x76, 0x5A, 0xC9, 0xF4, 0x56, 0xAC, 0x7D, 0xE0, 0x85, 0xE1, 0x4A, 0x08, 0x98, 0xC4, 0x55,
        0x7F, 0x5D, 0x3B, 0xAA, 0xAE, 0x07, 0xED, 0xC6, 0x07, 0xDE, 0x69, 0x00, 0x14, 0x6B, 0x97,
        0xB3, 0x5A, 0xAE, 0x57, 0x01, 0x53, 0xDC, 0x10, 0x78, 0x15, 0xEF, 0x9F, 0xEB, 0xDD, 0x4F,
        0xD5, 0x67, 0xD6, 0x37, 0xFE, 0xE8, 0xF8, 0xBF, 0xB4, 0xB3, 0x41, 0x3E, 0xA6, 0xAE, 0xAD,
        0x48, 0x46, 0xAB, 0x73, 0x3A, 0x04, 0xF1, 0xE4, 0xBC, 0x32, 0xA3, 0xBB, 0xB1, 0xC1, 0x6B,
        0xAF, 0x8D, 0x0B, 0xDB, 0x9C, 0xCB, 0x82, 0xFE, 0x46, 0x47, 0x9C, 0xCF, 0xD0, 0x40, 0xB5,
        0xE6, 0x40, 0x64, 0xE5, 0x39, 0xB3, 0x9C, 0x66, 0xE4, 0x50, 0x1D, 0xC8, 0x22, 0x87, 0x3A,
        0xC6, 0x11, 0x9A, 0x4A, 0x11, 0x2A, 0x1F, 0x7C, 0xD6, 0xDF, 0x0E, 0x5F, 0x84, 0x35, 0x6C,
        0xE8, 0x53, 0xCE, 0xD3, 0x4C, 0xE6, 0x9A, 0x9E, 0x73, 0x83, 0x53, 0x49, 0x83, 0xC5, 0x1C,
        0x50, 0x26, 0x9B, 0xF8, 0xB9, 0x58, 0x6A, 0x0E, 0x5B, 0xA9, 0x05, 0xFD, 0x3B, 0xCE, 0x08,
        0x0B, 0x00, 0xE7, 0xF7, 0xD4, 0x8E, 0x55, 0xF4, 0x89, 0x47, 0x9B, 0x57, 0x71, 0xE9, 0x95,
        0xFB, 0x02, 0x0E, 0x58, 0xFE, 0xB7, 0x4A, 0xF6, 0x5C, 0x3E, 0xE7, 0x6A, 0xA4, 0xE6, 0x9B,
        0x5B, 0xA8, 0xBD, 0xA2, 0x49, 0xA1, 0xB2, 0xD6, 0x2C, 0x08, 0xD4, 0x18, 0xC3, 0x63, 0x5D,
        0x06, 0x18, 0x46, 0x04, 0x08, 0x43, 0x99, 0x1A, 0xB4, 0x75, 0x47, 0x3D, 0xA8, 0x5D, 0x94,
        0x98, 0x1F, 0xB8, 0x44, 0x25, 0xE7, 0xAD, 0x95, 0x1C, 0xE0, 0xA4, 0x2B, 0xE6, 0x42, 0xFE,
        0x65, 0x8B, 0x7A, 0xAA, 0xE7, 0x2B, 0x14, 0x7C, 0xDC, 0x08, 0x6C, 0x24, 0xB1, 0x57, 0x1E,
        0xB2, 0x27, 0x2E, 0x2A, 0x72, 0xB1, 0x56, 0x60, 0xD8, 0x54, 0xEB, 0xE1, 0x9E, 0xC7, 0xD9,
        0xAB, 0x7E, 0xA1, 0x78, 0x00, 0xD0, 0xB6, 0xAE, 0x72, 0x7B, 0x39, 0x21, 0x74, 0x67, 0xC6,
        0x62, 0xBA, 0x08, 0xE6, 0xF1, 0x91, 0x93, 0x95, 0x1E, 0xEF, 0xF0, 0x28, 0x06, 0xA7, 0x84,
        0x3E, 0xB5, 0xC7, 0x1B, 0x2F, 0x04, 0xDC, 0xB6, 0x05, 0xEC, 0xED, 0xC5, 0x12, 0x8C, 0xD6,
        0x77, 0x03, 0x03, 0x8C, 0x44, 0xBF, 0x20, 0xFE, 0x06, 0xF3, 0xED, 0x8C, 0x13, 0x68, 0xFE,
        0x38, 0xE7, 0x29, 0x44, 0xD5, 0xC5, 0x2F, 0xCA, 0x46, 0xA4, 0x5F, 0xD4, 0x8D, 0x8F, 0xE5,
        0xDA, 0x64, 0x18, 0x3D, 0x4D, 0x62, 0xEC, 0x01, 0xAA, 0x3D, 0x9D, 0x67, 0x2E, 0xC6, 0x7A,
        0x01, 0xC1, 0x7F, 0x21, 0xE0, 0x25, 0x25, 0xF0, 0x51, 0x3C, 0xCE, 0x03, 0x0C, 0x66, 0x4F,
        0xC8, 0x78, 0x47, 0x63, 0x08, 0x66, 0x08, 0xBC, 0x80, 0x99, 0xC2, 0x04, 0xC2, 0x55, 0xFF,
        0xED, 0x1D, 0xAF, 0x43, 0x2C, 0xEB, 0x45, 0xFB, 0xD1, 0x35, 0xE2, 0x1E, 0x81, 0x90, 0xC5,
        0xBF, 0xEE, 0x19, 0x21, 0x71, 0xFA, 0xA7, 0x75, 0x20, 0x48, 0x1E, 0x69, 0xE8, 0x7B, 0x7F,
        0x76, 0x79, 0x0B, 0xEF, 0x76, 0xCB, 0x8D, 0x3C, 0x88, 0xF5, 0xC6, 0xE3, 0x2F, 0xC5, 0x9E,
        0x7B, 0xD4, 0x53, 0x51, 0xD6, 0x66, 0x96, 0xB6, 0x1D, 0x9F, 0x40, 0x72, 0x6F, 0xB9, 0xA9,
        0x80, 0x00, 0xB6, 0x87, 0x38, 0xCF, 0x7E, 0x34, 0xB9, 0x8B, 0x6A, 0x4A, 0xAA, 0x2A, 0xC1,
        0xD7, 0xB1, 0x40, 0x7D, 0xB8, 0x97, 0x83, 0xF8, 0x07, 0x71, 0x03, 0xEA, 0x9C, 0x9E, 0x89,
        0x24, 0x7E, 0xAE, 0x07, 0x8A, 0xDF, 0xB3, 0x6E, 0x21, 0x47, 0x4C, 0x3B, 0xB1, 0xFE, 0x0C,
        0x87, 0x68, 0x7C, 0x62, 0x33, 0xA5, 0x33, 0xA0, 0x1E, 0x10, 0x81, 0xB9, 0x3A, 0x35, 0x21,
        0xD3, 0x39, 0xF3, 0x9C, 0x07, 0x56, 0x09, 0xBA, 0xCE, 0x53, 0x19, 0x94, 0x98, 0x8A, 0xE3,
        0x14, 0xF7, 0x7F, 0xC6, 0x03, 0x41, 0x13, 0xA1, 0x38, 0xC6, 0x7E, 0xB7, 0xE0, 0x37, 0x50,
        0xCB, 0xEC, 0x8D, 0x28, 0xBD, 0x21, 0xAF, 0xED, 0xFE, 0xFA, 0x8F, 0x09, 0x16, 0x19, 0xAE,
        0x50, 0x0B, 0x4C, 0xA4, 0x59, 0x9D, 0x01, 0x9D, 0xC8, 0xCA, 0x4B, 0xF1, 0x18, 0xD7, 0x0B,
        0x86, 0x76, 0xDF, 0xC7, 0x96, 0xA4, 0xF6, 0xD9, 0x86, 0xAD, 0xBA, 0x4C, 0x85, 0x74, 0xED,
        0x4A, 0xBA, 0xEA, 0x54, 0x65, 0x46, 0x62, 0x20, 0xE5, 0xE5, 0x3D, 0xC8, 0xFC, 0xB3, 0x95,
        0xD1, 0xE5, 0x9D, 0x27, 0x86, 0x73, 0xCB, 0xC4, 0xE3, 0xF4, 0x06, 0x58, 0xDF, 0x98, 0xAC,
        0x2F, 0xD1, 0x26, 0xA9, 0x49, 0x22, 0x87, 0x9E, 0x1A, 0x3B, 0xE9, 0x1C, 0x1A, 0xCC, 0x20,
        0x80, 0x3C, 0x35, 0xFA, 0x76, 0x4A, 0xBB, 0xAD, 0xAB, 0x07, 0xBD, 0xE8, 0x5F, 0xF4, 0xBD,
        0x9E, 0x0F, 0xB6, 0xF0, 0x6B, 0xAF, 0x5B, 0xF4, 0x2B, 0x8A, 0x2C, 0xBF, 0x6C, 0x2F, 0x62,
        0x60, 0x6B, 0xEC, 0xC3, 0x61, 0x55, 0x29, 0x21, 0xA1, 0x2D, 0x6C, 0x82, 0x36, 0xFD, 0xE8,
        0x4D, 0xB4, 0xBD, 0xDA, 0xC7, 0x7E, 0x88, 0x72, 0x47, 0x8C, 0xFF, 0xC4, 0xE1, 0x48, 0xC1,
        0xC7, 0xAC, 0xFE, 0xDF, 0x6B, 0x17, 0xD9, 0x87, 0x31, 0xC2, 0xDE, 0x36, 0xF3, 0xCB, 0xEF,
        0x1F, 0x6F, 0x78, 0x1A, 0x94, 0x0E, 0x08, 0x74, 0xD5, 0xB7, 0x45, 0x35, 0xBB, 0xE0, 0x66,
        0xB5, 0x30, 0x64, 0xD4, 0x3B, 0x13, 0x92, 0x65, 0x70, 0xA9, 0xE1, 0xC4, 0xE6, 0xDA, 0x20,
        0x6C, 0x8B, 0xD2, 0x52, 0xCA, 0xF2, 0xB6, 0x2E, 0x7D, 0x22, 0x3F, 0x7A, 0xC1, 0x29, 0x39,
        0x13, 0x7F, 0x33, 0x0B, 0xE5, 0x93, 0x74, 0xD7, 0x29, 0x5A, 0x6C, 0x2D, 0xFF, 0x92, 0xE0,
        0x7C, 0x72, 0x75, 0x10, 0xE4, 0x8D, 0x97, 0x05, 0x93, 0xE4, 0x72, 0x29, 0xFC, 0x8B, 0xC3,
        0xBD, 0x5B, 0x8E, 0xA7, 0x80, 0xDA, 0xCF, 0xF4, 0xD2, 0x30, 0x63, 0xDF, 0x65, 0xFE, 0xDA,
        0x5F, 0x8F, 0x65, 0xB1, 0x7A, 0x33, 0x3E, 0x53, 0x2A, 0xCA, 0xD7, 0x91, 0x67, 0x80, 0xC7,
        0x4D, 0x6A, 0x70, 0xD3, 0x8B, 0x36, 0x7F, 0x3F, 0x6F, 0x4E, 0x94, 0x7B, 0x85, 0xFC, 0x15,
        0x23, 0x5B, 0xBE, 0x46, 0xB2, 0x64, 0x95, 0xD2, 0x78, 0x00, 0x98, 0xDB, 0x85, 0x3A, 0x93,
        0x13, 0x77, 0xCF, 0xBE, 0xDE, 0xA6, 0x20, 0xF2, 0x35, 0x5C, 0xA2, 0x1E, 0x81, 0xCE, 0x9E,
        0x00, 0x78, 0xB0, 0xDD, 0x6C, 0xB7, 0x0F, 0x23, 0xED, 0x55, 0x86, 0x82, 0xBE, 0x3B, 0x3D,
        0x59, 0x4E, 0xEF, 0xE8, 0x53, 0x44, 0xE1, 0xF2, 0x75, 0x42, 0x8B, 0x31, 0x6C, 0xC0, 0x88,
        0x99, 0x59, 0x39, 0x29, 0x8F, 0x2A, 0x2D, 0x15, 0xAC, 0x9B, 0x67, 0x6A, 0xC3, 0xE9, 0xCB,
        0x92, 0xF2, 0xA6, 0x4D, 0xEC, 0x77, 0x32, 0xA9, 0x1F, 0xC7, 0x61, 0xAA, 0x1B, 0x12, 0x6E,
        0xA5, 0x75, 0xE3, 0x95, 0x31, 0x77, 0xDA, 0x6E, 0x1C, 0xD7, 0x8F, 0xAE, 0xA8, 0x24, 0x66,
        0x53, 0x30, 0xA8, 0x1D, 0x9E, 0x24, 0x57, 0x2B, 0x98, 0x60, 0xBF, 0x0A, 0xBA, 0x4D, 0xF8,
        0xBD, 0x5D, 0x4E, 0x3E, 0x2C, 0x72, 0xBB, 0xFB, 0xB2, 0xA9, 0x85, 0xC7, 0xAE, 0x2F, 0x07,
        0x79, 0x51, 0xFE, 0x84, 0x01, 0xE1, 0xD1, 0x56, 0xEC, 0xAD, 0xA1, 0xE3, 0x53, 0x81, 0x7B,
        0x20, 0xF4, 0x1E, 0x0B, 0x24, 0x60, 0xA0, 0xCA, 0xAF, 0x2B, 0x36, 0xD6, 0xA7, 0xF1, 0xB3,
        0x51, 0x25, 0xD7, 0x97, 0xDC, 0xC7, 0x14, 0x42, 0x10, 0x27, 0xD1, 0x41, 0x71, 0x76, 0x5A,
        0x64, 0x60, 0x71, 0xED, 0x95, 0x2B, 0x6A, 0x52, 0x94, 0xEE, 0xCF, 0x6A, 0x3A, 0x71, 0xC1,
        0x04, 0xC8, 0x43, 0xA4, 0xA8, 0xB3, 0xEF, 0xCC, 0x27, 0x46, 0x7B, 0x20, 0xCB, 0x0A, 0x94,
        0xAB, 0xF5, 0x80, 0x22, 0x29, 0xEA, 0x4D, 0x83, 0x12, 0x78, 0x3E, 0x78, 0x79, 0x1A, 0x50,
        0xB3, 0xC0, 0xA8, 0x8F, 0xE6, 0x49, 0x71, 0x98, 0xCD, 0x4B, 0xF4, 0x70, 0xDA, 0xC4, 0x6F,
        0x34, 0xE5, 0x00, 0x19, 0xFD, 0xEE, 0x20, 0x40, 0xCF, 0xE9, 0x91, 0x24, 0xB3, 0x12, 0xB1,
        0x12, 0x2B, 0x83, 0xE5, 0x1D, 0x87, 0x88, 0x77, 0xCE, 0xC0, 0x85, 0x5F, 0x11, 0x58, 0xC4,
        0x45, 0xCF, 0xDC, 0x22, 0x53, 0xF4, 0x38, 0x9D, 0x5E, 0x3A, 0x8B, 0xA1, 0x66, 0x9A, 0xBB,
        0x59, 0x76, 0xA4, 0x61, 0x7E, 0x85, 0xF5, 0x43, 0xDA, 0x9F, 0x5E, 0x30, 0xB1, 0x0C, 0xA7,
        0x48, 0x1C, 0x81, 0x85, 0x39, 0x27, 0x82, 0xB4, 0x6F, 0xB0, 0xA0, 0xE5, 0xAB, 0x40, 0x8B,
        0x29, 0x45, 0xE3, 0xC7, 0x9A, 0x1C, 0xC4, 0x9F, 0xB7, 0xC2, 0x72, 0x54, 0xA9, 0xB5, 0x40,
        0xE7, 0x39, 0x7A, 0x5B, 0x65, 0x5B, 0xF7, 0xE4, 0xF8, 0x31, 0x84, 0xDB, 0x32, 0xA1, 0x28,
        0xAA, 0x2E, 0x00, 0xA6, 0x24, 0xD7, 0xDC, 0xD6, 0xB7, 0x7E, 0xFD, 0x15, 0x1F, 0x1E, 0x5C,
        0xBA, 0x88, 0x90, 0xAF, 0x91, 0x70, 0xFA, 0x06, 0xC5, 0x55, 0x71, 0x5D, 0xC1, 0x78, 0x7E,
        0x99, 0x5A, 0xD1, 0x92, 0x70, 0x97, 0x3A, 0xE9, 0x5B, 0x88, 0xDC, 0xAF, 0xDA, 0xF6, 0x2C,
        0x28, 0x84, 0x3D, 0x3F, 0x8B, 0x9C, 0x78, 0xDC, 0x8E, 0x37, 0xD9, 0x11, 0xDA, 0xB3, 0xF7,
        0xEE, 0x9D, 0x4C, 0x73, 0x89, 0xC6, 0x54, 0xBD, 0xCF, 0xC0, 0x50, 0x56, 0xB3, 0x60, 0x02,
        0x01, 0x40, 0xE5, 0x7E, 0x31, 0x47, 0x32, 0x58, 0xA4, 0x08, 0x1E, 0x2A, 0x70, 0x8F, 0x7C,
        0xAB, 0xA9, 0x0C, 0x35, 0x6D, 0x08, 0x47, 0x09, 0x8F, 0xC0, 0x76, 0x24, 0x84, 0x08, 0x6A,
        0xBA, 0x89, 0x8A, 0x60, 0xB0, 0x23, 0xD6, 0xA3, 0x06, 0x04, 0x02, 0x40, 0x62, 0x40, 0x74,
        0x87, 0x85, 0xD5, 0x1C, 0xAF, 0xF5, 0x2A, 0x0E, 0xF3, 0xDC, 0x2A, 0x45, 0xDA, 0xDF, 0x80,
        0xAC, 0x18, 0x50, 0x2D, 0x24, 0x42, 0x2A, 0x8C, 0xBB, 0x10, 0x19, 0x2B, 0x88, 0xF4, 0xE9,
        0x16, 0x02, 0x06, 0xB2, 0xED, 0x3E, 0x04, 0x11, 0x4F, 0x2A, 0x33, 0x9D, 0xF2, 0x69, 0xE2,
        0xC3, 0x6B, 0x86, 0x13, 0xCE, 0x37, 0x08, 0x74, 0x71, 0x70, 0x17, 0x55, 0x33, 0x0C, 0xB5,
        0x59, 0x57, 0x53, 0x66, 0xEE, 0x0F, 0xA2, 0xD3, 0xAF, 0xCD, 0xA3, 0x2E, 0xED, 0xE6, 0xDD,
        0x90, 0x63, 0x45, 0xDA, 0xAA, 0x04, 0x81, 0x21, 0x98, 0xE9, 0x6C, 0x42, 0x23, 0x9C, 0x24,
        0x2E, 0xDB, 0x90, 0x05, 0x97, 0x09, 0xF4, 0x97, 0xDA, 0x5B, 0x87, 0x70, 0x53, 0x84, 0xAE,
        0xF2, 0xAF, 0x22, 0xDC, 0x2E, 0xDF, 0xEF, 0x3C, 0x00, 0xD8, 0xC9, 0x15, 0x6D, 0x8B, 0x31,
        0x63, 0xFE, 0x7A, 0x77, 0x79, 0xE0, 0x4F, 0x04, 0x91, 0x1A, 0x8B, 0x93, 0x4F, 0xB3, 0x07,
        0x2E, 0xEE, 0x84, 0x44, 0x84, 0xFE, 0xDE, 0x5E, 0x2E, 0xE9, 0x6D, 0x33, 0x8E, 0xEF, 0xE2,
        0xDA, 0x98, 0x60, 0x67, 0xFF, 0xE0, 0x21, 0x8A, 0xDA, 0x7D, 0xE1, 0xD0, 0xE4, 0x2D, 0x82,
        0x3D, 0x6B, 0x03, 0x39, 0x18, 0x27, 0x88, 0x88, 0xBA, 0x06, 0x08, 0xAB, 0x8F, 0x7B, 0xE9,
        0x97, 0xBD, 0xF2, 0x63, 0x68, 0x9A, 0x36, 0xF5, 0x20, 0x4C, 0x80, 0x2A, 0xD8, 0x36, 0x36,
        0x37, 0x79, 0xB4, 0xB0, 0xD6, 0xCE, 0x50, 0x83, 0xDF, 0x0B, 0x98, 0xA2, 0xE2, 0xC7, 0x00,
        0x06, 0x2A, 0x4F, 0xA5, 0xE5, 0x7B, 0xC7, 0x3B, 0xD4, 0x53, 0x57, 0xE0, 0x1D, 0x90, 0xC7,
        0x95, 0x4B, 0xC6, 0x90, 0x4D, 0x1C, 0xE8, 0x16, 0x6A, 0x91, 0x68, 0xDA, 0x39, 0xA6, 0x0C,
        0x5C, 0xAE, 0x81, 0x19, 0xBB, 0x6B, 0x9A, 0xB0, 0x74, 0xFB, 0x2D, 0x0A, 0xEE, 0x38, 0x4F,
        0xC2, 0xC0, 0xE4, 0x80, 0x68, 0x11, 0xD6, 0x00, 0x2B, 0x4E, 0x24, 0x01, 0xE7, 0x43, 0x0B,
        0x50, 0xCB, 0x0E, 0x80, 0x75, 0xF3, 0x3D, 0x53, 0x86, 0xAE, 0xCD, 0xE2, 0x56, 0xE1, 0x69,
        0xD9, 0x5E, 0x2F, 0x9C, 0x65, 0x56, 0xC0, 0x8B, 0xA0, 0x42, 0xE6, 0x8A, 0x53, 0xCE, 0x8A,
        0xCA, 0x9C, 0xC0, 0x28, 0x18, 0xF7, 0x38, 0x2F, 0x15, 0x0D, 0xC0, 0x4D, 0xE0, 0x01, 0x9B,
        0x19, 0xC7, 0xA3, 0xAB, 0x0D, 0x72, 0xD6, 0xED, 0x01, 0x3D, 0x7A, 0x11, 0x5D, 0x74, 0xB2,
        0x79, 0xF7, 0x1F, 0xD6, 0xEF, 0xFE, 0xF3, 0x40, 0x49, 0x87, 0x7E, 0x0B, 0x11, 0xE0, 0x65,
        0x9B, 0xE9, 0x38, 0xA5, 0xDE, 0x68, 0x4E, 0xAF, 0x23, 0x51, 0x30, 0x95, 0xEB, 0x4A, 0x1B,
        0xDF, 0x53, 0x6C, 0x3C, 0x01, 0xA4, 0x65, 0x5C, 0x4B, 0x4A, 0x06, 0x73, 0x21, 0x4C, 0xEF,
        0x29, 0xA4, 0x81, 0xD0, 0x6A, 0x02, 0xCC, 0x9A, 0x5B, 0xFC, 0x7B, 0x8D, 0x84, 0x6C, 0x33,
        0x48, 0x4C, 0xD6, 0x7B, 0x1D, 0xE9, 0x8F, 0x60, 0xB6, 0x99, 0x18, 0xF1, 0x77, 0xB6, 0x45,
        0x58, 0xCA, 0x56, 0x7A, 0x62, 0x37, 0xD3, 0x5F, 0xF0, 0x17, 0x71, 0xA4, 0x23, 0x20, 0xCE,
        0x02, 0xBB, 0x98, 0xF3, 0xE4, 0xAD, 0x4A, 0xC7, 0xDB, 0x75, 0x61, 0x1B, 0xD9, 0x96, 0x1E,
        0xAC, 0x66, 0x2A, 0x38, 0xB1, 0xF7, 0x85, 0x97, 0x0C, 0x99, 0xF3, 0xDD, 0x10, 0x5F, 0xF5,
        0x86, 0xF6, 0x13, 0x01, 0xC4, 0x8D, 0x66, 0x70, 0x8C, 0xBF, 0x7D, 0x53, 0xA7, 0x33, 0xE3,
        0x57, 0xB6, 0xC2, 0x56, 0xE8, 0xB7, 0x3F, 0x0E, 0x13, 0x05, 0xA0, 0xBC, 0x13, 0x79, 0x89,
        0xE5, 0x21, 0x10, 0x0C, 0x2E, 0xE6, 0x25, 0x9E, 0x60, 0x7F, 0xE1, 0x21, 0x98, 0xE8, 0xBC,
        0xB9, 0x88, 0xB0, 0x85, 0x46, 0x68, 0xE4, 0x0D, 0x7C, 0xAE, 0x6A, 0xDC, 0x3B, 0xA4, 0x0B,
        0xA1, 0x21, 0xB7, 0x31, 0x9D, 0x06, 0xD9, 0x88, 0xA0, 0x73, 0xD0, 0x30, 0x97, 0xB9, 0xF5,
        0xC1, 0xC0, 0x72, 0x84, 0xB6, 0x47, 0x3A, 0xE5, 0x7B, 0xF1, 0x54, 0x81, 0x1B, 0x77, 0xBA,
        0xCE, 0xB0, 0x41, 0x2B, 0x8A, 0x69, 0x83, 0xBD, 0xD0, 0xCC, 0xD9, 0xE3, 0xBF, 0x01, 0x4E,
        0x52, 0x00, 0x09, 0xCB, 0x26, 0xD5, 0x78, 0x0E, 0xAB, 0xEF, 0x1B, 0xBA, 0xFA, 0x5E, 0x25,
        0xD4, 0x10, 0x98, 0xA5, 0x4C, 0x47, 0xFC, 0xE8, 0xB6, 0x8D, 0x39, 0x52, 0x91, 0xD5, 0x42,
        0x84, 0xD3, 0x3A, 0xA5, 0x0B, 0x96, 0x64, 0xD1, 0x51, 0x0B, 0x46, 0x7C, 0x8A, 0x53, 0x93,
        0x61, 0xCA, 0x9A, 0x44, 0x48, 0xBC, 0x01, 0xFC, 0xB4, 0xC4, 0xE3, 0xEF, 0x47, 0x5E, 0x8A,
        0xFB, 0x46, 0xA4, 0x94, 0xAE, 0x13, 0xEE, 0x9E, 0xA8, 0xA1, 0x26, 0x68, 0x25, 0xFB, 0xA7,
        0xF3, 0x2B, 0x97, 0x12, 0xFD, 0xE2, 0x52, 0x69, 0x8A, 0x68, 0x35, 0x9B, 0x50, 0x14, 0x1D,
        0x90, 0xF5, 0xC4, 0xA0, 0x62, 0x83, 0xDD, 0xB5, 0x4A, 0xD7, 0xE1, 0x41, 0x2A, 0xC5, 0xEB,
        0xB1, 0x25, 0x01, 0xF7, 0xA8, 0x2B, 0x2A, 0x7F, 0x27, 0xB2, 0xDB, 0xAB, 0x62, 0x6C, 0x3D,
        0xB4, 0x07, 0x45, 0x23, 0xB3, 0x21, 0x1D, 0x31, 0x82, 0xEA, 0x26, 0x13, 0x97, 0xA6, 0xF7,
        0xB1, 0x87, 0xCF, 0x2B, 0x8A, 0x35, 0x6D, 0xED, 0x10, 0x81, 0x2F, 0x1D, 0x30, 0x51, 0x69,
        0xAE, 0xDF, 0x79, 0xB5, 0xFF, 0x1C, 0xF7, 0xC2, 0xD6, 0xE8, 0x6E, 0xE1, 0x1F, 0x28, 0xE9,
        0x6A, 0xA6, 0x3B, 0x5A, 0x03, 0xF5, 0x9F, 0xC9, 0x60, 0xAC, 0x7D, 0x05, 0x72, 0xE9, 0x1D,
        0xDA, 0x61, 0x90, 0x5C, 0x07, 0x11, 0xA9, 0xB2, 0x63, 0x44, 0xA2, 0xA1, 0x0A, 0xA2, 0x04,
        0x1F, 0x2B, 0x13, 0xCB, 0x1A, 0x9A, 0x9A, 0x27, 0x77, 0x4B, 0x6D, 0x0D, 0xED, 0xDC, 0x9D,
        0x81, 0xEA, 0x1B, 0x14, 0x2A, 0xD7, 0xB7, 0x2B, 0xE4, 0x79, 0x91, 0xF2, 0xC9, 0x26, 0x1D,
        0x67, 0x08, 0x15, 0x6E, 0x38, 0xD0, 0x0B, 0x07, 0x40, 0x20, 0x76, 0x6E, 0xB0, 0xC4, 0x94,
        0x39, 0x2D, 0x65, 0xB8, 0x2C, 0xA6, 0x5F, 0x7C, 0x33, 0x52, 0xF9, 0xBB, 0x78, 0x32, 0x5E,
        0xCB, 0x6D, 0xF5, 0x96, 0xC8, 0xAE, 0x57, 0x82, 0x6B, 0x08, 0xCC, 0xD6, 0xF1, 0xD5, 0x29,
        0xD2, 0xE2, 0x59, 0x25, 0xC1, 0xAC, 0x97, 0x24, 0x25, 0xBE, 0xDE, 0xB8, 0x8A, 0x5D, 0x0E,
        0x31, 0x38, 0xDD, 0xC4, 0x34, 0xDA, 0x34, 0x62, 0xEB, 0xDF, 0x6B, 0x12, 0x39, 0xA2, 0x1F,
        0x14, 0x1E, 0xC6, 0x2C, 0xBE, 0x4B, 0xB9, 0x93, 0xBA, 0x25, 0x3B, 0x55, 0xA7, 0x6D, 0x30,
        0xFA, 0xC1, 0x9C, 0x2C, 0x13, 0x84, 0xEF, 0x6B, 0x97, 0x46, 0xC0, 0x77, 0x87, 0xAA, 0x1F,
        0xE9, 0x13, 0xA1, 0x34, 0x83, 0x90, 0xBD, 0x8C, 0x1F, 0x38, 0x6A, 0x08, 0xC7, 0x7C, 0xF7,
        0x10, 0x6C, 0x92, 0x7C, 0xE2, 0x4D, 0xFF, 0xC9, 0xD6, 0xEE, 0x1B, 0x32, 0x35, 0x4D, 0x95,
        0xED, 0x29, 0x23, 0x48, 0x25, 0x31, 0xDE, 0x6B, 0x39, 0x0B, 0xF0, 0xF5, 0xEB, 0x80, 0x27,
        0x6E, 0x90, 0xE7, 0xED, 0x11, 0x13, 0x1C, 0x84, 0x8B, 0xBA, 0xBE, 0xC4, 0xD3, 0x17, 0x23,
        0x62, 0x69, 0xA0, 0xA3, 0xA7, 0xCB, 0xE0, 0xF1, 0x27, 0x2F, 0x93, 0x94, 0x9C, 0xA6, 0xD2,
        0x3E, 0xA2, 0xA7, 0xEE, 0x3F, 0x69, 0x77, 0x91, 0xAA, 0xB7, 0x15, 0x33, 0x42, 0x30, 0x66,
        0xD4, 0x00, 0x00, 0x00, 0x00, 0x00, 0x00, 0x00, 0x00, 0x00, 0x00, 0x00, 0x00, 0x00, 0x00,
        0x00, 0x00, 0x00, 0x00, 0x00, 0x00, 0x00, 0x00, 0x00, 0x00, 0x00, 0x00, 0x00, 0x00, 0x05,
        0x0E, 0x18, 0x1F, 0x23, 0x29, 0x2C, 0x2F,
    ];

    measure(|| {
        if MLDSA87::verify(&pk, msg, None, &sig).is_ok() {
            eprintln!("Verification succeeded!");
        } else {
            panic!("Verification failed! -- figure that out");
        }
    });
}

/// Same as bench_mldsa87_verify(), but with a pre-expanded public key.
///
/// The matrix A_hat is expanded up-front and held inside the MLDSA87PublicKeyExpanded, which is
/// what makes repeated verifications against the same key cheaper -- at the cost of the memory the
/// expanded key occupies for as long as it is held. Both the expansion and the verification are
/// inside the measurement.
fn bench_mldsa87_verify_expanded_pk() {
    use bouncycastle::mldsa::{
        MLDSA87, MLDSA87_PK_LEN, MLDSA87_SIG_LEN, MLDSA87PublicKeyExpanded, MLDSATrait,
    };

    eprintln!("MLDSA87/Verify_with_expanded_key");

    let msg = b"The quick brown fox jumped over the lazy dog";

    /* One-time setup of the KAT -- commented out so that keygen is not captured in the bench */

    // let seed = KeyMaterial256::from_bytes_as_type(
    //     &[0x00,0x01,0x02,0x03,0x04,0x05,0x06,0x07,0x08,0x09,0x0a,0x0b,0x0c,0x0d,0x0e,0x0f,0x10,0x11,0x12,0x13,0x14,0x15,0x16,0x17,0x18,0x19,0x1a,0x1b,0x1c,0x1d,0x1e,0x1f],
    //     KeyType::Seed,
    // ).unwrap();
    //
    // let (mldsa65_pk, mldsa65_sk) = MLDSA87::keygen_from_seed(&seed).unwrap();
    //
    // eprintln!("pk:\n{}", &*hex::encode(&mldsa65_pk.encode()));
    // let mu = MLDSA87::compute_mu_from_sk(&mldsa65_sk, msg, None).unwrap();
    // let sig = MLDSA87::sign_mu_deterministic(&mldsa65_sk, &mu, [0u8; 32]).unwrap();
    // eprintln!("sig:\n{}", &*hex::encode(sig));

    let pk = load_mldsa87_pk();
    let sig: [u8; MLDSA87_SIG_LEN] = [
        0x78, 0x13, 0x68, 0xE6, 0x4D, 0xBA, 0x54, 0x2A, 0x7E, 0xAC, 0xBD, 0x22, 0x57, 0x33, 0x5C,
        0xC9, 0x43, 0xA0, 0x32, 0x41, 0x00, 0x9B, 0x79, 0x70, 0x93, 0xC6, 0x15, 0xF7, 0x6A, 0x67,
        0x1A, 0x75, 0x91, 0x43, 0x04, 0x41, 0xD8, 0x0B, 0xB5, 0x82, 0x30, 0x4B, 0x33, 0xB9, 0xFC,
        0xE2, 0x95, 0xE0, 0xDD, 0x57, 0xFE, 0x16, 0x93, 0x55, 0xDD, 0xF4, 0x45, 0x3A, 0x2A, 0xCA,
        0x62, 0xD8, 0xEB, 0x81, 0x09, 0xEF, 0x0D, 0x9C, 0xF3, 0xF5, 0xB0, 0xA9, 0x4E, 0x04, 0xAD,
        0x81, 0xB3, 0xE7, 0x86, 0x01, 0x42, 0x43, 0xEC, 0xDE, 0x81, 0x65, 0x51, 0xAA, 0x7F, 0xE0,
        0x1C, 0x63, 0x90, 0x54, 0x25, 0x6A, 0x49, 0x17, 0x56, 0xBE, 0xF5, 0x9F, 0x50, 0x34, 0xF7,
        0x17, 0xFF, 0x4F, 0x85, 0xE7, 0x0B, 0xA7, 0x73, 0x1A, 0x49, 0x97, 0x14, 0x15, 0xB6, 0xA7,
        0xE7, 0xD8, 0x16, 0xAB, 0x43, 0x4B, 0x9F, 0x17, 0xA3, 0x09, 0x5E, 0xDE, 0x6F, 0xD4, 0x32,
        0xBE, 0x2B, 0xFA, 0x82, 0x72, 0x40, 0x45, 0xDD, 0xA0, 0xDF, 0xFF, 0x7A, 0x02, 0x81, 0xE9,
        0x00, 0x09, 0x39, 0xCC, 0xBA, 0x3D, 0x8A, 0xB3, 0x24, 0x51, 0x39, 0xC4, 0x41, 0x64, 0x8C,
        0x76, 0xA6, 0x53, 0x61, 0x27, 0xE4, 0xD1, 0xEF, 0x0D, 0xF1, 0x53, 0x18, 0x83, 0xAB, 0x78,
        0xC8, 0xB4, 0x13, 0x23, 0x61, 0x7A, 0xD8, 0xDB, 0x03, 0xD9, 0x90, 0x8C, 0x9E, 0x08, 0xA9,
        0xF7, 0x32, 0x1C, 0x45, 0x05, 0x1B, 0x3C, 0x94, 0x21, 0x33, 0x47, 0xB1, 0x1C, 0x4A, 0x84,
        0x49, 0x1D, 0xE7, 0xA7, 0xBE, 0x68, 0x70, 0x1E, 0x47, 0xD7, 0xF0, 0xE0, 0xB3, 0x3E, 0x76,
        0x7B, 0xEF, 0x17, 0x69, 0x4E, 0x4D, 0x33, 0x24, 0x4E, 0xD9, 0x2E, 0xBD, 0x74, 0xC8, 0x5A,
        0xB6, 0xC8, 0x44, 0x41, 0xCD, 0xDC, 0x14, 0x33, 0x1E, 0x6A, 0xE8, 0xBD, 0x23, 0x67, 0x4B,
        0xDA, 0x27, 0xF0, 0x9C, 0x05, 0x0D, 0x88, 0xF7, 0xD4, 0x30, 0xFE, 0xEE, 0x7F, 0x15, 0xA7,
        0x2A, 0x24, 0xD6, 0x53, 0xBB, 0x6B, 0xEC, 0x54, 0x49, 0x1B, 0x98, 0x36, 0x2C, 0xE1, 0x31,
        0xD3, 0x7C, 0x7D, 0x78, 0xA3, 0xF9, 0xA8, 0x93, 0xDB, 0x5A, 0xBD, 0xCC, 0xD6, 0x66, 0x35,
        0x93, 0xB8, 0x8B, 0xC6, 0xC9, 0x7F, 0x07, 0xF8, 0xEA, 0xFC, 0xCF, 0xD2, 0x5E, 0x81, 0x80,
        0xD9, 0x18, 0xEF, 0xBC, 0xD9, 0x5B, 0xBF, 0x3D, 0xA2, 0x9F, 0x08, 0x1E, 0x3E, 0x19, 0x32,
        0x09, 0x59, 0x39, 0x19, 0x8E, 0x2A, 0x15, 0x5B, 0x2D, 0x80, 0x3A, 0x3E, 0x84, 0xCA, 0x4F,
        0x34, 0x56, 0x9D, 0xF6, 0x95, 0xC2, 0x59, 0xFA, 0xF3, 0xC0, 0xD8, 0xF0, 0xCD, 0x21, 0x7E,
        0xBD, 0x2D, 0xBA, 0xD5, 0x42, 0xB3, 0x2F, 0xBB, 0x54, 0xE4, 0x4A, 0xAF, 0x0B, 0x5D, 0xC7,
        0x39, 0xFA, 0xFE, 0xF2, 0xE4, 0x6D, 0xB8, 0xD6, 0x8B, 0xFC, 0x35, 0xF4, 0x4F, 0x03, 0x8C,
        0xB1, 0xF5, 0x23, 0x1A, 0x1B, 0x5B, 0x13, 0x4A, 0xE6, 0x83, 0xE7, 0xF3, 0x29, 0x7C, 0xC7,
        0xA9, 0x5B, 0xD1, 0x91, 0xB3, 0x10, 0xF6, 0x82, 0x01, 0x45, 0x07, 0x97, 0xFE, 0x32, 0x93,
        0xCD, 0xE1, 0x67, 0x2D, 0xFE, 0xCA, 0x4B, 0x49, 0x3F, 0x53, 0xC7, 0x68, 0xEA, 0x04, 0x8A,
        0x97, 0x2A, 0x4C, 0xD8, 0x4D, 0x39, 0xEF, 0x68, 0x29, 0x57, 0xB8, 0xF2, 0x8B, 0xA2, 0x94,
        0x87, 0xB4, 0x68, 0x9B, 0x43, 0xFE, 0xC2, 0x65, 0x58, 0x23, 0xD9, 0xBB, 0x99, 0xFF, 0xCF,
        0x31, 0x49, 0x03, 0x66, 0xA9, 0x86, 0x0A, 0x5D, 0x5B, 0x8E, 0x32, 0xA3, 0xB8, 0xBF, 0xEB,
        0x6F, 0x55, 0xF8, 0x8F, 0xB8, 0x0C, 0x8C, 0x01, 0x42, 0x08, 0x6F, 0x22, 0x0E, 0x1F, 0x6F,
        0x28, 0x62, 0xDA, 0xBD, 0xA5, 0x8C, 0x3B, 0x6F, 0x5F, 0xAA, 0x80, 0x5B, 0x39, 0xCF, 0xAC,
        0x4B, 0x6D, 0x7E, 0xA7, 0xAC, 0xDF, 0x1B, 0x06, 0x90, 0x06, 0x3B, 0x0C, 0x1E, 0xA3, 0x8C,
        0x7C, 0x47, 0x55, 0x18, 0x99, 0x66, 0xDC, 0x63, 0x10, 0x55, 0xF1, 0x53, 0xF7, 0x1B, 0x77,
        0xB1, 0x14, 0xFA, 0x5C, 0x30, 0x93, 0x16, 0xBA, 0x51, 0x23, 0x30, 0xEA, 0x5C, 0xDB, 0x0B,
        0xB1, 0x76, 0x00, 0x1E, 0x57, 0x46, 0x15, 0x63, 0xD1, 0x72, 0x59, 0xF3, 0x5D, 0x0C, 0x30,
        0xEF, 0x5A, 0xC8, 0x38, 0xC0, 0x32, 0x54, 0x02, 0xBA, 0xB5, 0x2C, 0x53, 0x14, 0x69, 0x52,
        0x6A, 0xE3, 0xEE, 0x62, 0x93, 0xF7, 0xB5, 0x76, 0x9D, 0x27, 0xE6, 0x9F, 0xA8, 0x1C, 0xD2,
        0x5A, 0x31, 0xCD, 0x09, 0x5B, 0x12, 0x6E, 0x70, 0xC5, 0x7A, 0xC3, 0x16, 0x9A, 0x5F, 0x58,
        0x5A, 0x11, 0xF1, 0x74, 0x8D, 0x9D, 0x22, 0xF2, 0x56, 0x49, 0x11, 0xC2, 0x6A, 0x24, 0xB2,
        0x15, 0x3A, 0x78, 0xF3, 0xA0, 0x68, 0x22, 0xF5, 0xF1, 0x96, 0x3F, 0x23, 0x7A, 0xBE, 0xB4,
        0x8E, 0xFD, 0x9A, 0x9C, 0xD4, 0x78, 0xDE, 0x57, 0x9C, 0x5A, 0x0B, 0xA8, 0x4D, 0x00, 0xE9,
        0x6F, 0xBD, 0xE3, 0x6D, 0x8C, 0xE2, 0x0E, 0x7E, 0x94, 0x85, 0x47, 0xFB, 0x68, 0x50, 0x83,
        0x4F, 0xF7, 0x9D, 0x21, 0x18, 0x30, 0xF6, 0xEE, 0x97, 0x33, 0x59, 0x78, 0x1D, 0x9D, 0x50,
        0x08, 0xFB, 0x43, 0xA8, 0x93, 0x54, 0x78, 0x2F, 0xDE, 0x41, 0x58, 0x17, 0x7F, 0x52, 0x06,
        0xCE, 0x1D, 0x38, 0xC8, 0x89, 0xE9, 0x9E, 0x4B, 0xB5, 0xB4, 0xAB, 0x34, 0xD6, 0xA0, 0x5C,
        0x42, 0xF5, 0xD7, 0x19, 0xEA, 0x03, 0xDB, 0xC5, 0x4A, 0xDB, 0xA7, 0x5A, 0x3B, 0xB4, 0x4A,
        0x3C, 0x08, 0xC7, 0x55, 0x64, 0x62, 0xF8, 0xC5, 0xB7, 0xC5, 0x68, 0xA6, 0x92, 0x42, 0xCF,
        0x5B, 0xE6, 0x09, 0x8E, 0xBA, 0x0A, 0x22, 0x49, 0xC1, 0xCA, 0x5B, 0x21, 0x09, 0xB6, 0x40,
        0x4A, 0x96, 0x2A, 0xBC, 0x1C, 0x15, 0x9C, 0x6B, 0x48, 0xA7, 0x9F, 0xB9, 0x7E, 0x4A, 0x33,
        0x37, 0xD9, 0x93, 0x23, 0x74, 0x62, 0x21, 0x29, 0x74, 0x23, 0xF9, 0xBD, 0x1B, 0x12, 0xE7,
        0x84, 0x89, 0xE0, 0x1E, 0x6A, 0x10, 0xF0, 0xFD, 0x6B, 0xBA, 0x1C, 0xFD, 0x6A, 0xE1, 0xB7,
        0x5D, 0xBE, 0x69, 0xF8, 0xB8, 0xEE, 0x51, 0xA4, 0xE7, 0xF6, 0x8B, 0xA2, 0xC4, 0x07, 0xC9,
        0xC0, 0xBA, 0xD3, 0x89, 0x2B, 0x29, 0xB0, 0x17, 0x0A, 0xB7, 0x58, 0x36, 0xFD, 0xD4, 0x9A,
        0x7E, 0xE3, 0xC2, 0xBB, 0x30, 0xF2, 0xC3, 0xD2, 0x26, 0xBC, 0xEC, 0x49, 0x14, 0x09, 0x52,
        0x17, 0x0B, 0x0D, 0x16, 0x0F, 0x97, 0xB3, 0x0B, 0x7B, 0x7B, 0x09, 0x67, 0x19, 0x53, 0x86,
        0x77, 0xEB, 0xB0, 0x69, 0x22, 0xF2, 0x69, 0x25, 0x22, 0x7C, 0x88, 0x52, 0xAC, 0xC1, 0x07,
        0xA8, 0xF1, 0x73, 0xB3, 0x8D, 0x96, 0x69, 0x75, 0x84, 0xBD, 0x3D, 0xFE, 0x16, 0x9B, 0x40,
        0x73, 0xAA, 0x58, 0xA7, 0xBF, 0x37, 0x1D, 0x5C, 0x4B, 0xB0, 0xEE, 0xD3, 0x0F, 0x08, 0x21,
        0x2D, 0xEF, 0xB3, 0xAE, 0xC9, 0x02, 0xD4, 0x54, 0x60, 0x84, 0x17, 0x6B, 0xF0, 0xF8, 0x6D,
        0x93, 0xCF, 0x36, 0xA4, 0x68, 0x9A, 0x5E, 0x87, 0x4B, 0x32, 0xD6, 0xB7, 0xD3, 0xC1, 0xE3,
        0xFB, 0xCF, 0xD9, 0x88, 0xC3, 0x5D, 0xBC, 0x9A, 0x8D, 0x0A, 0x01, 0x9A, 0xD6, 0xD7, 0xE1,
        0x5E, 0xC3, 0xAC, 0x97, 0x12, 0x5D, 0xB6, 0xAB, 0xFE, 0x00, 0xBE, 0xFF, 0xE3, 0x5A, 0x81,
        0x66, 0x66, 0x99, 0xA9, 0x1E, 0x15, 0x94, 0x5C, 0x62, 0xD6, 0x46, 0x69, 0x0B, 0x5B, 0x52,
        0xDE, 0x8B, 0x83, 0x5E, 0xE9, 0xBE, 0x53, 0x58, 0x8F, 0xDE, 0x5D, 0x63, 0x02, 0x3B, 0x52,
        0xB2, 0xB1, 0xF4, 0x61, 0x0C, 0x23, 0x7A, 0x82, 0x9F, 0x59, 0x01, 0xA4, 0x60, 0x42, 0x96,
        0x3C, 0xCE, 0x7B, 0x85, 0xAA, 0x04, 0x0A, 0xDD, 0xE0, 0x29, 0x85, 0xE1, 0x4E, 0x23, 0xC4,
        0xEA, 0xDB, 0x75, 0x22, 0x1C, 0x60, 0x7D, 0x24, 0x67, 0x2E, 0x24, 0x4C, 0x66, 0xC9, 0xC2,
        0x4C, 0x3C, 0xB7, 0xFD, 0x90, 0xBB, 0x23, 0x29, 0x5C, 0x9D, 0x3D, 0x9D, 0xA5, 0x16, 0xBC,
        0xE3, 0xDD, 0x46, 0x2D, 0x66, 0x60, 0xF9, 0xF9, 0x1E, 0xF0, 0x61, 0x8A, 0x4D, 0x4D, 0x3D,
        0x66, 0x68, 0xC5, 0xD1, 0xE2, 0xE8, 0xED, 0x43, 0x3E, 0xBF, 0xE0, 0x76, 0x2B, 0xEB, 0x74,
        0x33, 0x24, 0xE1, 0x16, 0x08, 0xF8, 0xB1, 0x4B, 0x69, 0xCE, 0x4C, 0x22, 0x1C, 0x16, 0x54,
        0xBA, 0x49, 0x92, 0xA5, 0xAF, 0x2D, 0x94, 0x9C, 0x29, 0x39, 0xF9, 0x5D, 0x1C, 0x8F, 0xB7,
        0x67, 0xAF, 0x2A, 0x84, 0x3C, 0xC7, 0xC7, 0x8F, 0x57, 0x25, 0x9D, 0x5C, 0x0C, 0x6C, 0xA8,
        0x3F, 0xCA, 0x41, 0xEF, 0x5E, 0xCC, 0x4E, 0xEE, 0xEA, 0x93, 0xE4, 0x51, 0x8C, 0x24, 0xD3,
        0x04, 0x0F, 0x2C, 0xD9, 0x0D, 0xF3, 0xE5, 0x35, 0xE9, 0x89, 0xE6, 0x06, 0xFA, 0x10, 0x9E,
        0x2C, 0x45, 0x3E, 0xD7, 0x35, 0x3D, 0xB1, 0xCD, 0xB2, 0x71, 0x37, 0xF0, 0x05, 0xF9, 0xDD,
        0x8D, 0x2A, 0xEB, 0xFB, 0x72, 0x55, 0xA6, 0x09, 0x8B, 0x69, 0x02, 0x15, 0xE1, 0x00, 0xCF,
        0xE4, 0x4C, 0xA0, 0xF2, 0x74, 0x5F, 0xCE, 0xD4, 0x83, 0x22, 0xBC, 0x96, 0x67, 0xAB, 0x16,
        0xD2, 0xE1, 0xC0, 0xFF, 0x49, 0x1B, 0x96, 0xA1, 0x7B, 0x83, 0x3D, 0x4F, 0xD4, 0x4D, 0x31,
        0xC2, 0x23, 0x0A, 0xC8, 0x35, 0x79, 0x6E, 0x06, 0x3A, 0xB0, 0x30, 0x00, 0xF0, 0x4F, 0x15,
        0xC7, 0x05, 0x60, 0x03, 0x37, 0x63, 0xA4, 0x85, 0x52, 0xCC, 0xEA, 0xAC, 0xAD, 0xE9, 0xCA,
        0x5C, 0x80, 0x55, 0xF3, 0x74, 0x5E, 0x17, 0x90, 0x68, 0xA2, 0x87, 0x18, 0x3F, 0x2B, 0xC3,
        0xEF, 0x63, 0x27, 0xDE, 0xC5, 0xAC, 0x7C, 0xF7, 0xB0, 0x52, 0xEF, 0x5A, 0x88, 0x73, 0xE6,
        0x97, 0xEF, 0xDE, 0x08, 0x96, 0x88, 0xF4, 0x3B, 0xE4, 0x64, 0x82, 0x7C, 0x2F, 0xA8, 0x3E,
        0xB5, 0x31, 0xB3, 0x67, 0x41, 0x45, 0xE9, 0x5C, 0x69, 0x9C, 0x82, 0x99, 0x0E, 0x68, 0x49,
        0x67, 0xDA, 0xD3, 0x19, 0xD9, 0xF6, 0x4A, 0xB1, 0x6C, 0xD9, 0xFE, 0x9B, 0x6C, 0x41, 0x23,
        0x2A, 0xC4, 0xAE, 0x37, 0x95, 0xFD, 0x8A, 0x76, 0xAA, 0x9B, 0x02, 0xE9, 0x70, 0x24, 0x20,
        0x61, 0xC6, 0xDA, 0x45, 0xA2, 0xAF, 0x74, 0xAD, 0x9C, 0xB2, 0xA7, 0x99, 0x35, 0xC9, 0x26,
        0x25, 0xE2, 0x42, 0xF4, 0xBC, 0x7F, 0xCE, 0x54, 0xD5, 0xC1, 0x0A, 0x9E, 0x61, 0xF8, 0x75,
        0x16, 0x2F, 0xA6, 0x51, 0xB6, 0x60, 0x57, 0xBA, 0x03, 0x6F, 0x06, 0x2D, 0x6D, 0x39, 0xD0,
        0x50, 0x2B, 0x93, 0xA5, 0x64, 0x0B, 0x78, 0xC6, 0xC2, 0xFD, 0x20, 0xB0, 0x2F, 0xF8, 0x36,
        0x76, 0xA8, 0x7A, 0x94, 0x94, 0x5D, 0x47, 0x6C, 0x34, 0x98, 0x03, 0xEA, 0x4F, 0xE6, 0x0C,
        0xDC, 0xEA, 0x65, 0xBB, 0x26, 0x29, 0xE2, 0xBC, 0x09, 0xD4, 0x47, 0x2E, 0xC6, 0x34, 0x22,
        0xDE, 0xE2, 0x05, 0x2F, 0x09, 0x8D, 0xEA, 0xF5, 0x53, 0x1E, 0x6C, 0x9B, 0xED, 0x66, 0x72,
        0xA8, 0xB6, 0x99, 0x80, 0x2E, 0xFE, 0x0C, 0xDE, 0xD8, 0x0C, 0x84, 0x55, 0xF5, 0x85, 0xD1,
        0xBA, 0x63, 0x3D, 0x28, 0x1F, 0x1A, 0x21, 0xAD, 0xAB, 0x48, 0xE6, 0x3B, 0x44, 0xE0, 0xC2,
        0xA4, 0xD7, 0x60, 0x8C, 0xF9, 0x8A, 0xAB, 0xF8, 0xAD, 0xC8, 0x6B, 0xCB, 0x8F, 0x61, 0xE8,
        0xB0, 0x6C, 0xD2, 0x38, 0x5F, 0x82, 0xE0, 0xA3, 0xCD, 0xD0, 0x3C, 0xAB, 0x15, 0x2D, 0x59,
        0x51, 0x85, 0x9C, 0x45, 0x32, 0xF9, 0x16, 0x8E, 0x78, 0xF1, 0x7B, 0xA2, 0xA5, 0x77, 0x27,
        0x80, 0x32, 0x7D, 0xCF, 0x4E, 0x62, 0xB4, 0xD2, 0x6E, 0x44, 0x37, 0x62, 0xFC, 0x48, 0x8A,
        0xE4, 0xCD, 0x4D, 0x11, 0x56, 0xDB, 0xD5, 0x78, 0x25, 0x95, 0xCF, 0xD7, 0x69, 0x7A, 0x51,
        0x4A, 0xBC, 0x9B, 0x16, 0x0C, 0x9C, 0xCF, 0x08, 0xED, 0xC8, 0x61, 0x34, 0xA7, 0x55, 0xB9,
        0x0E, 0x9B, 0xB5, 0x43, 0x51, 0x1E, 0x88, 0x8E, 0x31, 0x57, 0x72, 0x1A, 0x52, 0xD1, 0xBC,
        0x5D, 0xB3, 0x30, 0x29, 0xFB, 0x33, 0x5E, 0xA2, 0x11, 0x4E, 0x21, 0xC0, 0x33, 0x68, 0xC8,
        0xD7, 0xF4, 0xD8, 0x27, 0x96, 0x06, 0x41, 0x77, 0x2A, 0x4A, 0x32, 0xA7, 0x38, 0xDF, 0x60,
        0xD1, 0x9E, 0xC7, 0x7A, 0xB0, 0x9D, 0x22, 0xF5, 0x7C, 0xC2, 0x52, 0x3B, 0x95, 0x03, 0xB3,
        0xF5, 0xB1, 0xCE, 0xBC, 0x5A, 0xE1, 0x5F, 0x88, 0x5F, 0x15, 0x98, 0x42, 0xDB, 0x73, 0x59,
        0xA1, 0xC8, 0x9D, 0x3D, 0x82, 0xD3, 0x40, 0x70, 0x68, 0xF1, 0x5B, 0x67, 0x39, 0x62, 0x6E,
        0xB8, 0xC5, 0x21, 0xFC, 0x8C, 0x5C, 0x74, 0x91, 0xF9, 0x45, 0xD4, 0x9F, 0x14, 0xE6, 0x98,
        0x9D, 0xA3, 0x40, 0xBD, 0xF4, 0x9E, 0x7F, 0x8A, 0x79, 0x27, 0x47, 0xAA, 0x65, 0x8B, 0xC1,
        0x14, 0x14, 0x3B, 0xA9, 0x3F, 0x26, 0x02, 0x2D, 0x00, 0x17, 0x35, 0xB7, 0x44, 0x63, 0x9B,
        0xBF, 0x22, 0xAA, 0xB2, 0xA1, 0x85, 0x1C, 0xFC, 0x93, 0x4F, 0x9C, 0x69, 0xD3, 0x76, 0x4F,
        0xDE, 0xA3, 0xD2, 0x3D, 0xB1, 0x79, 0x98, 0xE6, 0x13, 0x8C, 0xFD, 0x7C, 0xD9, 0xE9, 0xA4,
        0x7C, 0xB7, 0x41, 0x93, 0xBD, 0x71, 0xAA, 0xF2, 0x8C, 0xDD, 0x9D, 0x1E, 0xB5, 0x95, 0x12,
        0x55, 0x46, 0xA4, 0xF4, 0x35, 0x7E, 0xBB, 0xD1, 0xF4, 0x10, 0xE3, 0xBF, 0x85, 0x57, 0x89,
        0x2D, 0xE6, 0x85, 0x09, 0xB5, 0xB9, 0x8C, 0x5C, 0x22, 0x9E, 0x94, 0x2C, 0x91, 0x0F, 0xDD,
        0x3E, 0x54, 0xCB, 0x6A, 0xD5, 0x4D, 0x8D, 0xD8, 0x86, 0xCB, 0x97, 0xEC, 0xC0, 0x6D, 0x1E,
        0x40, 0x1B, 0x83, 0x95, 0xD0, 0xBC, 0xB0, 0xDB, 0x9A, 0x03, 0x1D, 0xC6, 0x6C, 0x92, 0x94,
        0xF9, 0x05, 0x3C, 0x68, 0xFC, 0x42, 0x04, 0x2B, 0x1F, 0xA1, 0x67, 0x1F, 0xC7, 0xD5, 0x10,
        0xB7, 0x09, 0x16, 0xC0, 0x13, 0x9C, 0xFE, 0xBE, 0x3A, 0x91, 0x24, 0x45, 0x27, 0xCE, 0x94,
        0x39, 0x86, 0x0C, 0xED, 0xB3, 0x09, 0x08, 0x19, 0x7B, 0xE8, 0x51, 0xCB, 0xD1, 0xD3, 0xB1,
        0x8C, 0xA5, 0x41, 0x35, 0x84, 0x49, 0xFB, 0x34, 0xFB, 0x5C, 0xD5, 0x69, 0x63, 0x0E, 0xD5,
        0xF6, 0x7B, 0x87, 0x95, 0xE8, 0x78, 0x28, 0xF2, 0xCE, 0x3B, 0xEC, 0xFE, 0x45, 0x75, 0x79,
        0xD8, 0x23, 0x33, 0xB0, 0xBB, 0xAB, 0x09, 0x4D, 0xE3, 0x91, 0xE1, 0xF8, 0x15, 0x7B, 0xD4,
        0x31, 0xE3, 0x65, 0xCA, 0x86, 0x46, 0x30, 0x93, 0x2B, 0xBE, 0xBB, 0x48, 0xF4, 0x5F, 0x81,
        0x34, 0x42, 0x4E, 0x18, 0xAB, 0x45, 0x50, 0x29, 0xB5, 0x4B, 0x19, 0xE2, 0xF3, 0xBF, 0xEC,
        0x5E, 0x44, 0xAD, 0x0E, 0xA5, 0xC0, 0x3F, 0x53, 0xD8, 0xF9, 0x25, 0xB6, 0x35, 0x83, 0x8A,
        0xA7, 0x01, 0x5A, 0x7C, 0x9E, 0x32, 0x5B, 0xDF, 0xAF, 0xF9, 0x66, 0xEA, 0x95, 0x12, 0xDD,
        0x50, 0xF8, 0x7C, 0x89, 0x95, 0xCE, 0xA7, 0x56, 0x1C, 0x23, 0xF4, 0xFB, 0x06, 0xD9, 0x64,
        0xAB, 0x8F, 0x19, 0x13, 0xA6, 0xCA, 0x17, 0xE4, 0xCA, 0x60, 0xD6, 0xBC, 0x07, 0x8E, 0x17,
        0x84, 0xF8, 0x9C, 0x67, 0x3C, 0x91, 0xD9, 0x55, 0xBC, 0xF4, 0x5F, 0x58, 0xCA, 0x97, 0x09,
        0x57, 0x9D, 0x5E, 0x38, 0x31, 0xDF, 0x12, 0xCF, 0xDB, 0x75, 0x16, 0xFD, 0x21, 0x87, 0x8C,
        0xB5, 0x42, 0x43, 0x57, 0x9B, 0x93, 0x46, 0xD2, 0xDE, 0x4B, 0xE2, 0x5F, 0x50, 0x8E, 0x84,
        0xB1, 0xAD, 0xC7, 0x8C, 0xB9, 0x1C, 0x03, 0xDA, 0x3C, 0x4F, 0xD5, 0x9E, 0x45, 0x29, 0x18,
        0x98, 0x38, 0xF7, 0x4F, 0x63, 0x12, 0x82, 0x06, 0x20, 0xA5, 0x99, 0x6B, 0x79, 0x1F, 0xFC,
        0xB3, 0x32, 0xF8, 0x47, 0x09, 0x46, 0x13, 0xF2, 0x14, 0x8B, 0x86, 0x20, 0x34, 0xFA, 0x89,
        0xD0, 0xD0, 0xFF, 0x18, 0x08, 0xD9, 0x02, 0xC5, 0xD1, 0xAF, 0x64, 0xD5, 0x52, 0x24, 0x92,
        0xD6, 0x1E, 0xCD, 0xE4, 0xC7, 0x3B, 0xE8, 0x9A, 0x33, 0x78, 0x2C, 0xEF, 0x1A, 0xCC, 0x1D,
        0xC3, 0x27, 0xFB, 0x2E, 0xB9, 0xD1, 0x76, 0x42, 0x20, 0x9B, 0x85, 0xAA, 0x8B, 0x1D, 0xC5,
        0x7C, 0xBF, 0x06, 0x7C, 0x7A, 0xA2, 0x9D, 0xA6, 0xB7, 0xE1, 0x57, 0xD2, 0x3E, 0x17, 0x1D,
        0x3A, 0xE6, 0xF3, 0x85, 0x58, 0x34, 0x07, 0x17, 0x91, 0x40, 0x2C, 0x85, 0x1F, 0xF2, 0xDD,
        0x67, 0x10, 0x99, 0x79, 0xF7, 0xEE, 0x5E, 0x09, 0xE6, 0x4B, 0x4E, 0xEF, 0xDE, 0xE7, 0x11,
        0x2B, 0x55, 0xCE, 0x20, 0x0B, 0xB8, 0xC8, 0x05, 0x1E, 0x34, 0x28, 0xC3, 0x05, 0xFA, 0x1D,
        0x57, 0x6B, 0xFF, 0xBB, 0x25, 0xA7, 0x0E, 0xB5, 0x71, 0x16, 0x8F, 0xC6, 0x0D, 0xAD, 0xD9,
        0x28, 0xB1, 0x0C, 0xFD, 0x07, 0xDE, 0x80, 0xA8, 0x5B, 0x8D, 0xF3, 0xED, 0xC3, 0x72, 0xD4,
        0x88, 0xC2, 0x1F, 0x0D, 0x57, 0x87, 0x61, 0x1C, 0xC6, 0xFB, 0x73, 0xAE, 0xEB, 0x6F, 0x92,
        0x0A, 0x10, 0x92, 0x94, 0xB4, 0x9D, 0x38, 0x70, 0xF9, 0x0D, 0xE3, 0xB3, 0x60, 0xD1, 0x4D,
        0xF7, 0x7E, 0xF9, 0x56, 0x40, 0xBC, 0xAC, 0x7A, 0x4D, 0xBC, 0xA9, 0x01, 0xA3, 0x1D, 0xB8,
        0x3E, 0x83, 0xF5, 0xC5, 0x9C, 0xE3, 0x27, 0x20, 0x7E, 0xA9, 0xB2, 0x7C, 0x3B, 0x97, 0x8D,
        0x30, 0xD5, 0x38, 0x65, 0xC1, 0xB8, 0x47, 0x64, 0xF0, 0x25, 0xE8, 0x73, 0x2D, 0x50, 0x07,
        0x55, 0x4C, 0xE5, 0xC9, 0xCC, 0x41, 0x0B, 0x2E, 0xEF, 0xD7, 0xE4, 0xD9, 0x90, 0xC5, 0x38,
        0x55, 0x76, 0x06, 0xA6, 0xBC, 0x47, 0x57, 0x7A, 0x43, 0x76, 0x8D, 0x30, 0xAA, 0x3E, 0x85,
        0x98, 0xFD, 0x6F, 0x4F, 0xE7, 0xAC, 0x43, 0x9F, 0x39, 0x31, 0xC5, 0x8F, 0xD6, 0x9D, 0x90,
        0x76, 0x5A, 0xC9, 0xF4, 0x56, 0xAC, 0x7D, 0xE0, 0x85, 0xE1, 0x4A, 0x08, 0x98, 0xC4, 0x55,
        0x7F, 0x5D, 0x3B, 0xAA, 0xAE, 0x07, 0xED, 0xC6, 0x07, 0xDE, 0x69, 0x00, 0x14, 0x6B, 0x97,
        0xB3, 0x5A, 0xAE, 0x57, 0x01, 0x53, 0xDC, 0x10, 0x78, 0x15, 0xEF, 0x9F, 0xEB, 0xDD, 0x4F,
        0xD5, 0x67, 0xD6, 0x37, 0xFE, 0xE8, 0xF8, 0xBF, 0xB4, 0xB3, 0x41, 0x3E, 0xA6, 0xAE, 0xAD,
        0x48, 0x46, 0xAB, 0x73, 0x3A, 0x04, 0xF1, 0xE4, 0xBC, 0x32, 0xA3, 0xBB, 0xB1, 0xC1, 0x6B,
        0xAF, 0x8D, 0x0B, 0xDB, 0x9C, 0xCB, 0x82, 0xFE, 0x46, 0x47, 0x9C, 0xCF, 0xD0, 0x40, 0xB5,
        0xE6, 0x40, 0x64, 0xE5, 0x39, 0xB3, 0x9C, 0x66, 0xE4, 0x50, 0x1D, 0xC8, 0x22, 0x87, 0x3A,
        0xC6, 0x11, 0x9A, 0x4A, 0x11, 0x2A, 0x1F, 0x7C, 0xD6, 0xDF, 0x0E, 0x5F, 0x84, 0x35, 0x6C,
        0xE8, 0x53, 0xCE, 0xD3, 0x4C, 0xE6, 0x9A, 0x9E, 0x73, 0x83, 0x53, 0x49, 0x83, 0xC5, 0x1C,
        0x50, 0x26, 0x9B, 0xF8, 0xB9, 0x58, 0x6A, 0x0E, 0x5B, 0xA9, 0x05, 0xFD, 0x3B, 0xCE, 0x08,
        0x0B, 0x00, 0xE7, 0xF7, 0xD4, 0x8E, 0x55, 0xF4, 0x89, 0x47, 0x9B, 0x57, 0x71, 0xE9, 0x95,
        0xFB, 0x02, 0x0E, 0x58, 0xFE, 0xB7, 0x4A, 0xF6, 0x5C, 0x3E, 0xE7, 0x6A, 0xA4, 0xE6, 0x9B,
        0x5B, 0xA8, 0xBD, 0xA2, 0x49, 0xA1, 0xB2, 0xD6, 0x2C, 0x08, 0xD4, 0x18, 0xC3, 0x63, 0x5D,
        0x06, 0x18, 0x46, 0x04, 0x08, 0x43, 0x99, 0x1A, 0xB4, 0x75, 0x47, 0x3D, 0xA8, 0x5D, 0x94,
        0x98, 0x1F, 0xB8, 0x44, 0x25, 0xE7, 0xAD, 0x95, 0x1C, 0xE0, 0xA4, 0x2B, 0xE6, 0x42, 0xFE,
        0x65, 0x8B, 0x7A, 0xAA, 0xE7, 0x2B, 0x14, 0x7C, 0xDC, 0x08, 0x6C, 0x24, 0xB1, 0x57, 0x1E,
        0xB2, 0x27, 0x2E, 0x2A, 0x72, 0xB1, 0x56, 0x60, 0xD8, 0x54, 0xEB, 0xE1, 0x9E, 0xC7, 0xD9,
        0xAB, 0x7E, 0xA1, 0x78, 0x00, 0xD0, 0xB6, 0xAE, 0x72, 0x7B, 0x39, 0x21, 0x74, 0x67, 0xC6,
        0x62, 0xBA, 0x08, 0xE6, 0xF1, 0x91, 0x93, 0x95, 0x1E, 0xEF, 0xF0, 0x28, 0x06, 0xA7, 0x84,
        0x3E, 0xB5, 0xC7, 0x1B, 0x2F, 0x04, 0xDC, 0xB6, 0x05, 0xEC, 0xED, 0xC5, 0x12, 0x8C, 0xD6,
        0x77, 0x03, 0x03, 0x8C, 0x44, 0xBF, 0x20, 0xFE, 0x06, 0xF3, 0xED, 0x8C, 0x13, 0x68, 0xFE,
        0x38, 0xE7, 0x29, 0x44, 0xD5, 0xC5, 0x2F, 0xCA, 0x46, 0xA4, 0x5F, 0xD4, 0x8D, 0x8F, 0xE5,
        0xDA, 0x64, 0x18, 0x3D, 0x4D, 0x62, 0xEC, 0x01, 0xAA, 0x3D, 0x9D, 0x67, 0x2E, 0xC6, 0x7A,
        0x01, 0xC1, 0x7F, 0x21, 0xE0, 0x25, 0x25, 0xF0, 0x51, 0x3C, 0xCE, 0x03, 0x0C, 0x66, 0x4F,
        0xC8, 0x78, 0x47, 0x63, 0x08, 0x66, 0x08, 0xBC, 0x80, 0x99, 0xC2, 0x04, 0xC2, 0x55, 0xFF,
        0xED, 0x1D, 0xAF, 0x43, 0x2C, 0xEB, 0x45, 0xFB, 0xD1, 0x35, 0xE2, 0x1E, 0x81, 0x90, 0xC5,
        0xBF, 0xEE, 0x19, 0x21, 0x71, 0xFA, 0xA7, 0x75, 0x20, 0x48, 0x1E, 0x69, 0xE8, 0x7B, 0x7F,
        0x76, 0x79, 0x0B, 0xEF, 0x76, 0xCB, 0x8D, 0x3C, 0x88, 0xF5, 0xC6, 0xE3, 0x2F, 0xC5, 0x9E,
        0x7B, 0xD4, 0x53, 0x51, 0xD6, 0x66, 0x96, 0xB6, 0x1D, 0x9F, 0x40, 0x72, 0x6F, 0xB9, 0xA9,
        0x80, 0x00, 0xB6, 0x87, 0x38, 0xCF, 0x7E, 0x34, 0xB9, 0x8B, 0x6A, 0x4A, 0xAA, 0x2A, 0xC1,
        0xD7, 0xB1, 0x40, 0x7D, 0xB8, 0x97, 0x83, 0xF8, 0x07, 0x71, 0x03, 0xEA, 0x9C, 0x9E, 0x89,
        0x24, 0x7E, 0xAE, 0x07, 0x8A, 0xDF, 0xB3, 0x6E, 0x21, 0x47, 0x4C, 0x3B, 0xB1, 0xFE, 0x0C,
        0x87, 0x68, 0x7C, 0x62, 0x33, 0xA5, 0x33, 0xA0, 0x1E, 0x10, 0x81, 0xB9, 0x3A, 0x35, 0x21,
        0xD3, 0x39, 0xF3, 0x9C, 0x07, 0x56, 0x09, 0xBA, 0xCE, 0x53, 0x19, 0x94, 0x98, 0x8A, 0xE3,
        0x14, 0xF7, 0x7F, 0xC6, 0x03, 0x41, 0x13, 0xA1, 0x38, 0xC6, 0x7E, 0xB7, 0xE0, 0x37, 0x50,
        0xCB, 0xEC, 0x8D, 0x28, 0xBD, 0x21, 0xAF, 0xED, 0xFE, 0xFA, 0x8F, 0x09, 0x16, 0x19, 0xAE,
        0x50, 0x0B, 0x4C, 0xA4, 0x59, 0x9D, 0x01, 0x9D, 0xC8, 0xCA, 0x4B, 0xF1, 0x18, 0xD7, 0x0B,
        0x86, 0x76, 0xDF, 0xC7, 0x96, 0xA4, 0xF6, 0xD9, 0x86, 0xAD, 0xBA, 0x4C, 0x85, 0x74, 0xED,
        0x4A, 0xBA, 0xEA, 0x54, 0x65, 0x46, 0x62, 0x20, 0xE5, 0xE5, 0x3D, 0xC8, 0xFC, 0xB3, 0x95,
        0xD1, 0xE5, 0x9D, 0x27, 0x86, 0x73, 0xCB, 0xC4, 0xE3, 0xF4, 0x06, 0x58, 0xDF, 0x98, 0xAC,
        0x2F, 0xD1, 0x26, 0xA9, 0x49, 0x22, 0x87, 0x9E, 0x1A, 0x3B, 0xE9, 0x1C, 0x1A, 0xCC, 0x20,
        0x80, 0x3C, 0x35, 0xFA, 0x76, 0x4A, 0xBB, 0xAD, 0xAB, 0x07, 0xBD, 0xE8, 0x5F, 0xF4, 0xBD,
        0x9E, 0x0F, 0xB6, 0xF0, 0x6B, 0xAF, 0x5B, 0xF4, 0x2B, 0x8A, 0x2C, 0xBF, 0x6C, 0x2F, 0x62,
        0x60, 0x6B, 0xEC, 0xC3, 0x61, 0x55, 0x29, 0x21, 0xA1, 0x2D, 0x6C, 0x82, 0x36, 0xFD, 0xE8,
        0x4D, 0xB4, 0xBD, 0xDA, 0xC7, 0x7E, 0x88, 0x72, 0x47, 0x8C, 0xFF, 0xC4, 0xE1, 0x48, 0xC1,
        0xC7, 0xAC, 0xFE, 0xDF, 0x6B, 0x17, 0xD9, 0x87, 0x31, 0xC2, 0xDE, 0x36, 0xF3, 0xCB, 0xEF,
        0x1F, 0x6F, 0x78, 0x1A, 0x94, 0x0E, 0x08, 0x74, 0xD5, 0xB7, 0x45, 0x35, 0xBB, 0xE0, 0x66,
        0xB5, 0x30, 0x64, 0xD4, 0x3B, 0x13, 0x92, 0x65, 0x70, 0xA9, 0xE1, 0xC4, 0xE6, 0xDA, 0x20,
        0x6C, 0x8B, 0xD2, 0x52, 0xCA, 0xF2, 0xB6, 0x2E, 0x7D, 0x22, 0x3F, 0x7A, 0xC1, 0x29, 0x39,
        0x13, 0x7F, 0x33, 0x0B, 0xE5, 0x93, 0x74, 0xD7, 0x29, 0x5A, 0x6C, 0x2D, 0xFF, 0x92, 0xE0,
        0x7C, 0x72, 0x75, 0x10, 0xE4, 0x8D, 0x97, 0x05, 0x93, 0xE4, 0x72, 0x29, 0xFC, 0x8B, 0xC3,
        0xBD, 0x5B, 0x8E, 0xA7, 0x80, 0xDA, 0xCF, 0xF4, 0xD2, 0x30, 0x63, 0xDF, 0x65, 0xFE, 0xDA,
        0x5F, 0x8F, 0x65, 0xB1, 0x7A, 0x33, 0x3E, 0x53, 0x2A, 0xCA, 0xD7, 0x91, 0x67, 0x80, 0xC7,
        0x4D, 0x6A, 0x70, 0xD3, 0x8B, 0x36, 0x7F, 0x3F, 0x6F, 0x4E, 0x94, 0x7B, 0x85, 0xFC, 0x15,
        0x23, 0x5B, 0xBE, 0x46, 0xB2, 0x64, 0x95, 0xD2, 0x78, 0x00, 0x98, 0xDB, 0x85, 0x3A, 0x93,
        0x13, 0x77, 0xCF, 0xBE, 0xDE, 0xA6, 0x20, 0xF2, 0x35, 0x5C, 0xA2, 0x1E, 0x81, 0xCE, 0x9E,
        0x00, 0x78, 0xB0, 0xDD, 0x6C, 0xB7, 0x0F, 0x23, 0xED, 0x55, 0x86, 0x82, 0xBE, 0x3B, 0x3D,
        0x59, 0x4E, 0xEF, 0xE8, 0x53, 0x44, 0xE1, 0xF2, 0x75, 0x42, 0x8B, 0x31, 0x6C, 0xC0, 0x88,
        0x99, 0x59, 0x39, 0x29, 0x8F, 0x2A, 0x2D, 0x15, 0xAC, 0x9B, 0x67, 0x6A, 0xC3, 0xE9, 0xCB,
        0x92, 0xF2, 0xA6, 0x4D, 0xEC, 0x77, 0x32, 0xA9, 0x1F, 0xC7, 0x61, 0xAA, 0x1B, 0x12, 0x6E,
        0xA5, 0x75, 0xE3, 0x95, 0x31, 0x77, 0xDA, 0x6E, 0x1C, 0xD7, 0x8F, 0xAE, 0xA8, 0x24, 0x66,
        0x53, 0x30, 0xA8, 0x1D, 0x9E, 0x24, 0x57, 0x2B, 0x98, 0x60, 0xBF, 0x0A, 0xBA, 0x4D, 0xF8,
        0xBD, 0x5D, 0x4E, 0x3E, 0x2C, 0x72, 0xBB, 0xFB, 0xB2, 0xA9, 0x85, 0xC7, 0xAE, 0x2F, 0x07,
        0x79, 0x51, 0xFE, 0x84, 0x01, 0xE1, 0xD1, 0x56, 0xEC, 0xAD, 0xA1, 0xE3, 0x53, 0x81, 0x7B,
        0x20, 0xF4, 0x1E, 0x0B, 0x24, 0x60, 0xA0, 0xCA, 0xAF, 0x2B, 0x36, 0xD6, 0xA7, 0xF1, 0xB3,
        0x51, 0x25, 0xD7, 0x97, 0xDC, 0xC7, 0x14, 0x42, 0x10, 0x27, 0xD1, 0x41, 0x71, 0x76, 0x5A,
        0x64, 0x60, 0x71, 0xED, 0x95, 0x2B, 0x6A, 0x52, 0x94, 0xEE, 0xCF, 0x6A, 0x3A, 0x71, 0xC1,
        0x04, 0xC8, 0x43, 0xA4, 0xA8, 0xB3, 0xEF, 0xCC, 0x27, 0x46, 0x7B, 0x20, 0xCB, 0x0A, 0x94,
        0xAB, 0xF5, 0x80, 0x22, 0x29, 0xEA, 0x4D, 0x83, 0x12, 0x78, 0x3E, 0x78, 0x79, 0x1A, 0x50,
        0xB3, 0xC0, 0xA8, 0x8F, 0xE6, 0x49, 0x71, 0x98, 0xCD, 0x4B, 0xF4, 0x70, 0xDA, 0xC4, 0x6F,
        0x34, 0xE5, 0x00, 0x19, 0xFD, 0xEE, 0x20, 0x40, 0xCF, 0xE9, 0x91, 0x24, 0xB3, 0x12, 0xB1,
        0x12, 0x2B, 0x83, 0xE5, 0x1D, 0x87, 0x88, 0x77, 0xCE, 0xC0, 0x85, 0x5F, 0x11, 0x58, 0xC4,
        0x45, 0xCF, 0xDC, 0x22, 0x53, 0xF4, 0x38, 0x9D, 0x5E, 0x3A, 0x8B, 0xA1, 0x66, 0x9A, 0xBB,
        0x59, 0x76, 0xA4, 0x61, 0x7E, 0x85, 0xF5, 0x43, 0xDA, 0x9F, 0x5E, 0x30, 0xB1, 0x0C, 0xA7,
        0x48, 0x1C, 0x81, 0x85, 0x39, 0x27, 0x82, 0xB4, 0x6F, 0xB0, 0xA0, 0xE5, 0xAB, 0x40, 0x8B,
        0x29, 0x45, 0xE3, 0xC7, 0x9A, 0x1C, 0xC4, 0x9F, 0xB7, 0xC2, 0x72, 0x54, 0xA9, 0xB5, 0x40,
        0xE7, 0x39, 0x7A, 0x5B, 0x65, 0x5B, 0xF7, 0xE4, 0xF8, 0x31, 0x84, 0xDB, 0x32, 0xA1, 0x28,
        0xAA, 0x2E, 0x00, 0xA6, 0x24, 0xD7, 0xDC, 0xD6, 0xB7, 0x7E, 0xFD, 0x15, 0x1F, 0x1E, 0x5C,
        0xBA, 0x88, 0x90, 0xAF, 0x91, 0x70, 0xFA, 0x06, 0xC5, 0x55, 0x71, 0x5D, 0xC1, 0x78, 0x7E,
        0x99, 0x5A, 0xD1, 0x92, 0x70, 0x97, 0x3A, 0xE9, 0x5B, 0x88, 0xDC, 0xAF, 0xDA, 0xF6, 0x2C,
        0x28, 0x84, 0x3D, 0x3F, 0x8B, 0x9C, 0x78, 0xDC, 0x8E, 0x37, 0xD9, 0x11, 0xDA, 0xB3, 0xF7,
        0xEE, 0x9D, 0x4C, 0x73, 0x89, 0xC6, 0x54, 0xBD, 0xCF, 0xC0, 0x50, 0x56, 0xB3, 0x60, 0x02,
        0x01, 0x40, 0xE5, 0x7E, 0x31, 0x47, 0x32, 0x58, 0xA4, 0x08, 0x1E, 0x2A, 0x70, 0x8F, 0x7C,
        0xAB, 0xA9, 0x0C, 0x35, 0x6D, 0x08, 0x47, 0x09, 0x8F, 0xC0, 0x76, 0x24, 0x84, 0x08, 0x6A,
        0xBA, 0x89, 0x8A, 0x60, 0xB0, 0x23, 0xD6, 0xA3, 0x06, 0x04, 0x02, 0x40, 0x62, 0x40, 0x74,
        0x87, 0x85, 0xD5, 0x1C, 0xAF, 0xF5, 0x2A, 0x0E, 0xF3, 0xDC, 0x2A, 0x45, 0xDA, 0xDF, 0x80,
        0xAC, 0x18, 0x50, 0x2D, 0x24, 0x42, 0x2A, 0x8C, 0xBB, 0x10, 0x19, 0x2B, 0x88, 0xF4, 0xE9,
        0x16, 0x02, 0x06, 0xB2, 0xED, 0x3E, 0x04, 0x11, 0x4F, 0x2A, 0x33, 0x9D, 0xF2, 0x69, 0xE2,
        0xC3, 0x6B, 0x86, 0x13, 0xCE, 0x37, 0x08, 0x74, 0x71, 0x70, 0x17, 0x55, 0x33, 0x0C, 0xB5,
        0x59, 0x57, 0x53, 0x66, 0xEE, 0x0F, 0xA2, 0xD3, 0xAF, 0xCD, 0xA3, 0x2E, 0xED, 0xE6, 0xDD,
        0x90, 0x63, 0x45, 0xDA, 0xAA, 0x04, 0x81, 0x21, 0x98, 0xE9, 0x6C, 0x42, 0x23, 0x9C, 0x24,
        0x2E, 0xDB, 0x90, 0x05, 0x97, 0x09, 0xF4, 0x97, 0xDA, 0x5B, 0x87, 0x70, 0x53, 0x84, 0xAE,
        0xF2, 0xAF, 0x22, 0xDC, 0x2E, 0xDF, 0xEF, 0x3C, 0x00, 0xD8, 0xC9, 0x15, 0x6D, 0x8B, 0x31,
        0x63, 0xFE, 0x7A, 0x77, 0x79, 0xE0, 0x4F, 0x04, 0x91, 0x1A, 0x8B, 0x93, 0x4F, 0xB3, 0x07,
        0x2E, 0xEE, 0x84, 0x44, 0x84, 0xFE, 0xDE, 0x5E, 0x2E, 0xE9, 0x6D, 0x33, 0x8E, 0xEF, 0xE2,
        0xDA, 0x98, 0x60, 0x67, 0xFF, 0xE0, 0x21, 0x8A, 0xDA, 0x7D, 0xE1, 0xD0, 0xE4, 0x2D, 0x82,
        0x3D, 0x6B, 0x03, 0x39, 0x18, 0x27, 0x88, 0x88, 0xBA, 0x06, 0x08, 0xAB, 0x8F, 0x7B, 0xE9,
        0x97, 0xBD, 0xF2, 0x63, 0x68, 0x9A, 0x36, 0xF5, 0x20, 0x4C, 0x80, 0x2A, 0xD8, 0x36, 0x36,
        0x37, 0x79, 0xB4, 0xB0, 0xD6, 0xCE, 0x50, 0x83, 0xDF, 0x0B, 0x98, 0xA2, 0xE2, 0xC7, 0x00,
        0x06, 0x2A, 0x4F, 0xA5, 0xE5, 0x7B, 0xC7, 0x3B, 0xD4, 0x53, 0x57, 0xE0, 0x1D, 0x90, 0xC7,
        0x95, 0x4B, 0xC6, 0x90, 0x4D, 0x1C, 0xE8, 0x16, 0x6A, 0x91, 0x68, 0xDA, 0x39, 0xA6, 0x0C,
        0x5C, 0xAE, 0x81, 0x19, 0xBB, 0x6B, 0x9A, 0xB0, 0x74, 0xFB, 0x2D, 0x0A, 0xEE, 0x38, 0x4F,
        0xC2, 0xC0, 0xE4, 0x80, 0x68, 0x11, 0xD6, 0x00, 0x2B, 0x4E, 0x24, 0x01, 0xE7, 0x43, 0x0B,
        0x50, 0xCB, 0x0E, 0x80, 0x75, 0xF3, 0x3D, 0x53, 0x86, 0xAE, 0xCD, 0xE2, 0x56, 0xE1, 0x69,
        0xD9, 0x5E, 0x2F, 0x9C, 0x65, 0x56, 0xC0, 0x8B, 0xA0, 0x42, 0xE6, 0x8A, 0x53, 0xCE, 0x8A,
        0xCA, 0x9C, 0xC0, 0x28, 0x18, 0xF7, 0x38, 0x2F, 0x15, 0x0D, 0xC0, 0x4D, 0xE0, 0x01, 0x9B,
        0x19, 0xC7, 0xA3, 0xAB, 0x0D, 0x72, 0xD6, 0xED, 0x01, 0x3D, 0x7A, 0x11, 0x5D, 0x74, 0xB2,
        0x79, 0xF7, 0x1F, 0xD6, 0xEF, 0xFE, 0xF3, 0x40, 0x49, 0x87, 0x7E, 0x0B, 0x11, 0xE0, 0x65,
        0x9B, 0xE9, 0x38, 0xA5, 0xDE, 0x68, 0x4E, 0xAF, 0x23, 0x51, 0x30, 0x95, 0xEB, 0x4A, 0x1B,
        0xDF, 0x53, 0x6C, 0x3C, 0x01, 0xA4, 0x65, 0x5C, 0x4B, 0x4A, 0x06, 0x73, 0x21, 0x4C, 0xEF,
        0x29, 0xA4, 0x81, 0xD0, 0x6A, 0x02, 0xCC, 0x9A, 0x5B, 0xFC, 0x7B, 0x8D, 0x84, 0x6C, 0x33,
        0x48, 0x4C, 0xD6, 0x7B, 0x1D, 0xE9, 0x8F, 0x60, 0xB6, 0x99, 0x18, 0xF1, 0x77, 0xB6, 0x45,
        0x58, 0xCA, 0x56, 0x7A, 0x62, 0x37, 0xD3, 0x5F, 0xF0, 0x17, 0x71, 0xA4, 0x23, 0x20, 0xCE,
        0x02, 0xBB, 0x98, 0xF3, 0xE4, 0xAD, 0x4A, 0xC7, 0xDB, 0x75, 0x61, 0x1B, 0xD9, 0x96, 0x1E,
        0xAC, 0x66, 0x2A, 0x38, 0xB1, 0xF7, 0x85, 0x97, 0x0C, 0x99, 0xF3, 0xDD, 0x10, 0x5F, 0xF5,
        0x86, 0xF6, 0x13, 0x01, 0xC4, 0x8D, 0x66, 0x70, 0x8C, 0xBF, 0x7D, 0x53, 0xA7, 0x33, 0xE3,
        0x57, 0xB6, 0xC2, 0x56, 0xE8, 0xB7, 0x3F, 0x0E, 0x13, 0x05, 0xA0, 0xBC, 0x13, 0x79, 0x89,
        0xE5, 0x21, 0x10, 0x0C, 0x2E, 0xE6, 0x25, 0x9E, 0x60, 0x7F, 0xE1, 0x21, 0x98, 0xE8, 0xBC,
        0xB9, 0x88, 0xB0, 0x85, 0x46, 0x68, 0xE4, 0x0D, 0x7C, 0xAE, 0x6A, 0xDC, 0x3B, 0xA4, 0x0B,
        0xA1, 0x21, 0xB7, 0x31, 0x9D, 0x06, 0xD9, 0x88, 0xA0, 0x73, 0xD0, 0x30, 0x97, 0xB9, 0xF5,
        0xC1, 0xC0, 0x72, 0x84, 0xB6, 0x47, 0x3A, 0xE5, 0x7B, 0xF1, 0x54, 0x81, 0x1B, 0x77, 0xBA,
        0xCE, 0xB0, 0x41, 0x2B, 0x8A, 0x69, 0x83, 0xBD, 0xD0, 0xCC, 0xD9, 0xE3, 0xBF, 0x01, 0x4E,
        0x52, 0x00, 0x09, 0xCB, 0x26, 0xD5, 0x78, 0x0E, 0xAB, 0xEF, 0x1B, 0xBA, 0xFA, 0x5E, 0x25,
        0xD4, 0x10, 0x98, 0xA5, 0x4C, 0x47, 0xFC, 0xE8, 0xB6, 0x8D, 0x39, 0x52, 0x91, 0xD5, 0x42,
        0x84, 0xD3, 0x3A, 0xA5, 0x0B, 0x96, 0x64, 0xD1, 0x51, 0x0B, 0x46, 0x7C, 0x8A, 0x53, 0x93,
        0x61, 0xCA, 0x9A, 0x44, 0x48, 0xBC, 0x01, 0xFC, 0xB4, 0xC4, 0xE3, 0xEF, 0x47, 0x5E, 0x8A,
        0xFB, 0x46, 0xA4, 0x94, 0xAE, 0x13, 0xEE, 0x9E, 0xA8, 0xA1, 0x26, 0x68, 0x25, 0xFB, 0xA7,
        0xF3, 0x2B, 0x97, 0x12, 0xFD, 0xE2, 0x52, 0x69, 0x8A, 0x68, 0x35, 0x9B, 0x50, 0x14, 0x1D,
        0x90, 0xF5, 0xC4, 0xA0, 0x62, 0x83, 0xDD, 0xB5, 0x4A, 0xD7, 0xE1, 0x41, 0x2A, 0xC5, 0xEB,
        0xB1, 0x25, 0x01, 0xF7, 0xA8, 0x2B, 0x2A, 0x7F, 0x27, 0xB2, 0xDB, 0xAB, 0x62, 0x6C, 0x3D,
        0xB4, 0x07, 0x45, 0x23, 0xB3, 0x21, 0x1D, 0x31, 0x82, 0xEA, 0x26, 0x13, 0x97, 0xA6, 0xF7,
        0xB1, 0x87, 0xCF, 0x2B, 0x8A, 0x35, 0x6D, 0xED, 0x10, 0x81, 0x2F, 0x1D, 0x30, 0x51, 0x69,
        0xAE, 0xDF, 0x79, 0xB5, 0xFF, 0x1C, 0xF7, 0xC2, 0xD6, 0xE8, 0x6E, 0xE1, 0x1F, 0x28, 0xE9,
        0x6A, 0xA6, 0x3B, 0x5A, 0x03, 0xF5, 0x9F, 0xC9, 0x60, 0xAC, 0x7D, 0x05, 0x72, 0xE9, 0x1D,
        0xDA, 0x61, 0x90, 0x5C, 0x07, 0x11, 0xA9, 0xB2, 0x63, 0x44, 0xA2, 0xA1, 0x0A, 0xA2, 0x04,
        0x1F, 0x2B, 0x13, 0xCB, 0x1A, 0x9A, 0x9A, 0x27, 0x77, 0x4B, 0x6D, 0x0D, 0xED, 0xDC, 0x9D,
        0x81, 0xEA, 0x1B, 0x14, 0x2A, 0xD7, 0xB7, 0x2B, 0xE4, 0x79, 0x91, 0xF2, 0xC9, 0x26, 0x1D,
        0x67, 0x08, 0x15, 0x6E, 0x38, 0xD0, 0x0B, 0x07, 0x40, 0x20, 0x76, 0x6E, 0xB0, 0xC4, 0x94,
        0x39, 0x2D, 0x65, 0xB8, 0x2C, 0xA6, 0x5F, 0x7C, 0x33, 0x52, 0xF9, 0xBB, 0x78, 0x32, 0x5E,
        0xCB, 0x6D, 0xF5, 0x96, 0xC8, 0xAE, 0x57, 0x82, 0x6B, 0x08, 0xCC, 0xD6, 0xF1, 0xD5, 0x29,
        0xD2, 0xE2, 0x59, 0x25, 0xC1, 0xAC, 0x97, 0x24, 0x25, 0xBE, 0xDE, 0xB8, 0x8A, 0x5D, 0x0E,
        0x31, 0x38, 0xDD, 0xC4, 0x34, 0xDA, 0x34, 0x62, 0xEB, 0xDF, 0x6B, 0x12, 0x39, 0xA2, 0x1F,
        0x14, 0x1E, 0xC6, 0x2C, 0xBE, 0x4B, 0xB9, 0x93, 0xBA, 0x25, 0x3B, 0x55, 0xA7, 0x6D, 0x30,
        0xFA, 0xC1, 0x9C, 0x2C, 0x13, 0x84, 0xEF, 0x6B, 0x97, 0x46, 0xC0, 0x77, 0x87, 0xAA, 0x1F,
        0xE9, 0x13, 0xA1, 0x34, 0x83, 0x90, 0xBD, 0x8C, 0x1F, 0x38, 0x6A, 0x08, 0xC7, 0x7C, 0xF7,
        0x10, 0x6C, 0x92, 0x7C, 0xE2, 0x4D, 0xFF, 0xC9, 0xD6, 0xEE, 0x1B, 0x32, 0x35, 0x4D, 0x95,
        0xED, 0x29, 0x23, 0x48, 0x25, 0x31, 0xDE, 0x6B, 0x39, 0x0B, 0xF0, 0xF5, 0xEB, 0x80, 0x27,
        0x6E, 0x90, 0xE7, 0xED, 0x11, 0x13, 0x1C, 0x84, 0x8B, 0xBA, 0xBE, 0xC4, 0xD3, 0x17, 0x23,
        0x62, 0x69, 0xA0, 0xA3, 0xA7, 0xCB, 0xE0, 0xF1, 0x27, 0x2F, 0x93, 0x94, 0x9C, 0xA6, 0xD2,
        0x3E, 0xA2, 0xA7, 0xEE, 0x3F, 0x69, 0x77, 0x91, 0xAA, 0xB7, 0x15, 0x33, 0x42, 0x30, 0x66,
        0xD4, 0x00, 0x00, 0x00, 0x00, 0x00, 0x00, 0x00, 0x00, 0x00, 0x00, 0x00, 0x00, 0x00, 0x00,
        0x00, 0x00, 0x00, 0x00, 0x00, 0x00, 0x00, 0x00, 0x00, 0x00, 0x00, 0x00, 0x00, 0x00, 0x05,
        0x0E, 0x18, 0x1F, 0x23, 0x29, 0x2C, 0x2F,
    ];

    measure(|| {
        let pk_expanded = MLDSA87PublicKeyExpanded::from(&pk);
        if MLDSA87::verify_with_expanded_key(&pk_expanded, msg, None, &sig).is_ok() {
            eprintln!("Verification succeeded!");
        } else {
            panic!("Verification failed! -- figure that out");
        }
    });
}

/// Loads the public key for the matching verify bench. See [`load_mldsa44_sk`] for why this is
/// `#[inline(never)]`.
#[inline(never)]
fn load_mldsa87_lowmemory_pk() -> bouncycastle::mldsa_lowmemory::MLDSA87PublicKey {
    use bouncycastle::mldsa_lowmemory::MLDSA87PublicKey;

    MLDSA87PublicKey::from_bytes(&[
        0x97, 0x92, 0xBC, 0xEC, 0x2F, 0x24, 0x30, 0x68, 0x6A, 0x82, 0xFC, 0xCF, 0x3C, 0x2F, 0x5F,
        0xF6, 0x65, 0xE7, 0x71, 0xD7, 0xAB, 0x41, 0xB9, 0x02, 0x58, 0xCF, 0xA7, 0xE9, 0x0E, 0xC9,
        0x71, 0x24, 0xA7, 0x3B, 0x32, 0x3B, 0x9B, 0xA2, 0x1A, 0xB6, 0x4D, 0x76, 0x7C, 0x43, 0x3F,
        0x5A, 0x52, 0x1E, 0xFF, 0xE1, 0x8F, 0x86, 0xE4, 0x6A, 0x18, 0x89, 0x52, 0xC4, 0x46, 0x7E,
        0x04, 0x8B, 0x72, 0x9E, 0x7F, 0xC4, 0xD1, 0x15, 0xE7, 0xE4, 0x8D, 0xA1, 0x89, 0x6D, 0x5F,
        0xE1, 0x19, 0xB1, 0x0D, 0xCD, 0xDE, 0xF6, 0x2C, 0xB3, 0x07, 0x95, 0x40, 0x74, 0xB4, 0x23,
        0x36, 0xE5, 0x28, 0x36, 0xDE, 0x61, 0xDA, 0x94, 0x1F, 0x8D, 0x37, 0xEA, 0x68, 0xAC, 0x81,
        0x06, 0xFA, 0xBE, 0x19, 0x07, 0x06, 0x79, 0xAF, 0x60, 0x08, 0x53, 0x71, 0x20, 0xF7, 0x07,
        0x93, 0xB8, 0xEA, 0x9C, 0xC0, 0xE6, 0xE7, 0xB7, 0xB4, 0xC9, 0xA5, 0xC7, 0x42, 0x1C, 0x60,
        0xF2, 0x44, 0x51, 0xBA, 0x1E, 0x93, 0x3D, 0xB1, 0xA2, 0xEE, 0x16, 0xC7, 0x95, 0x59, 0xF2,
        0x1B, 0x3D, 0x1B, 0x83, 0x05, 0x85, 0x0A, 0xA4, 0x2A, 0xFB, 0xB1, 0x3F, 0x1F, 0x4D, 0x5B,
        0x9F, 0x48, 0x35, 0xF9, 0xD8, 0x7D, 0xFC, 0xEB, 0x16, 0x2D, 0x0E, 0xF4, 0xA7, 0xFD, 0xC4,
        0xCB, 0xA1, 0x74, 0x3C, 0xD1, 0xC8, 0x7B, 0xB4, 0x96, 0x7D, 0xA1, 0x6C, 0xC8, 0x76, 0x4B,
        0x65, 0x69, 0xDF, 0x8E, 0xE5, 0xBD, 0xCB, 0xFF, 0xE9, 0xA4, 0xE0, 0x57, 0x48, 0xE6, 0xFD,
        0xF2, 0x25, 0xAF, 0x9E, 0x4E, 0xEB, 0x77, 0x73, 0xB6, 0x2E, 0x8F, 0x85, 0xF9, 0xB5, 0x6B,
        0x54, 0x89, 0x45, 0x55, 0x18, 0x44, 0xFB, 0xD8, 0x98, 0x06, 0xA4, 0xAC, 0x36, 0x9B, 0xED,
        0x2D, 0x25, 0x61, 0x00, 0xF6, 0x88, 0xA6, 0xAD, 0x5E, 0x0A, 0x70, 0x98, 0x26, 0xDC, 0x44,
        0x49, 0xE9, 0x1E, 0x23, 0xC5, 0x50, 0x6E, 0x64, 0x23, 0x61, 0xEF, 0x5A, 0x31, 0x37, 0x12,
        0xF7, 0x9B, 0xC4, 0xB3, 0x18, 0x68, 0x61, 0xCA, 0x85, 0xA4, 0xBA, 0xB1, 0x7E, 0x7F, 0x94,
        0x3D, 0x1B, 0x8A, 0x33, 0x3A, 0xA3, 0xAE, 0x7C, 0xE1, 0x6B, 0x44, 0x0D, 0x60, 0x18, 0xF9,
        0xE0, 0x4D, 0xAF, 0x57, 0x25, 0xC7, 0xF1, 0xA9, 0x3F, 0xAD, 0x1A, 0x5A, 0x27, 0xB6, 0x78,
        0x95, 0xBD, 0x24, 0x9A, 0xA9, 0x16, 0x85, 0xDE, 0x20, 0xAF, 0x32, 0xC8, 0xB7, 0xE2, 0x68,
        0xC7, 0xF9, 0x68, 0x77, 0xD0, 0xC8, 0x50, 0x01, 0x13, 0x5A, 0x4F, 0x0A, 0x8F, 0x1B, 0x82,
        0x64, 0xFA, 0x6E, 0xBE, 0x5A, 0x34, 0x9D, 0x8A, 0xEC, 0xAD, 0x1A, 0x16, 0x29, 0x9C, 0xCF,
        0x2F, 0xD9, 0xC7, 0xB8, 0x5B, 0xAC, 0xE2, 0xCE, 0xD3, 0xAA, 0x12, 0x76, 0xBA, 0x61, 0xEE,
        0x78, 0xED, 0x7E, 0x5C, 0xA5, 0xB6, 0x7C, 0xDD, 0x45, 0x8A, 0x93, 0x54, 0x03, 0x0E, 0x6A,
        0xBB, 0xBA, 0xBF, 0x56, 0xA0, 0xA2, 0x31, 0x6F, 0xEC, 0x9D, 0xBA, 0x83, 0xB5, 0x1D, 0x42,
        0xFD, 0x31, 0x67, 0xF1, 0xE0, 0xF9, 0x08, 0x55, 0xD5, 0xC6, 0x65, 0x09, 0xB2, 0x10, 0x26,
        0x5D, 0xC1, 0xE5, 0x4E, 0xC4, 0x4B, 0x43, 0xBA, 0x7C, 0xF9, 0xAE, 0xF1, 0x18, 0xB4, 0x4D,
        0x80, 0x91, 0x2C, 0xE7, 0x51, 0x66, 0xA6, 0x65, 0x1E, 0x11, 0x6C, 0xEB, 0xE4, 0x92, 0x29,
        0xA7, 0x06, 0x2C, 0x09, 0x93, 0x1F, 0x71, 0xAB, 0xD2, 0x29, 0x3F, 0x76, 0xF7, 0xEF, 0xC3,
        0x21, 0x5B, 0xA9, 0x78, 0x00, 0x03, 0x7E, 0x58, 0xE4, 0x70, 0xBD, 0xBB, 0xB4, 0x3C, 0x1B,
        0x04, 0x39, 0xEA, 0xF7, 0x9C, 0x54, 0xD9, 0x3B, 0x44, 0xAA, 0xC9, 0xEF, 0xE9, 0xFB, 0xE1,
        0x51, 0x87, 0x4C, 0xFB, 0x2A, 0x64, 0xCB, 0xEE, 0x28, 0xCC, 0x4C, 0x0F, 0xE7, 0x77, 0x5E,
        0x5D, 0x87, 0x0F, 0x1C, 0x02, 0xE5, 0xB2, 0xE3, 0xC5, 0x00, 0x4C, 0x99, 0x5F, 0x24, 0xC9,
        0xB7, 0x79, 0xCB, 0x75, 0x3A, 0x27, 0x7D, 0x0E, 0x71, 0xFD, 0x42, 0x5E, 0xB6, 0xBC, 0x2C,
        0xA5, 0x6C, 0xE1, 0x29, 0xDB, 0x51, 0xF7, 0x07, 0x40, 0xF3, 0x1E, 0x63, 0x97, 0x6B, 0x50,
        0xC7, 0x31, 0x2E, 0x97, 0x97, 0xD7, 0x8C, 0x5B, 0x1A, 0xC2, 0x4A, 0x5F, 0xA3, 0x47, 0xCC,
        0x91, 0x6E, 0x0A, 0x83, 0xF5, 0xC3, 0xB6, 0x75, 0xCD, 0x30, 0xB8, 0x1E, 0x3F, 0xA1, 0x0B,
        0x93, 0x44, 0x4E, 0x07, 0x39, 0x75, 0x71, 0xCC, 0xE9, 0x8B, 0x28, 0xDA, 0x51, 0xDB, 0x90,
        0x56, 0xBC, 0x72, 0x8C, 0x5B, 0x0B, 0x11, 0x81, 0xE2, 0xFB, 0xD3, 0x87, 0xB4, 0xC7, 0x9A,
        0xB1, 0xA5, 0xFE, 0xFE, 0xCE, 0x37, 0x16, 0x7A, 0xF7, 0x72, 0xDD, 0xAD, 0x14, 0xEB, 0x4C,
        0x39, 0x82, 0xDA, 0x5A, 0x59, 0xD0, 0xE9, 0xEB, 0x17, 0x3E, 0xC6, 0x31, 0x50, 0x91, 0x17,
        0x00, 0x27, 0xA3, 0xAB, 0x5E, 0xF6, 0xAA, 0x12, 0x9C, 0xB8, 0x58, 0x57, 0x27, 0xB9, 0x35,
        0x8A, 0x28, 0x50, 0x1D, 0x71, 0x3A, 0x72, 0xF3, 0xF1, 0xDB, 0x31, 0x71, 0x42, 0x86, 0xF9,
        0xB6, 0x40, 0x80, 0x13, 0xAF, 0x06, 0x04, 0x5D, 0x75, 0x59, 0x2F, 0xC0, 0xB7, 0xDD, 0x47,
        0xC7, 0x3E, 0xD9, 0xC7, 0x5B, 0x11, 0xE9, 0xD7, 0xC6, 0x9F, 0x7C, 0xAD, 0xFC, 0x32, 0x80,
        0xA9, 0x06, 0x2C, 0x52, 0x73, 0xC4, 0x3B, 0xE1, 0xC3, 0x4F, 0x87, 0x44, 0x88, 0x64, 0xCE,
        0xA7, 0xB5, 0xC9, 0x7D, 0x6D, 0x32, 0xF5, 0x9B, 0xD5, 0xF2, 0x53, 0x84, 0x65, 0x3B, 0xB5,
        0xC4, 0xFA, 0xA4, 0x5B, 0xEA, 0x8B, 0x89, 0x40, 0x28, 0x43, 0xE6, 0x45, 0xB6, 0xB9, 0x26,
        0x9E, 0x2B, 0xD9, 0x88, 0xDD, 0xAC, 0xB0, 0x33, 0x32, 0x8F, 0xFB, 0x06, 0x04, 0x50, 0xF7,
        0xDF, 0x08, 0x00, 0x53, 0xE6, 0x96, 0x9B, 0x25, 0x1E, 0x87, 0x5E, 0xCE, 0xC3, 0x2C, 0xFC,
        0x59, 0x28, 0x40, 0xD6, 0x9A, 0xB6, 0x9A, 0x75, 0xE0, 0x6B, 0x37, 0x9C, 0x53, 0x5D, 0x95,
        0x26, 0x6B, 0x08, 0x2F, 0x4F, 0x09, 0xC9, 0x31, 0x62, 0xB3, 0x3B, 0x0D, 0x9F, 0x73, 0x07,
        0xA4, 0xEA, 0xAA, 0x52, 0x10, 0x44, 0x37, 0xFE, 0xD6, 0x6F, 0x8E, 0xE3, 0xEA, 0xBB, 0xD4,
        0x5D, 0x67, 0xB2, 0x5A, 0x81, 0x33, 0xF4, 0x96, 0x46, 0x8B, 0x52, 0xBA, 0xFF, 0xDB, 0xFA,
        0xD9, 0x3E, 0xEF, 0x1A, 0x98, 0x18, 0xB5, 0xE4, 0x2E, 0xC7, 0x22, 0x78, 0x8A, 0x3D, 0x8D,
        0x35, 0x29, 0xFC, 0x77, 0x7D, 0x2B, 0xA5, 0x70, 0x80, 0x1D, 0xFA, 0xE0, 0x1E, 0xC8, 0x83,
        0x02, 0x83, 0x7C, 0x1F, 0xB9, 0xE0, 0x35, 0x57, 0x27, 0x64, 0x5E, 0xE1, 0x04, 0x6C, 0x3F,
        0x91, 0x5F, 0x6A, 0xE8, 0x2D, 0xAD, 0x4F, 0xB6, 0xB0, 0x35, 0x6A, 0x46, 0x51, 0x8F, 0xFC,
        0x83, 0x41, 0x55, 0xC3, 0xB4, 0xFE, 0x6D, 0xAF, 0xA6, 0xCC, 0x8A, 0x5C, 0xCF, 0x53, 0xC7,
        0x3A, 0x08, 0x49, 0xD8, 0xD4, 0x4F, 0x7D, 0xCF, 0x72, 0x75, 0x4E, 0x70, 0xE1, 0xB7, 0xDF,
        0xB4, 0x47, 0xBB, 0x4E, 0xF4, 0x9D, 0x1A, 0x71, 0x8F, 0x61, 0x71, 0xBB, 0xCE, 0x20, 0x09,
        0x50, 0xE0, 0xCE, 0x92, 0x61, 0x06, 0xB1, 0x51, 0xA3, 0xE8, 0x71, 0xD5, 0xCE, 0x49, 0x73,
        0x1B, 0xD6, 0x65, 0x0A, 0x9B, 0x0C, 0xA9, 0x72, 0xDA, 0x1C, 0x5F, 0x13, 0x6D, 0x44, 0x82,
        0x0E, 0xA6, 0x38, 0x3C, 0x08, 0xF3, 0xB3, 0x84, 0xCF, 0x23, 0x38, 0xE7, 0x89, 0xC5, 0x13,
        0xF6, 0x18, 0xCC, 0x56, 0x94, 0xA6, 0xF0, 0xCE, 0xE1, 0x04, 0x51, 0x1E, 0x1E, 0xD7, 0xC5,
        0xF2, 0x3A, 0x1E, 0xBF, 0xD8, 0xA0, 0xDB, 0x84, 0x24, 0x55, 0x32, 0x40, 0x15, 0x6D, 0xBF,
        0x62, 0x28, 0x31, 0xB0, 0xC6, 0x43, 0xD1, 0xC5, 0x51, 0xB6, 0xF3, 0xF7, 0xA9, 0x8D, 0x29,
        0xB8, 0x5C, 0x2D, 0xE0, 0x5A, 0x65, 0xFA, 0x61, 0x5E, 0xEE, 0x16, 0x49, 0x5B, 0xD9, 0x07,
        0x37, 0x67, 0x21, 0x15, 0xB5, 0x3E, 0x91, 0xC5, 0xD9, 0x00, 0x28, 0xCF, 0x3F, 0x1A, 0x93,
        0x95, 0x3A, 0x15, 0x3D, 0xE5, 0x3B, 0x44, 0x08, 0x4E, 0x9C, 0xCF, 0xF6, 0xB7, 0x36, 0x69,
        0x39, 0x26, 0xDA, 0xEF, 0xEB, 0xB2, 0xD7, 0x7A, 0xA5, 0xAD, 0x68, 0x9B, 0x92, 0xF3, 0x16,
        0x86, 0x66, 0x9D, 0xF1, 0x6D, 0x17, 0x15, 0xCC, 0x58, 0xF7, 0xA2, 0xCF, 0xB7, 0x2D, 0xD1,
        0xA5, 0x1E, 0x92, 0xF8, 0x25, 0x99, 0x3A, 0x74, 0x02, 0x2B, 0xE7, 0xE9, 0xEB, 0x60, 0x54,
        0x65, 0x44, 0x57, 0x09, 0x4D, 0x14, 0x92, 0x8F, 0x20, 0x21, 0x5E, 0x7B, 0x22, 0x2A, 0xC5,
        0x6B, 0x51, 0xAD, 0xBE, 0xC8, 0xD8, 0xBD, 0xB6, 0x98, 0x39, 0x79, 0xA7, 0xE3, 0xA2, 0x1B,
        0x44, 0xB5, 0xD1, 0x51, 0x8C, 0xA9, 0x7D, 0x0B, 0x51, 0x95, 0xF5, 0x1E, 0xD6, 0xA2, 0x43,
        0x50, 0xC8, 0x97, 0x47, 0xE1, 0xED, 0xEA, 0x51, 0xB4, 0x48, 0xE3, 0xE9, 0x14, 0x70, 0x54,
        0xCE, 0x92, 0x78, 0x73, 0xC9, 0x0D, 0xB3, 0x94, 0xD8, 0x68, 0x88, 0xE0, 0x7D, 0xFF, 0x17,
        0x75, 0x93, 0xD6, 0xF7, 0x9E, 0x15, 0x23, 0x02, 0x20, 0x4A, 0xEB, 0x03, 0xBE, 0x23, 0x86,
        0xAF, 0x3E, 0x24, 0x07, 0x8B, 0xD0, 0x28, 0xB1, 0x68, 0x9F, 0x5E, 0x14, 0x7C, 0x9F, 0x45,
        0x2C, 0x8C, 0xEB, 0x02, 0xEC, 0x59, 0xCC, 0x9D, 0xB6, 0x3A, 0x03, 0x57, 0x6C, 0xEE, 0xAF,
        0xE9, 0x82, 0x39, 0x02, 0x38, 0x97, 0xDA, 0x02, 0x36, 0x63, 0x0A, 0x53, 0xC0, 0xDE, 0x7F,
        0x43, 0x5A, 0x19, 0x86, 0x97, 0x92, 0xFA, 0xB3, 0x6E, 0x7B, 0x9E, 0x63, 0x57, 0x60, 0xF0,
        0x90, 0x69, 0xE6, 0x43, 0x2E, 0x70, 0x00, 0x35, 0xAC, 0x2A, 0x02, 0x87, 0x9F, 0xFF, 0x0A,
        0x1E, 0x1B, 0xEC, 0x52, 0x20, 0x47, 0x19, 0x3D, 0x94, 0xEB, 0x5D, 0xF1, 0xEF, 0xD5, 0x3E,
        0xEA, 0x11, 0x44, 0xCA, 0x78, 0x94, 0x08, 0x52, 0xF5, 0xEC, 0x97, 0x27, 0x90, 0x4B, 0x36,
        0x6E, 0xDE, 0x4F, 0x5E, 0x2D, 0x33, 0x1F, 0xAD, 0x5F, 0xC2, 0x82, 0xEA, 0x2C, 0x47, 0xE9,
        0x23, 0x14, 0x27, 0x71, 0xC3, 0xDD, 0x75, 0xA8, 0x73, 0x57, 0x48, 0x7D, 0xEF, 0x99, 0xE5,
        0xF1, 0x8E, 0x9D, 0x9E, 0xD6, 0x23, 0xC1, 0x75, 0xD0, 0x28, 0x88, 0xC5, 0x1F, 0x82, 0xC0,
        0x7A, 0x80, 0xD5, 0x47, 0x16, 0xB3, 0xC3, 0xC2, 0xBD, 0xBE, 0x2E, 0x9F, 0x0A, 0x9B, 0xBA,
        0xAE, 0xBE, 0xB4, 0xD5, 0x29, 0x36, 0x87, 0x64, 0x06, 0xF5, 0xC0, 0x0E, 0x8E, 0x4B, 0xBD,
        0x0A, 0x5E, 0xC0, 0x57, 0x97, 0xE6, 0x20, 0x7C, 0x5A, 0xB6, 0xC8, 0x8F, 0x1A, 0x68, 0x84,
        0x21, 0xBD, 0x05, 0xA1, 0x14, 0xF4, 0xD7, 0xDE, 0x2A, 0xC2, 0x41, 0xFA, 0x0E, 0x8B, 0xED,
        0xFF, 0x47, 0xF7, 0x62, 0xDD, 0xCB, 0xEA, 0xA9, 0x10, 0x04, 0xF8, 0xD3, 0x1E, 0x85, 0x09,
        0x5C, 0x81, 0x05, 0x49, 0x94, 0xAD, 0x38, 0x26, 0xE3, 0x44, 0xBA, 0x96, 0x04, 0x08, 0x10,
        0xFC, 0x0B, 0x2A, 0xD1, 0xDE, 0x48, 0xCF, 0xAD, 0xE0, 0x02, 0xC6, 0x2E, 0x5A, 0x49, 0xA0,
        0x73, 0x1A, 0xB3, 0x83, 0x44, 0xBC, 0x16, 0x36, 0xDF, 0x16, 0xBF, 0x60, 0x7D, 0x56, 0x85,
        0x5E, 0x56, 0xD6, 0x84, 0x00, 0x3C, 0x71, 0x8E, 0x4B, 0xAD, 0x9E, 0x5A, 0x09, 0x99, 0x79,
        0xFC, 0xDD, 0xEE, 0xB1, 0xC4, 0xA7, 0x77, 0x6C, 0xD3, 0x7A, 0x34, 0x17, 0xCB, 0x0E, 0x18,
        0x4E, 0x29, 0xEF, 0x9B, 0xC0, 0xE8, 0x74, 0x75, 0xBA, 0x66, 0x3B, 0xE0, 0x9E, 0x00, 0xAB,
        0x56, 0x2E, 0xB7, 0xC0, 0xF7, 0x16, 0x5F, 0x96, 0x9A, 0x9B, 0x42, 0x41, 0x41, 0x98, 0xCC,
        0xF1, 0xBF, 0xF2, 0xA2, 0xC8, 0xD6, 0x89, 0xA4, 0x14, 0xEC, 0xE7, 0x66, 0x29, 0x27, 0x66,
        0x56, 0x89, 0xE9, 0x4D, 0xB9, 0x61, 0xEB, 0xAE, 0xC5, 0x61, 0x5C, 0xBC, 0x1A, 0x78, 0x95,
        0xC6, 0x85, 0x1A, 0xC9, 0x61, 0x43, 0x2F, 0xF1, 0x11, 0x8D, 0x46, 0x07, 0xD3, 0x2E, 0xF9,
        0xDC, 0x73, 0x2D, 0x51, 0x33, 0x3B, 0xE4, 0xB4, 0xD0, 0xE3, 0x0D, 0xDE, 0xA7, 0x84, 0xEC,
        0xA8, 0xBE, 0x47, 0xE7, 0x41, 0xBE, 0x9C, 0x19, 0x63, 0x1D, 0xC4, 0x70, 0xA5, 0x2E, 0xF4,
        0xDC, 0x13, 0xA4, 0xF3, 0x63, 0x3F, 0xD4, 0x34, 0xD7, 0x87, 0xC1, 0x70, 0x97, 0x7B, 0x41,
        0x7D, 0xF5, 0x98, 0xE1, 0xD0, 0xDD, 0xE5, 0x06, 0xBB, 0x71, 0xD6, 0xF0, 0xBC, 0x17, 0xEC,
        0x70, 0xE3, 0xB0, 0x3C, 0xDC, 0x19, 0x65, 0xCB, 0x36, 0x99, 0x3F, 0x63, 0x3B, 0x04, 0x72,
        0xE5, 0x0D, 0x09, 0x23, 0xAC, 0x6C, 0x66, 0xFD, 0xF1, 0xD3, 0xE6, 0x45, 0x9C, 0xC1, 0x21,
        0xF0, 0xF5, 0xF9, 0x4D, 0x09, 0xE9, 0xDB, 0xCF, 0x5D, 0x69, 0x0E, 0x23, 0x23, 0x38, 0x38,
        0xA0, 0xBA, 0xCB, 0x7C, 0x63, 0x8D, 0x1B, 0x26, 0x50, 0xA4, 0x30, 0x8C, 0xD1, 0x71, 0xB6,
        0x85, 0x51, 0x26, 0xD1, 0xDA, 0x67, 0x2A, 0x6E, 0xD8, 0x5A, 0x8D, 0x78, 0xC2, 0x86, 0xFB,
        0x56, 0xF4, 0xAB, 0x3D, 0x21, 0x49, 0x75, 0x28, 0x04, 0x5C, 0x63, 0x26, 0x2C, 0x8A, 0x42,
        0xAF, 0x2F, 0x98, 0x02, 0xC5, 0x3B, 0x7B, 0xB8, 0xBE, 0x28, 0xE7, 0x8F, 0xE0, 0xB5, 0xCE,
        0x45, 0xFB, 0xB7, 0xA1, 0xAF, 0x1A, 0x3B, 0x28, 0xA8, 0xD9, 0x4B, 0x78, 0x90, 0xE3, 0xC8,
        0x82, 0xE3, 0x9B, 0xC9, 0x8E, 0x9F, 0x0A, 0xD7, 0x60, 0x25, 0xBF, 0x0D, 0xD2, 0xF0, 0x02,
        0x98, 0xE7, 0x14, 0x1A, 0x22, 0x6B, 0x3D, 0x7C, 0xEE, 0x41, 0x4F, 0x60, 0x4D, 0x1E, 0x0B,
        0xA5, 0x4D, 0x11, 0xD5, 0xFE, 0x58, 0xBC, 0xCE, 0xA6, 0xAD, 0x77, 0xAD, 0x2E, 0x8C, 0x1C,
        0xAA, 0xCF, 0x32, 0x45, 0x90, 0x14, 0xB7, 0xB9, 0x10, 0x01, 0xB1, 0xEF, 0xA8, 0xAD, 0x17,
        0x2A, 0x52, 0x3F, 0xB8, 0xE3, 0x65, 0xB5, 0x77, 0x12, 0x1B, 0xF9, 0xFD, 0x88, 0xA2, 0xC6,
        0x0C, 0x21, 0xE8, 0x21, 0xD7, 0xB6, 0xAC, 0xB4, 0x7A, 0x5A, 0x99, 0x5E, 0x40, 0xCA, 0xCE,
        0xD5, 0xC2, 0x23, 0xB8, 0xFE, 0x6D, 0xE5, 0xE1, 0x8E, 0x9D, 0x2E, 0x58, 0x93, 0xAE, 0xFE,
        0xBB, 0x7A, 0xAE, 0x7F, 0xF1, 0xA1, 0x46, 0x26, 0x0E, 0x2F, 0x11, 0x0E, 0x93, 0x95, 0x28,
        0x21, 0x3A, 0x00, 0x25, 0xA3, 0x8E, 0xC7, 0x9A, 0xAB, 0xC8, 0x61, 0xB2, 0x5E, 0xBC, 0x50,
        0x9A, 0x46, 0x74, 0xC1, 0x32, 0xAA, 0xAC, 0xB7, 0xE0, 0x14, 0x6F, 0x14, 0xEF, 0xD1, 0x1C,
        0xFC, 0xAF, 0x4C, 0xAA, 0x4F, 0x77, 0x5A, 0x71, 0x6C, 0xE3, 0x25, 0xE0, 0xA4, 0x35, 0xA4,
        0xD3, 0x49, 0xD7, 0x20, 0xBC, 0xF1, 0x37, 0x45, 0x0A, 0xFC, 0x45, 0x04, 0x6F, 0xC1, 0xA1,
        0xF8, 0x3A, 0x9D, 0x32, 0x97, 0x77, 0xA7, 0x08, 0x4E, 0x4A, 0xAD, 0xAE, 0x71, 0x22, 0xCE,
        0x97, 0x00, 0x59, 0x30, 0x52, 0x8E, 0xB3, 0xC7, 0xF7, 0xF1, 0x12, 0x9B, 0x37, 0x28, 0x87,
        0xA3, 0x71, 0x15, 0x5A, 0x3B, 0xA2, 0x01, 0xA2, 0x5C, 0xBF, 0x1D, 0xCB, 0x64, 0xE7, 0xCD,
        0xEE, 0x09, 0x2C, 0x31, 0x41, 0xFB, 0x55, 0x50, 0xFE, 0x3D, 0x0D, 0xD8, 0x2E, 0x87, 0x0E,
        0x57, 0x8B, 0x2B, 0x46, 0x50, 0x08, 0x18, 0x11, 0x3B, 0x8F, 0x65, 0x69, 0x77, 0x3C, 0x67,
        0x73, 0x85, 0xB6, 0x9A, 0x42, 0xB7, 0x7D, 0xCB, 0xA7, 0xAC, 0xFF, 0xD9, 0x5F, 0xD4, 0x45,
        0x2E, 0x23, 0xAA, 0xA1, 0xD3, 0x7E, 0x1D, 0xA2, 0x15, 0x1E, 0xA6, 0x58, 0xD4, 0x0A, 0x35,
        0x96, 0xB2, 0x7A, 0xC9, 0xF8, 0x12, 0x9D, 0xC6, 0xCF, 0x06, 0x43, 0x77, 0x26, 0x24, 0xB5,
        0x9F, 0x4F, 0x46, 0x12, 0x30, 0xDF, 0x47, 0x1C, 0xA2, 0x60, 0x87, 0xC3, 0x94, 0x2D, 0x5C,
        0x66, 0x87, 0xDF, 0x60, 0x82, 0x83, 0x59, 0x35, 0xA3, 0xF8, 0x7C, 0xB7, 0x62, 0xB0, 0xC3,
        0xB1, 0xD0, 0xDD, 0xA4, 0xA6, 0x53, 0x39, 0x65, 0xBE, 0xF1, 0xB7, 0xB8, 0x29, 0x2E, 0x25,
        0x4C, 0x01, 0x4D, 0x09, 0x0F, 0xED, 0x85, 0x7C, 0x44, 0xC1, 0x83, 0x9C, 0x69, 0x4C, 0x0A,
        0x64, 0xE3, 0xFA, 0xD9, 0x0A, 0x11, 0xF5, 0x34, 0x72, 0x2B, 0x6E, 0xE1, 0x57, 0x4F, 0x2E,
        0x14, 0x9D, 0x55, 0xD7, 0x44, 0xDE, 0x48, 0x87, 0x02, 0x4E, 0x08, 0x51, 0x14, 0x31, 0xC0,
        0x62, 0x75, 0x0E, 0x16, 0xC7, 0x4A, 0xB9, 0xF3, 0x24, 0x2F, 0x2D, 0xB3, 0xFF, 0xB1, 0x2A,
        0x8D, 0x61, 0x07, 0xFA, 0xA2, 0x29, 0xD6, 0xF6, 0x37, 0x3B, 0x07, 0xF3, 0x6D, 0x39, 0x32,
        0xB3, 0xBD, 0xB0, 0x4C, 0x19, 0xDD, 0x64, 0xEA, 0xDD, 0x7F, 0x93, 0xC3, 0xC5, 0x64, 0xC3,
        0x58, 0xA1, 0xC8, 0x1D, 0xCF, 0x1C, 0x9C, 0x31, 0xE5, 0xB0, 0x65, 0x68, 0xF9, 0x75, 0x44,
        0xC1, 0x7D, 0xC1, 0x56, 0x98, 0xC5, 0xCB, 0x38, 0x98, 0x3A, 0x9A, 0xFC, 0x42, 0x78, 0x3F,
        0xAA, 0x77, 0x3A, 0x52, 0xC9, 0xD8, 0x26, 0x06, 0x90, 0xBE, 0x9E, 0x31, 0x56, 0xAA, 0x5B,
        0xC1, 0x50, 0x9D, 0xEA, 0x3F, 0x69, 0x58, 0x76, 0x95, 0xCD, 0x6F, 0xF1, 0x72, 0xBA, 0x83,
        0xE6, 0xA6, 0xD8, 0xA7, 0xD6, 0xBB, 0xEB, 0xBB, 0xCD, 0xA3, 0x67, 0x27, 0x31, 0x98, 0x3F,
        0x89, 0xBC, 0x58, 0x31, 0xDC, 0x37, 0xC3, 0xF3, 0xC5, 0xC5, 0x6F, 0xAC, 0xC6, 0x97, 0xF3,
        0xCB, 0x20, 0xBD, 0x5D, 0xBA, 0xDB, 0xD7, 0x02, 0xE5, 0x48, 0x44, 0xAC, 0x2F, 0x62, 0x69,
        0x01, 0xFE, 0x15, 0x9D, 0xB9, 0x3D, 0xFD, 0x47, 0x73, 0xD8, 0xFE, 0x73, 0x56, 0x2B, 0x84,
        0x6C, 0x1F, 0xC8, 0x56, 0xD1, 0x80, 0x27, 0x62, 0x84, 0x0E, 0xBC, 0x72, 0xD7, 0x98, 0x8B,
        0xDE, 0x75, 0xCB, 0xCA, 0x70, 0xD3, 0x19, 0xD3, 0x2C, 0xE0, 0xCC, 0x02, 0x53, 0xBB, 0x2A,
        0xD4, 0x55, 0x72, 0x3E, 0xE0, 0xC7, 0xF4, 0x73, 0x6C, 0xE6, 0xE6, 0x66, 0x5C, 0x5A, 0xCA,
        0x32, 0xA4, 0x81, 0xC5, 0x38, 0x39, 0xBC, 0x25, 0x91, 0x67, 0xB0, 0x13, 0xD0, 0x42, 0x33,
        0x95, 0xEE, 0xB9, 0xAA, 0xAE, 0xE3, 0x20, 0x61, 0x49, 0xA7, 0xD5, 0x50, 0xD6, 0x7F, 0xC5,
        0xFD, 0xFE, 0x4A, 0x8A, 0x5C, 0x35, 0xD2, 0x51, 0x0B, 0x66, 0x43, 0x79, 0xAB, 0x8F, 0x72,
        0x85, 0x5A, 0x2A, 0xF4, 0x7A, 0xBC, 0xE2, 0xA6, 0x32, 0x04, 0x8E, 0xAF, 0x89, 0xE5, 0xCB,
        0x4A, 0x88, 0xDE, 0xBC, 0x53, 0xA5, 0x95, 0x10, 0x3A, 0xCC, 0xE4, 0xF1, 0xCF, 0xF1, 0x8A,
        0xCF, 0xF0, 0x7A, 0xFE, 0x1E, 0xB5, 0x71, 0x6A, 0xA1, 0xE4, 0x0B, 0x63, 0x13, 0x4C, 0x3A,
        0x3A, 0xE9, 0x57, 0x9F, 0xA8, 0x7F, 0x51, 0x5B, 0xE0, 0x93, 0xC2, 0xD2, 0x9D, 0xB6, 0xD6,
        0xB6, 0x5C, 0x93, 0x66, 0x1E, 0x00, 0x63, 0x6B, 0x59, 0x27, 0x04, 0xD0, 0x93, 0xCC, 0x67,
        0x16, 0xC2, 0x34, 0x2E, 0xB1, 0x85, 0x3D, 0x48, 0xC8, 0x5C, 0x63, 0xAC, 0x8A, 0x28, 0x54,
        0x46, 0x2C, 0x7B, 0x77, 0xE7, 0xE3, 0xBD, 0x1E, 0xAC, 0x5B, 0xCA, 0x28, 0xFF, 0xAA, 0x00,
        0xB5, 0xD3, 0x49, 0xF8, 0xA5, 0x47, 0xAD, 0x87, 0x5B, 0x96, 0xA8, 0xC2, 0xB2, 0x91, 0x0C,
        0x93, 0x01, 0x30, 0x9A, 0x3F, 0x91, 0x38, 0xA5, 0x69, 0x31, 0x11, 0xF5, 0x5B, 0x3C, 0x00,
        0x9C, 0xA9, 0x47, 0xC3, 0x9D, 0xFC, 0x82, 0xD9, 0x8E, 0xB1, 0xCA, 0xA4, 0xA9, 0xCB, 0xE8,
        0x85, 0xF7, 0x86, 0xFA, 0x86, 0xE5, 0x5B, 0xE0, 0x62, 0x22, 0x2F, 0x8B, 0xA9, 0x0A, 0x97,
        0x40, 0x73, 0x32, 0x6B, 0x31, 0x21, 0x2A, 0xEC, 0xE0, 0xA3, 0x4A, 0x60,
    ])
    .unwrap()
}

fn bench_mldsa87_lowmemory_verify() {
    use bouncycastle::mldsa_lowmemory::{MLDSA87, MLDSA87_SIG_LEN, MLDSATrait};

    eprintln!("MLDSA87/Verify");

    let msg = b"The quick brown fox jumped over the lazy dog";

    /* One-time setup of the KAT -- commented out so that keygen is not captured in the bench */

    // let seed = KeyMaterial256::from_bytes_as_type(
    //     &[0x00,0x01,0x02,0x03,0x04,0x05,0x06,0x07,0x08,0x09,0x0a,0x0b,0x0c,0x0d,0x0e,0x0f,0x10,0x11,0x12,0x13,0x14,0x15,0x16,0x17,0x18,0x19,0x1a,0x1b,0x1c,0x1d,0x1e,0x1f],
    //     KeyType::Seed,
    // ).unwrap();
    //
    // let (mldsa65_pk, mldsa65_sk) = MLDSA87::keygen_from_seed(&seed).unwrap();
    //
    // eprintln!("pk:\n{}", &*hex::encode(&mldsa65_pk.encode()));
    // let mu = MLDSA87::compute_mu_from_sk(&mldsa65_sk, msg, None).unwrap();
    // let sig = MLDSA87::sign_mu_deterministic(&mldsa65_sk, &mu, [0u8; 32]).unwrap();
    // eprintln!("sig:\n{}", &*hex::encode(sig));

    let mldsa87_pk = load_mldsa87_lowmemory_pk();
    let sig: [u8; MLDSA87_SIG_LEN] = [
        0x78, 0x13, 0x68, 0xE6, 0x4D, 0xBA, 0x54, 0x2A, 0x7E, 0xAC, 0xBD, 0x22, 0x57, 0x33, 0x5C,
        0xC9, 0x43, 0xA0, 0x32, 0x41, 0x00, 0x9B, 0x79, 0x70, 0x93, 0xC6, 0x15, 0xF7, 0x6A, 0x67,
        0x1A, 0x75, 0x91, 0x43, 0x04, 0x41, 0xD8, 0x0B, 0xB5, 0x82, 0x30, 0x4B, 0x33, 0xB9, 0xFC,
        0xE2, 0x95, 0xE0, 0xDD, 0x57, 0xFE, 0x16, 0x93, 0x55, 0xDD, 0xF4, 0x45, 0x3A, 0x2A, 0xCA,
        0x62, 0xD8, 0xEB, 0x81, 0x09, 0xEF, 0x0D, 0x9C, 0xF3, 0xF5, 0xB0, 0xA9, 0x4E, 0x04, 0xAD,
        0x81, 0xB3, 0xE7, 0x86, 0x01, 0x42, 0x43, 0xEC, 0xDE, 0x81, 0x65, 0x51, 0xAA, 0x7F, 0xE0,
        0x1C, 0x63, 0x90, 0x54, 0x25, 0x6A, 0x49, 0x17, 0x56, 0xBE, 0xF5, 0x9F, 0x50, 0x34, 0xF7,
        0x17, 0xFF, 0x4F, 0x85, 0xE7, 0x0B, 0xA7, 0x73, 0x1A, 0x49, 0x97, 0x14, 0x15, 0xB6, 0xA7,
        0xE7, 0xD8, 0x16, 0xAB, 0x43, 0x4B, 0x9F, 0x17, 0xA3, 0x09, 0x5E, 0xDE, 0x6F, 0xD4, 0x32,
        0xBE, 0x2B, 0xFA, 0x82, 0x72, 0x40, 0x45, 0xDD, 0xA0, 0xDF, 0xFF, 0x7A, 0x02, 0x81, 0xE9,
        0x00, 0x09, 0x39, 0xCC, 0xBA, 0x3D, 0x8A, 0xB3, 0x24, 0x51, 0x39, 0xC4, 0x41, 0x64, 0x8C,
        0x76, 0xA6, 0x53, 0x61, 0x27, 0xE4, 0xD1, 0xEF, 0x0D, 0xF1, 0x53, 0x18, 0x83, 0xAB, 0x78,
        0xC8, 0xB4, 0x13, 0x23, 0x61, 0x7A, 0xD8, 0xDB, 0x03, 0xD9, 0x90, 0x8C, 0x9E, 0x08, 0xA9,
        0xF7, 0x32, 0x1C, 0x45, 0x05, 0x1B, 0x3C, 0x94, 0x21, 0x33, 0x47, 0xB1, 0x1C, 0x4A, 0x84,
        0x49, 0x1D, 0xE7, 0xA7, 0xBE, 0x68, 0x70, 0x1E, 0x47, 0xD7, 0xF0, 0xE0, 0xB3, 0x3E, 0x76,
        0x7B, 0xEF, 0x17, 0x69, 0x4E, 0x4D, 0x33, 0x24, 0x4E, 0xD9, 0x2E, 0xBD, 0x74, 0xC8, 0x5A,
        0xB6, 0xC8, 0x44, 0x41, 0xCD, 0xDC, 0x14, 0x33, 0x1E, 0x6A, 0xE8, 0xBD, 0x23, 0x67, 0x4B,
        0xDA, 0x27, 0xF0, 0x9C, 0x05, 0x0D, 0x88, 0xF7, 0xD4, 0x30, 0xFE, 0xEE, 0x7F, 0x15, 0xA7,
        0x2A, 0x24, 0xD6, 0x53, 0xBB, 0x6B, 0xEC, 0x54, 0x49, 0x1B, 0x98, 0x36, 0x2C, 0xE1, 0x31,
        0xD3, 0x7C, 0x7D, 0x78, 0xA3, 0xF9, 0xA8, 0x93, 0xDB, 0x5A, 0xBD, 0xCC, 0xD6, 0x66, 0x35,
        0x93, 0xB8, 0x8B, 0xC6, 0xC9, 0x7F, 0x07, 0xF8, 0xEA, 0xFC, 0xCF, 0xD2, 0x5E, 0x81, 0x80,
        0xD9, 0x18, 0xEF, 0xBC, 0xD9, 0x5B, 0xBF, 0x3D, 0xA2, 0x9F, 0x08, 0x1E, 0x3E, 0x19, 0x32,
        0x09, 0x59, 0x39, 0x19, 0x8E, 0x2A, 0x15, 0x5B, 0x2D, 0x80, 0x3A, 0x3E, 0x84, 0xCA, 0x4F,
        0x34, 0x56, 0x9D, 0xF6, 0x95, 0xC2, 0x59, 0xFA, 0xF3, 0xC0, 0xD8, 0xF0, 0xCD, 0x21, 0x7E,
        0xBD, 0x2D, 0xBA, 0xD5, 0x42, 0xB3, 0x2F, 0xBB, 0x54, 0xE4, 0x4A, 0xAF, 0x0B, 0x5D, 0xC7,
        0x39, 0xFA, 0xFE, 0xF2, 0xE4, 0x6D, 0xB8, 0xD6, 0x8B, 0xFC, 0x35, 0xF4, 0x4F, 0x03, 0x8C,
        0xB1, 0xF5, 0x23, 0x1A, 0x1B, 0x5B, 0x13, 0x4A, 0xE6, 0x83, 0xE7, 0xF3, 0x29, 0x7C, 0xC7,
        0xA9, 0x5B, 0xD1, 0x91, 0xB3, 0x10, 0xF6, 0x82, 0x01, 0x45, 0x07, 0x97, 0xFE, 0x32, 0x93,
        0xCD, 0xE1, 0x67, 0x2D, 0xFE, 0xCA, 0x4B, 0x49, 0x3F, 0x53, 0xC7, 0x68, 0xEA, 0x04, 0x8A,
        0x97, 0x2A, 0x4C, 0xD8, 0x4D, 0x39, 0xEF, 0x68, 0x29, 0x57, 0xB8, 0xF2, 0x8B, 0xA2, 0x94,
        0x87, 0xB4, 0x68, 0x9B, 0x43, 0xFE, 0xC2, 0x65, 0x58, 0x23, 0xD9, 0xBB, 0x99, 0xFF, 0xCF,
        0x31, 0x49, 0x03, 0x66, 0xA9, 0x86, 0x0A, 0x5D, 0x5B, 0x8E, 0x32, 0xA3, 0xB8, 0xBF, 0xEB,
        0x6F, 0x55, 0xF8, 0x8F, 0xB8, 0x0C, 0x8C, 0x01, 0x42, 0x08, 0x6F, 0x22, 0x0E, 0x1F, 0x6F,
        0x28, 0x62, 0xDA, 0xBD, 0xA5, 0x8C, 0x3B, 0x6F, 0x5F, 0xAA, 0x80, 0x5B, 0x39, 0xCF, 0xAC,
        0x4B, 0x6D, 0x7E, 0xA7, 0xAC, 0xDF, 0x1B, 0x06, 0x90, 0x06, 0x3B, 0x0C, 0x1E, 0xA3, 0x8C,
        0x7C, 0x47, 0x55, 0x18, 0x99, 0x66, 0xDC, 0x63, 0x10, 0x55, 0xF1, 0x53, 0xF7, 0x1B, 0x77,
        0xB1, 0x14, 0xFA, 0x5C, 0x30, 0x93, 0x16, 0xBA, 0x51, 0x23, 0x30, 0xEA, 0x5C, 0xDB, 0x0B,
        0xB1, 0x76, 0x00, 0x1E, 0x57, 0x46, 0x15, 0x63, 0xD1, 0x72, 0x59, 0xF3, 0x5D, 0x0C, 0x30,
        0xEF, 0x5A, 0xC8, 0x38, 0xC0, 0x32, 0x54, 0x02, 0xBA, 0xB5, 0x2C, 0x53, 0x14, 0x69, 0x52,
        0x6A, 0xE3, 0xEE, 0x62, 0x93, 0xF7, 0xB5, 0x76, 0x9D, 0x27, 0xE6, 0x9F, 0xA8, 0x1C, 0xD2,
        0x5A, 0x31, 0xCD, 0x09, 0x5B, 0x12, 0x6E, 0x70, 0xC5, 0x7A, 0xC3, 0x16, 0x9A, 0x5F, 0x58,
        0x5A, 0x11, 0xF1, 0x74, 0x8D, 0x9D, 0x22, 0xF2, 0x56, 0x49, 0x11, 0xC2, 0x6A, 0x24, 0xB2,
        0x15, 0x3A, 0x78, 0xF3, 0xA0, 0x68, 0x22, 0xF5, 0xF1, 0x96, 0x3F, 0x23, 0x7A, 0xBE, 0xB4,
        0x8E, 0xFD, 0x9A, 0x9C, 0xD4, 0x78, 0xDE, 0x57, 0x9C, 0x5A, 0x0B, 0xA8, 0x4D, 0x00, 0xE9,
        0x6F, 0xBD, 0xE3, 0x6D, 0x8C, 0xE2, 0x0E, 0x7E, 0x94, 0x85, 0x47, 0xFB, 0x68, 0x50, 0x83,
        0x4F, 0xF7, 0x9D, 0x21, 0x18, 0x30, 0xF6, 0xEE, 0x97, 0x33, 0x59, 0x78, 0x1D, 0x9D, 0x50,
        0x08, 0xFB, 0x43, 0xA8, 0x93, 0x54, 0x78, 0x2F, 0xDE, 0x41, 0x58, 0x17, 0x7F, 0x52, 0x06,
        0xCE, 0x1D, 0x38, 0xC8, 0x89, 0xE9, 0x9E, 0x4B, 0xB5, 0xB4, 0xAB, 0x34, 0xD6, 0xA0, 0x5C,
        0x42, 0xF5, 0xD7, 0x19, 0xEA, 0x03, 0xDB, 0xC5, 0x4A, 0xDB, 0xA7, 0x5A, 0x3B, 0xB4, 0x4A,
        0x3C, 0x08, 0xC7, 0x55, 0x64, 0x62, 0xF8, 0xC5, 0xB7, 0xC5, 0x68, 0xA6, 0x92, 0x42, 0xCF,
        0x5B, 0xE6, 0x09, 0x8E, 0xBA, 0x0A, 0x22, 0x49, 0xC1, 0xCA, 0x5B, 0x21, 0x09, 0xB6, 0x40,
        0x4A, 0x96, 0x2A, 0xBC, 0x1C, 0x15, 0x9C, 0x6B, 0x48, 0xA7, 0x9F, 0xB9, 0x7E, 0x4A, 0x33,
        0x37, 0xD9, 0x93, 0x23, 0x74, 0x62, 0x21, 0x29, 0x74, 0x23, 0xF9, 0xBD, 0x1B, 0x12, 0xE7,
        0x84, 0x89, 0xE0, 0x1E, 0x6A, 0x10, 0xF0, 0xFD, 0x6B, 0xBA, 0x1C, 0xFD, 0x6A, 0xE1, 0xB7,
        0x5D, 0xBE, 0x69, 0xF8, 0xB8, 0xEE, 0x51, 0xA4, 0xE7, 0xF6, 0x8B, 0xA2, 0xC4, 0x07, 0xC9,
        0xC0, 0xBA, 0xD3, 0x89, 0x2B, 0x29, 0xB0, 0x17, 0x0A, 0xB7, 0x58, 0x36, 0xFD, 0xD4, 0x9A,
        0x7E, 0xE3, 0xC2, 0xBB, 0x30, 0xF2, 0xC3, 0xD2, 0x26, 0xBC, 0xEC, 0x49, 0x14, 0x09, 0x52,
        0x17, 0x0B, 0x0D, 0x16, 0x0F, 0x97, 0xB3, 0x0B, 0x7B, 0x7B, 0x09, 0x67, 0x19, 0x53, 0x86,
        0x77, 0xEB, 0xB0, 0x69, 0x22, 0xF2, 0x69, 0x25, 0x22, 0x7C, 0x88, 0x52, 0xAC, 0xC1, 0x07,
        0xA8, 0xF1, 0x73, 0xB3, 0x8D, 0x96, 0x69, 0x75, 0x84, 0xBD, 0x3D, 0xFE, 0x16, 0x9B, 0x40,
        0x73, 0xAA, 0x58, 0xA7, 0xBF, 0x37, 0x1D, 0x5C, 0x4B, 0xB0, 0xEE, 0xD3, 0x0F, 0x08, 0x21,
        0x2D, 0xEF, 0xB3, 0xAE, 0xC9, 0x02, 0xD4, 0x54, 0x60, 0x84, 0x17, 0x6B, 0xF0, 0xF8, 0x6D,
        0x93, 0xCF, 0x36, 0xA4, 0x68, 0x9A, 0x5E, 0x87, 0x4B, 0x32, 0xD6, 0xB7, 0xD3, 0xC1, 0xE3,
        0xFB, 0xCF, 0xD9, 0x88, 0xC3, 0x5D, 0xBC, 0x9A, 0x8D, 0x0A, 0x01, 0x9A, 0xD6, 0xD7, 0xE1,
        0x5E, 0xC3, 0xAC, 0x97, 0x12, 0x5D, 0xB6, 0xAB, 0xFE, 0x00, 0xBE, 0xFF, 0xE3, 0x5A, 0x81,
        0x66, 0x66, 0x99, 0xA9, 0x1E, 0x15, 0x94, 0x5C, 0x62, 0xD6, 0x46, 0x69, 0x0B, 0x5B, 0x52,
        0xDE, 0x8B, 0x83, 0x5E, 0xE9, 0xBE, 0x53, 0x58, 0x8F, 0xDE, 0x5D, 0x63, 0x02, 0x3B, 0x52,
        0xB2, 0xB1, 0xF4, 0x61, 0x0C, 0x23, 0x7A, 0x82, 0x9F, 0x59, 0x01, 0xA4, 0x60, 0x42, 0x96,
        0x3C, 0xCE, 0x7B, 0x85, 0xAA, 0x04, 0x0A, 0xDD, 0xE0, 0x29, 0x85, 0xE1, 0x4E, 0x23, 0xC4,
        0xEA, 0xDB, 0x75, 0x22, 0x1C, 0x60, 0x7D, 0x24, 0x67, 0x2E, 0x24, 0x4C, 0x66, 0xC9, 0xC2,
        0x4C, 0x3C, 0xB7, 0xFD, 0x90, 0xBB, 0x23, 0x29, 0x5C, 0x9D, 0x3D, 0x9D, 0xA5, 0x16, 0xBC,
        0xE3, 0xDD, 0x46, 0x2D, 0x66, 0x60, 0xF9, 0xF9, 0x1E, 0xF0, 0x61, 0x8A, 0x4D, 0x4D, 0x3D,
        0x66, 0x68, 0xC5, 0xD1, 0xE2, 0xE8, 0xED, 0x43, 0x3E, 0xBF, 0xE0, 0x76, 0x2B, 0xEB, 0x74,
        0x33, 0x24, 0xE1, 0x16, 0x08, 0xF8, 0xB1, 0x4B, 0x69, 0xCE, 0x4C, 0x22, 0x1C, 0x16, 0x54,
        0xBA, 0x49, 0x92, 0xA5, 0xAF, 0x2D, 0x94, 0x9C, 0x29, 0x39, 0xF9, 0x5D, 0x1C, 0x8F, 0xB7,
        0x67, 0xAF, 0x2A, 0x84, 0x3C, 0xC7, 0xC7, 0x8F, 0x57, 0x25, 0x9D, 0x5C, 0x0C, 0x6C, 0xA8,
        0x3F, 0xCA, 0x41, 0xEF, 0x5E, 0xCC, 0x4E, 0xEE, 0xEA, 0x93, 0xE4, 0x51, 0x8C, 0x24, 0xD3,
        0x04, 0x0F, 0x2C, 0xD9, 0x0D, 0xF3, 0xE5, 0x35, 0xE9, 0x89, 0xE6, 0x06, 0xFA, 0x10, 0x9E,
        0x2C, 0x45, 0x3E, 0xD7, 0x35, 0x3D, 0xB1, 0xCD, 0xB2, 0x71, 0x37, 0xF0, 0x05, 0xF9, 0xDD,
        0x8D, 0x2A, 0xEB, 0xFB, 0x72, 0x55, 0xA6, 0x09, 0x8B, 0x69, 0x02, 0x15, 0xE1, 0x00, 0xCF,
        0xE4, 0x4C, 0xA0, 0xF2, 0x74, 0x5F, 0xCE, 0xD4, 0x83, 0x22, 0xBC, 0x96, 0x67, 0xAB, 0x16,
        0xD2, 0xE1, 0xC0, 0xFF, 0x49, 0x1B, 0x96, 0xA1, 0x7B, 0x83, 0x3D, 0x4F, 0xD4, 0x4D, 0x31,
        0xC2, 0x23, 0x0A, 0xC8, 0x35, 0x79, 0x6E, 0x06, 0x3A, 0xB0, 0x30, 0x00, 0xF0, 0x4F, 0x15,
        0xC7, 0x05, 0x60, 0x03, 0x37, 0x63, 0xA4, 0x85, 0x52, 0xCC, 0xEA, 0xAC, 0xAD, 0xE9, 0xCA,
        0x5C, 0x80, 0x55, 0xF3, 0x74, 0x5E, 0x17, 0x90, 0x68, 0xA2, 0x87, 0x18, 0x3F, 0x2B, 0xC3,
        0xEF, 0x63, 0x27, 0xDE, 0xC5, 0xAC, 0x7C, 0xF7, 0xB0, 0x52, 0xEF, 0x5A, 0x88, 0x73, 0xE6,
        0x97, 0xEF, 0xDE, 0x08, 0x96, 0x88, 0xF4, 0x3B, 0xE4, 0x64, 0x82, 0x7C, 0x2F, 0xA8, 0x3E,
        0xB5, 0x31, 0xB3, 0x67, 0x41, 0x45, 0xE9, 0x5C, 0x69, 0x9C, 0x82, 0x99, 0x0E, 0x68, 0x49,
        0x67, 0xDA, 0xD3, 0x19, 0xD9, 0xF6, 0x4A, 0xB1, 0x6C, 0xD9, 0xFE, 0x9B, 0x6C, 0x41, 0x23,
        0x2A, 0xC4, 0xAE, 0x37, 0x95, 0xFD, 0x8A, 0x76, 0xAA, 0x9B, 0x02, 0xE9, 0x70, 0x24, 0x20,
        0x61, 0xC6, 0xDA, 0x45, 0xA2, 0xAF, 0x74, 0xAD, 0x9C, 0xB2, 0xA7, 0x99, 0x35, 0xC9, 0x26,
        0x25, 0xE2, 0x42, 0xF4, 0xBC, 0x7F, 0xCE, 0x54, 0xD5, 0xC1, 0x0A, 0x9E, 0x61, 0xF8, 0x75,
        0x16, 0x2F, 0xA6, 0x51, 0xB6, 0x60, 0x57, 0xBA, 0x03, 0x6F, 0x06, 0x2D, 0x6D, 0x39, 0xD0,
        0x50, 0x2B, 0x93, 0xA5, 0x64, 0x0B, 0x78, 0xC6, 0xC2, 0xFD, 0x20, 0xB0, 0x2F, 0xF8, 0x36,
        0x76, 0xA8, 0x7A, 0x94, 0x94, 0x5D, 0x47, 0x6C, 0x34, 0x98, 0x03, 0xEA, 0x4F, 0xE6, 0x0C,
        0xDC, 0xEA, 0x65, 0xBB, 0x26, 0x29, 0xE2, 0xBC, 0x09, 0xD4, 0x47, 0x2E, 0xC6, 0x34, 0x22,
        0xDE, 0xE2, 0x05, 0x2F, 0x09, 0x8D, 0xEA, 0xF5, 0x53, 0x1E, 0x6C, 0x9B, 0xED, 0x66, 0x72,
        0xA8, 0xB6, 0x99, 0x80, 0x2E, 0xFE, 0x0C, 0xDE, 0xD8, 0x0C, 0x84, 0x55, 0xF5, 0x85, 0xD1,
        0xBA, 0x63, 0x3D, 0x28, 0x1F, 0x1A, 0x21, 0xAD, 0xAB, 0x48, 0xE6, 0x3B, 0x44, 0xE0, 0xC2,
        0xA4, 0xD7, 0x60, 0x8C, 0xF9, 0x8A, 0xAB, 0xF8, 0xAD, 0xC8, 0x6B, 0xCB, 0x8F, 0x61, 0xE8,
        0xB0, 0x6C, 0xD2, 0x38, 0x5F, 0x82, 0xE0, 0xA3, 0xCD, 0xD0, 0x3C, 0xAB, 0x15, 0x2D, 0x59,
        0x51, 0x85, 0x9C, 0x45, 0x32, 0xF9, 0x16, 0x8E, 0x78, 0xF1, 0x7B, 0xA2, 0xA5, 0x77, 0x27,
        0x80, 0x32, 0x7D, 0xCF, 0x4E, 0x62, 0xB4, 0xD2, 0x6E, 0x44, 0x37, 0x62, 0xFC, 0x48, 0x8A,
        0xE4, 0xCD, 0x4D, 0x11, 0x56, 0xDB, 0xD5, 0x78, 0x25, 0x95, 0xCF, 0xD7, 0x69, 0x7A, 0x51,
        0x4A, 0xBC, 0x9B, 0x16, 0x0C, 0x9C, 0xCF, 0x08, 0xED, 0xC8, 0x61, 0x34, 0xA7, 0x55, 0xB9,
        0x0E, 0x9B, 0xB5, 0x43, 0x51, 0x1E, 0x88, 0x8E, 0x31, 0x57, 0x72, 0x1A, 0x52, 0xD1, 0xBC,
        0x5D, 0xB3, 0x30, 0x29, 0xFB, 0x33, 0x5E, 0xA2, 0x11, 0x4E, 0x21, 0xC0, 0x33, 0x68, 0xC8,
        0xD7, 0xF4, 0xD8, 0x27, 0x96, 0x06, 0x41, 0x77, 0x2A, 0x4A, 0x32, 0xA7, 0x38, 0xDF, 0x60,
        0xD1, 0x9E, 0xC7, 0x7A, 0xB0, 0x9D, 0x22, 0xF5, 0x7C, 0xC2, 0x52, 0x3B, 0x95, 0x03, 0xB3,
        0xF5, 0xB1, 0xCE, 0xBC, 0x5A, 0xE1, 0x5F, 0x88, 0x5F, 0x15, 0x98, 0x42, 0xDB, 0x73, 0x59,
        0xA1, 0xC8, 0x9D, 0x3D, 0x82, 0xD3, 0x40, 0x70, 0x68, 0xF1, 0x5B, 0x67, 0x39, 0x62, 0x6E,
        0xB8, 0xC5, 0x21, 0xFC, 0x8C, 0x5C, 0x74, 0x91, 0xF9, 0x45, 0xD4, 0x9F, 0x14, 0xE6, 0x98,
        0x9D, 0xA3, 0x40, 0xBD, 0xF4, 0x9E, 0x7F, 0x8A, 0x79, 0x27, 0x47, 0xAA, 0x65, 0x8B, 0xC1,
        0x14, 0x14, 0x3B, 0xA9, 0x3F, 0x26, 0x02, 0x2D, 0x00, 0x17, 0x35, 0xB7, 0x44, 0x63, 0x9B,
        0xBF, 0x22, 0xAA, 0xB2, 0xA1, 0x85, 0x1C, 0xFC, 0x93, 0x4F, 0x9C, 0x69, 0xD3, 0x76, 0x4F,
        0xDE, 0xA3, 0xD2, 0x3D, 0xB1, 0x79, 0x98, 0xE6, 0x13, 0x8C, 0xFD, 0x7C, 0xD9, 0xE9, 0xA4,
        0x7C, 0xB7, 0x41, 0x93, 0xBD, 0x71, 0xAA, 0xF2, 0x8C, 0xDD, 0x9D, 0x1E, 0xB5, 0x95, 0x12,
        0x55, 0x46, 0xA4, 0xF4, 0x35, 0x7E, 0xBB, 0xD1, 0xF4, 0x10, 0xE3, 0xBF, 0x85, 0x57, 0x89,
        0x2D, 0xE6, 0x85, 0x09, 0xB5, 0xB9, 0x8C, 0x5C, 0x22, 0x9E, 0x94, 0x2C, 0x91, 0x0F, 0xDD,
        0x3E, 0x54, 0xCB, 0x6A, 0xD5, 0x4D, 0x8D, 0xD8, 0x86, 0xCB, 0x97, 0xEC, 0xC0, 0x6D, 0x1E,
        0x40, 0x1B, 0x83, 0x95, 0xD0, 0xBC, 0xB0, 0xDB, 0x9A, 0x03, 0x1D, 0xC6, 0x6C, 0x92, 0x94,
        0xF9, 0x05, 0x3C, 0x68, 0xFC, 0x42, 0x04, 0x2B, 0x1F, 0xA1, 0x67, 0x1F, 0xC7, 0xD5, 0x10,
        0xB7, 0x09, 0x16, 0xC0, 0x13, 0x9C, 0xFE, 0xBE, 0x3A, 0x91, 0x24, 0x45, 0x27, 0xCE, 0x94,
        0x39, 0x86, 0x0C, 0xED, 0xB3, 0x09, 0x08, 0x19, 0x7B, 0xE8, 0x51, 0xCB, 0xD1, 0xD3, 0xB1,
        0x8C, 0xA5, 0x41, 0x35, 0x84, 0x49, 0xFB, 0x34, 0xFB, 0x5C, 0xD5, 0x69, 0x63, 0x0E, 0xD5,
        0xF6, 0x7B, 0x87, 0x95, 0xE8, 0x78, 0x28, 0xF2, 0xCE, 0x3B, 0xEC, 0xFE, 0x45, 0x75, 0x79,
        0xD8, 0x23, 0x33, 0xB0, 0xBB, 0xAB, 0x09, 0x4D, 0xE3, 0x91, 0xE1, 0xF8, 0x15, 0x7B, 0xD4,
        0x31, 0xE3, 0x65, 0xCA, 0x86, 0x46, 0x30, 0x93, 0x2B, 0xBE, 0xBB, 0x48, 0xF4, 0x5F, 0x81,
        0x34, 0x42, 0x4E, 0x18, 0xAB, 0x45, 0x50, 0x29, 0xB5, 0x4B, 0x19, 0xE2, 0xF3, 0xBF, 0xEC,
        0x5E, 0x44, 0xAD, 0x0E, 0xA5, 0xC0, 0x3F, 0x53, 0xD8, 0xF9, 0x25, 0xB6, 0x35, 0x83, 0x8A,
        0xA7, 0x01, 0x5A, 0x7C, 0x9E, 0x32, 0x5B, 0xDF, 0xAF, 0xF9, 0x66, 0xEA, 0x95, 0x12, 0xDD,
        0x50, 0xF8, 0x7C, 0x89, 0x95, 0xCE, 0xA7, 0x56, 0x1C, 0x23, 0xF4, 0xFB, 0x06, 0xD9, 0x64,
        0xAB, 0x8F, 0x19, 0x13, 0xA6, 0xCA, 0x17, 0xE4, 0xCA, 0x60, 0xD6, 0xBC, 0x07, 0x8E, 0x17,
        0x84, 0xF8, 0x9C, 0x67, 0x3C, 0x91, 0xD9, 0x55, 0xBC, 0xF4, 0x5F, 0x58, 0xCA, 0x97, 0x09,
        0x57, 0x9D, 0x5E, 0x38, 0x31, 0xDF, 0x12, 0xCF, 0xDB, 0x75, 0x16, 0xFD, 0x21, 0x87, 0x8C,
        0xB5, 0x42, 0x43, 0x57, 0x9B, 0x93, 0x46, 0xD2, 0xDE, 0x4B, 0xE2, 0x5F, 0x50, 0x8E, 0x84,
        0xB1, 0xAD, 0xC7, 0x8C, 0xB9, 0x1C, 0x03, 0xDA, 0x3C, 0x4F, 0xD5, 0x9E, 0x45, 0x29, 0x18,
        0x98, 0x38, 0xF7, 0x4F, 0x63, 0x12, 0x82, 0x06, 0x20, 0xA5, 0x99, 0x6B, 0x79, 0x1F, 0xFC,
        0xB3, 0x32, 0xF8, 0x47, 0x09, 0x46, 0x13, 0xF2, 0x14, 0x8B, 0x86, 0x20, 0x34, 0xFA, 0x89,
        0xD0, 0xD0, 0xFF, 0x18, 0x08, 0xD9, 0x02, 0xC5, 0xD1, 0xAF, 0x64, 0xD5, 0x52, 0x24, 0x92,
        0xD6, 0x1E, 0xCD, 0xE4, 0xC7, 0x3B, 0xE8, 0x9A, 0x33, 0x78, 0x2C, 0xEF, 0x1A, 0xCC, 0x1D,
        0xC3, 0x27, 0xFB, 0x2E, 0xB9, 0xD1, 0x76, 0x42, 0x20, 0x9B, 0x85, 0xAA, 0x8B, 0x1D, 0xC5,
        0x7C, 0xBF, 0x06, 0x7C, 0x7A, 0xA2, 0x9D, 0xA6, 0xB7, 0xE1, 0x57, 0xD2, 0x3E, 0x17, 0x1D,
        0x3A, 0xE6, 0xF3, 0x85, 0x58, 0x34, 0x07, 0x17, 0x91, 0x40, 0x2C, 0x85, 0x1F, 0xF2, 0xDD,
        0x67, 0x10, 0x99, 0x79, 0xF7, 0xEE, 0x5E, 0x09, 0xE6, 0x4B, 0x4E, 0xEF, 0xDE, 0xE7, 0x11,
        0x2B, 0x55, 0xCE, 0x20, 0x0B, 0xB8, 0xC8, 0x05, 0x1E, 0x34, 0x28, 0xC3, 0x05, 0xFA, 0x1D,
        0x57, 0x6B, 0xFF, 0xBB, 0x25, 0xA7, 0x0E, 0xB5, 0x71, 0x16, 0x8F, 0xC6, 0x0D, 0xAD, 0xD9,
        0x28, 0xB1, 0x0C, 0xFD, 0x07, 0xDE, 0x80, 0xA8, 0x5B, 0x8D, 0xF3, 0xED, 0xC3, 0x72, 0xD4,
        0x88, 0xC2, 0x1F, 0x0D, 0x57, 0x87, 0x61, 0x1C, 0xC6, 0xFB, 0x73, 0xAE, 0xEB, 0x6F, 0x92,
        0x0A, 0x10, 0x92, 0x94, 0xB4, 0x9D, 0x38, 0x70, 0xF9, 0x0D, 0xE3, 0xB3, 0x60, 0xD1, 0x4D,
        0xF7, 0x7E, 0xF9, 0x56, 0x40, 0xBC, 0xAC, 0x7A, 0x4D, 0xBC, 0xA9, 0x01, 0xA3, 0x1D, 0xB8,
        0x3E, 0x83, 0xF5, 0xC5, 0x9C, 0xE3, 0x27, 0x20, 0x7E, 0xA9, 0xB2, 0x7C, 0x3B, 0x97, 0x8D,
        0x30, 0xD5, 0x38, 0x65, 0xC1, 0xB8, 0x47, 0x64, 0xF0, 0x25, 0xE8, 0x73, 0x2D, 0x50, 0x07,
        0x55, 0x4C, 0xE5, 0xC9, 0xCC, 0x41, 0x0B, 0x2E, 0xEF, 0xD7, 0xE4, 0xD9, 0x90, 0xC5, 0x38,
        0x55, 0x76, 0x06, 0xA6, 0xBC, 0x47, 0x57, 0x7A, 0x43, 0x76, 0x8D, 0x30, 0xAA, 0x3E, 0x85,
        0x98, 0xFD, 0x6F, 0x4F, 0xE7, 0xAC, 0x43, 0x9F, 0x39, 0x31, 0xC5, 0x8F, 0xD6, 0x9D, 0x90,
        0x76, 0x5A, 0xC9, 0xF4, 0x56, 0xAC, 0x7D, 0xE0, 0x85, 0xE1, 0x4A, 0x08, 0x98, 0xC4, 0x55,
        0x7F, 0x5D, 0x3B, 0xAA, 0xAE, 0x07, 0xED, 0xC6, 0x07, 0xDE, 0x69, 0x00, 0x14, 0x6B, 0x97,
        0xB3, 0x5A, 0xAE, 0x57, 0x01, 0x53, 0xDC, 0x10, 0x78, 0x15, 0xEF, 0x9F, 0xEB, 0xDD, 0x4F,
        0xD5, 0x67, 0xD6, 0x37, 0xFE, 0xE8, 0xF8, 0xBF, 0xB4, 0xB3, 0x41, 0x3E, 0xA6, 0xAE, 0xAD,
        0x48, 0x46, 0xAB, 0x73, 0x3A, 0x04, 0xF1, 0xE4, 0xBC, 0x32, 0xA3, 0xBB, 0xB1, 0xC1, 0x6B,
        0xAF, 0x8D, 0x0B, 0xDB, 0x9C, 0xCB, 0x82, 0xFE, 0x46, 0x47, 0x9C, 0xCF, 0xD0, 0x40, 0xB5,
        0xE6, 0x40, 0x64, 0xE5, 0x39, 0xB3, 0x9C, 0x66, 0xE4, 0x50, 0x1D, 0xC8, 0x22, 0x87, 0x3A,
        0xC6, 0x11, 0x9A, 0x4A, 0x11, 0x2A, 0x1F, 0x7C, 0xD6, 0xDF, 0x0E, 0x5F, 0x84, 0x35, 0x6C,
        0xE8, 0x53, 0xCE, 0xD3, 0x4C, 0xE6, 0x9A, 0x9E, 0x73, 0x83, 0x53, 0x49, 0x83, 0xC5, 0x1C,
        0x50, 0x26, 0x9B, 0xF8, 0xB9, 0x58, 0x6A, 0x0E, 0x5B, 0xA9, 0x05, 0xFD, 0x3B, 0xCE, 0x08,
        0x0B, 0x00, 0xE7, 0xF7, 0xD4, 0x8E, 0x55, 0xF4, 0x89, 0x47, 0x9B, 0x57, 0x71, 0xE9, 0x95,
        0xFB, 0x02, 0x0E, 0x58, 0xFE, 0xB7, 0x4A, 0xF6, 0x5C, 0x3E, 0xE7, 0x6A, 0xA4, 0xE6, 0x9B,
        0x5B, 0xA8, 0xBD, 0xA2, 0x49, 0xA1, 0xB2, 0xD6, 0x2C, 0x08, 0xD4, 0x18, 0xC3, 0x63, 0x5D,
        0x06, 0x18, 0x46, 0x04, 0x08, 0x43, 0x99, 0x1A, 0xB4, 0x75, 0x47, 0x3D, 0xA8, 0x5D, 0x94,
        0x98, 0x1F, 0xB8, 0x44, 0x25, 0xE7, 0xAD, 0x95, 0x1C, 0xE0, 0xA4, 0x2B, 0xE6, 0x42, 0xFE,
        0x65, 0x8B, 0x7A, 0xAA, 0xE7, 0x2B, 0x14, 0x7C, 0xDC, 0x08, 0x6C, 0x24, 0xB1, 0x57, 0x1E,
        0xB2, 0x27, 0x2E, 0x2A, 0x72, 0xB1, 0x56, 0x60, 0xD8, 0x54, 0xEB, 0xE1, 0x9E, 0xC7, 0xD9,
        0xAB, 0x7E, 0xA1, 0x78, 0x00, 0xD0, 0xB6, 0xAE, 0x72, 0x7B, 0x39, 0x21, 0x74, 0x67, 0xC6,
        0x62, 0xBA, 0x08, 0xE6, 0xF1, 0x91, 0x93, 0x95, 0x1E, 0xEF, 0xF0, 0x28, 0x06, 0xA7, 0x84,
        0x3E, 0xB5, 0xC7, 0x1B, 0x2F, 0x04, 0xDC, 0xB6, 0x05, 0xEC, 0xED, 0xC5, 0x12, 0x8C, 0xD6,
        0x77, 0x03, 0x03, 0x8C, 0x44, 0xBF, 0x20, 0xFE, 0x06, 0xF3, 0xED, 0x8C, 0x13, 0x68, 0xFE,
        0x38, 0xE7, 0x29, 0x44, 0xD5, 0xC5, 0x2F, 0xCA, 0x46, 0xA4, 0x5F, 0xD4, 0x8D, 0x8F, 0xE5,
        0xDA, 0x64, 0x18, 0x3D, 0x4D, 0x62, 0xEC, 0x01, 0xAA, 0x3D, 0x9D, 0x67, 0x2E, 0xC6, 0x7A,
        0x01, 0xC1, 0x7F, 0x21, 0xE0, 0x25, 0x25, 0xF0, 0x51, 0x3C, 0xCE, 0x03, 0x0C, 0x66, 0x4F,
        0xC8, 0x78, 0x47, 0x63, 0x08, 0x66, 0x08, 0xBC, 0x80, 0x99, 0xC2, 0x04, 0xC2, 0x55, 0xFF,
        0xED, 0x1D, 0xAF, 0x43, 0x2C, 0xEB, 0x45, 0xFB, 0xD1, 0x35, 0xE2, 0x1E, 0x81, 0x90, 0xC5,
        0xBF, 0xEE, 0x19, 0x21, 0x71, 0xFA, 0xA7, 0x75, 0x20, 0x48, 0x1E, 0x69, 0xE8, 0x7B, 0x7F,
        0x76, 0x79, 0x0B, 0xEF, 0x76, 0xCB, 0x8D, 0x3C, 0x88, 0xF5, 0xC6, 0xE3, 0x2F, 0xC5, 0x9E,
        0x7B, 0xD4, 0x53, 0x51, 0xD6, 0x66, 0x96, 0xB6, 0x1D, 0x9F, 0x40, 0x72, 0x6F, 0xB9, 0xA9,
        0x80, 0x00, 0xB6, 0x87, 0x38, 0xCF, 0x7E, 0x34, 0xB9, 0x8B, 0x6A, 0x4A, 0xAA, 0x2A, 0xC1,
        0xD7, 0xB1, 0x40, 0x7D, 0xB8, 0x97, 0x83, 0xF8, 0x07, 0x71, 0x03, 0xEA, 0x9C, 0x9E, 0x89,
        0x24, 0x7E, 0xAE, 0x07, 0x8A, 0xDF, 0xB3, 0x6E, 0x21, 0x47, 0x4C, 0x3B, 0xB1, 0xFE, 0x0C,
        0x87, 0x68, 0x7C, 0x62, 0x33, 0xA5, 0x33, 0xA0, 0x1E, 0x10, 0x81, 0xB9, 0x3A, 0x35, 0x21,
        0xD3, 0x39, 0xF3, 0x9C, 0x07, 0x56, 0x09, 0xBA, 0xCE, 0x53, 0x19, 0x94, 0x98, 0x8A, 0xE3,
        0x14, 0xF7, 0x7F, 0xC6, 0x03, 0x41, 0x13, 0xA1, 0x38, 0xC6, 0x7E, 0xB7, 0xE0, 0x37, 0x50,
        0xCB, 0xEC, 0x8D, 0x28, 0xBD, 0x21, 0xAF, 0xED, 0xFE, 0xFA, 0x8F, 0x09, 0x16, 0x19, 0xAE,
        0x50, 0x0B, 0x4C, 0xA4, 0x59, 0x9D, 0x01, 0x9D, 0xC8, 0xCA, 0x4B, 0xF1, 0x18, 0xD7, 0x0B,
        0x86, 0x76, 0xDF, 0xC7, 0x96, 0xA4, 0xF6, 0xD9, 0x86, 0xAD, 0xBA, 0x4C, 0x85, 0x74, 0xED,
        0x4A, 0xBA, 0xEA, 0x54, 0x65, 0x46, 0x62, 0x20, 0xE5, 0xE5, 0x3D, 0xC8, 0xFC, 0xB3, 0x95,
        0xD1, 0xE5, 0x9D, 0x27, 0x86, 0x73, 0xCB, 0xC4, 0xE3, 0xF4, 0x06, 0x58, 0xDF, 0x98, 0xAC,
        0x2F, 0xD1, 0x26, 0xA9, 0x49, 0x22, 0x87, 0x9E, 0x1A, 0x3B, 0xE9, 0x1C, 0x1A, 0xCC, 0x20,
        0x80, 0x3C, 0x35, 0xFA, 0x76, 0x4A, 0xBB, 0xAD, 0xAB, 0x07, 0xBD, 0xE8, 0x5F, 0xF4, 0xBD,
        0x9E, 0x0F, 0xB6, 0xF0, 0x6B, 0xAF, 0x5B, 0xF4, 0x2B, 0x8A, 0x2C, 0xBF, 0x6C, 0x2F, 0x62,
        0x60, 0x6B, 0xEC, 0xC3, 0x61, 0x55, 0x29, 0x21, 0xA1, 0x2D, 0x6C, 0x82, 0x36, 0xFD, 0xE8,
        0x4D, 0xB4, 0xBD, 0xDA, 0xC7, 0x7E, 0x88, 0x72, 0x47, 0x8C, 0xFF, 0xC4, 0xE1, 0x48, 0xC1,
        0xC7, 0xAC, 0xFE, 0xDF, 0x6B, 0x17, 0xD9, 0x87, 0x31, 0xC2, 0xDE, 0x36, 0xF3, 0xCB, 0xEF,
        0x1F, 0x6F, 0x78, 0x1A, 0x94, 0x0E, 0x08, 0x74, 0xD5, 0xB7, 0x45, 0x35, 0xBB, 0xE0, 0x66,
        0xB5, 0x30, 0x64, 0xD4, 0x3B, 0x13, 0x92, 0x65, 0x70, 0xA9, 0xE1, 0xC4, 0xE6, 0xDA, 0x20,
        0x6C, 0x8B, 0xD2, 0x52, 0xCA, 0xF2, 0xB6, 0x2E, 0x7D, 0x22, 0x3F, 0x7A, 0xC1, 0x29, 0x39,
        0x13, 0x7F, 0x33, 0x0B, 0xE5, 0x93, 0x74, 0xD7, 0x29, 0x5A, 0x6C, 0x2D, 0xFF, 0x92, 0xE0,
        0x7C, 0x72, 0x75, 0x10, 0xE4, 0x8D, 0x97, 0x05, 0x93, 0xE4, 0x72, 0x29, 0xFC, 0x8B, 0xC3,
        0xBD, 0x5B, 0x8E, 0xA7, 0x80, 0xDA, 0xCF, 0xF4, 0xD2, 0x30, 0x63, 0xDF, 0x65, 0xFE, 0xDA,
        0x5F, 0x8F, 0x65, 0xB1, 0x7A, 0x33, 0x3E, 0x53, 0x2A, 0xCA, 0xD7, 0x91, 0x67, 0x80, 0xC7,
        0x4D, 0x6A, 0x70, 0xD3, 0x8B, 0x36, 0x7F, 0x3F, 0x6F, 0x4E, 0x94, 0x7B, 0x85, 0xFC, 0x15,
        0x23, 0x5B, 0xBE, 0x46, 0xB2, 0x64, 0x95, 0xD2, 0x78, 0x00, 0x98, 0xDB, 0x85, 0x3A, 0x93,
        0x13, 0x77, 0xCF, 0xBE, 0xDE, 0xA6, 0x20, 0xF2, 0x35, 0x5C, 0xA2, 0x1E, 0x81, 0xCE, 0x9E,
        0x00, 0x78, 0xB0, 0xDD, 0x6C, 0xB7, 0x0F, 0x23, 0xED, 0x55, 0x86, 0x82, 0xBE, 0x3B, 0x3D,
        0x59, 0x4E, 0xEF, 0xE8, 0x53, 0x44, 0xE1, 0xF2, 0x75, 0x42, 0x8B, 0x31, 0x6C, 0xC0, 0x88,
        0x99, 0x59, 0x39, 0x29, 0x8F, 0x2A, 0x2D, 0x15, 0xAC, 0x9B, 0x67, 0x6A, 0xC3, 0xE9, 0xCB,
        0x92, 0xF2, 0xA6, 0x4D, 0xEC, 0x77, 0x32, 0xA9, 0x1F, 0xC7, 0x61, 0xAA, 0x1B, 0x12, 0x6E,
        0xA5, 0x75, 0xE3, 0x95, 0x31, 0x77, 0xDA, 0x6E, 0x1C, 0xD7, 0x8F, 0xAE, 0xA8, 0x24, 0x66,
        0x53, 0x30, 0xA8, 0x1D, 0x9E, 0x24, 0x57, 0x2B, 0x98, 0x60, 0xBF, 0x0A, 0xBA, 0x4D, 0xF8,
        0xBD, 0x5D, 0x4E, 0x3E, 0x2C, 0x72, 0xBB, 0xFB, 0xB2, 0xA9, 0x85, 0xC7, 0xAE, 0x2F, 0x07,
        0x79, 0x51, 0xFE, 0x84, 0x01, 0xE1, 0xD1, 0x56, 0xEC, 0xAD, 0xA1, 0xE3, 0x53, 0x81, 0x7B,
        0x20, 0xF4, 0x1E, 0x0B, 0x24, 0x60, 0xA0, 0xCA, 0xAF, 0x2B, 0x36, 0xD6, 0xA7, 0xF1, 0xB3,
        0x51, 0x25, 0xD7, 0x97, 0xDC, 0xC7, 0x14, 0x42, 0x10, 0x27, 0xD1, 0x41, 0x71, 0x76, 0x5A,
        0x64, 0x60, 0x71, 0xED, 0x95, 0x2B, 0x6A, 0x52, 0x94, 0xEE, 0xCF, 0x6A, 0x3A, 0x71, 0xC1,
        0x04, 0xC8, 0x43, 0xA4, 0xA8, 0xB3, 0xEF, 0xCC, 0x27, 0x46, 0x7B, 0x20, 0xCB, 0x0A, 0x94,
        0xAB, 0xF5, 0x80, 0x22, 0x29, 0xEA, 0x4D, 0x83, 0x12, 0x78, 0x3E, 0x78, 0x79, 0x1A, 0x50,
        0xB3, 0xC0, 0xA8, 0x8F, 0xE6, 0x49, 0x71, 0x98, 0xCD, 0x4B, 0xF4, 0x70, 0xDA, 0xC4, 0x6F,
        0x34, 0xE5, 0x00, 0x19, 0xFD, 0xEE, 0x20, 0x40, 0xCF, 0xE9, 0x91, 0x24, 0xB3, 0x12, 0xB1,
        0x12, 0x2B, 0x83, 0xE5, 0x1D, 0x87, 0x88, 0x77, 0xCE, 0xC0, 0x85, 0x5F, 0x11, 0x58, 0xC4,
        0x45, 0xCF, 0xDC, 0x22, 0x53, 0xF4, 0x38, 0x9D, 0x5E, 0x3A, 0x8B, 0xA1, 0x66, 0x9A, 0xBB,
        0x59, 0x76, 0xA4, 0x61, 0x7E, 0x85, 0xF5, 0x43, 0xDA, 0x9F, 0x5E, 0x30, 0xB1, 0x0C, 0xA7,
        0x48, 0x1C, 0x81, 0x85, 0x39, 0x27, 0x82, 0xB4, 0x6F, 0xB0, 0xA0, 0xE5, 0xAB, 0x40, 0x8B,
        0x29, 0x45, 0xE3, 0xC7, 0x9A, 0x1C, 0xC4, 0x9F, 0xB7, 0xC2, 0x72, 0x54, 0xA9, 0xB5, 0x40,
        0xE7, 0x39, 0x7A, 0x5B, 0x65, 0x5B, 0xF7, 0xE4, 0xF8, 0x31, 0x84, 0xDB, 0x32, 0xA1, 0x28,
        0xAA, 0x2E, 0x00, 0xA6, 0x24, 0xD7, 0xDC, 0xD6, 0xB7, 0x7E, 0xFD, 0x15, 0x1F, 0x1E, 0x5C,
        0xBA, 0x88, 0x90, 0xAF, 0x91, 0x70, 0xFA, 0x06, 0xC5, 0x55, 0x71, 0x5D, 0xC1, 0x78, 0x7E,
        0x99, 0x5A, 0xD1, 0x92, 0x70, 0x97, 0x3A, 0xE9, 0x5B, 0x88, 0xDC, 0xAF, 0xDA, 0xF6, 0x2C,
        0x28, 0x84, 0x3D, 0x3F, 0x8B, 0x9C, 0x78, 0xDC, 0x8E, 0x37, 0xD9, 0x11, 0xDA, 0xB3, 0xF7,
        0xEE, 0x9D, 0x4C, 0x73, 0x89, 0xC6, 0x54, 0xBD, 0xCF, 0xC0, 0x50, 0x56, 0xB3, 0x60, 0x02,
        0x01, 0x40, 0xE5, 0x7E, 0x31, 0x47, 0x32, 0x58, 0xA4, 0x08, 0x1E, 0x2A, 0x70, 0x8F, 0x7C,
        0xAB, 0xA9, 0x0C, 0x35, 0x6D, 0x08, 0x47, 0x09, 0x8F, 0xC0, 0x76, 0x24, 0x84, 0x08, 0x6A,
        0xBA, 0x89, 0x8A, 0x60, 0xB0, 0x23, 0xD6, 0xA3, 0x06, 0x04, 0x02, 0x40, 0x62, 0x40, 0x74,
        0x87, 0x85, 0xD5, 0x1C, 0xAF, 0xF5, 0x2A, 0x0E, 0xF3, 0xDC, 0x2A, 0x45, 0xDA, 0xDF, 0x80,
        0xAC, 0x18, 0x50, 0x2D, 0x24, 0x42, 0x2A, 0x8C, 0xBB, 0x10, 0x19, 0x2B, 0x88, 0xF4, 0xE9,
        0x16, 0x02, 0x06, 0xB2, 0xED, 0x3E, 0x04, 0x11, 0x4F, 0x2A, 0x33, 0x9D, 0xF2, 0x69, 0xE2,
        0xC3, 0x6B, 0x86, 0x13, 0xCE, 0x37, 0x08, 0x74, 0x71, 0x70, 0x17, 0x55, 0x33, 0x0C, 0xB5,
        0x59, 0x57, 0x53, 0x66, 0xEE, 0x0F, 0xA2, 0xD3, 0xAF, 0xCD, 0xA3, 0x2E, 0xED, 0xE6, 0xDD,
        0x90, 0x63, 0x45, 0xDA, 0xAA, 0x04, 0x81, 0x21, 0x98, 0xE9, 0x6C, 0x42, 0x23, 0x9C, 0x24,
        0x2E, 0xDB, 0x90, 0x05, 0x97, 0x09, 0xF4, 0x97, 0xDA, 0x5B, 0x87, 0x70, 0x53, 0x84, 0xAE,
        0xF2, 0xAF, 0x22, 0xDC, 0x2E, 0xDF, 0xEF, 0x3C, 0x00, 0xD8, 0xC9, 0x15, 0x6D, 0x8B, 0x31,
        0x63, 0xFE, 0x7A, 0x77, 0x79, 0xE0, 0x4F, 0x04, 0x91, 0x1A, 0x8B, 0x93, 0x4F, 0xB3, 0x07,
        0x2E, 0xEE, 0x84, 0x44, 0x84, 0xFE, 0xDE, 0x5E, 0x2E, 0xE9, 0x6D, 0x33, 0x8E, 0xEF, 0xE2,
        0xDA, 0x98, 0x60, 0x67, 0xFF, 0xE0, 0x21, 0x8A, 0xDA, 0x7D, 0xE1, 0xD0, 0xE4, 0x2D, 0x82,
        0x3D, 0x6B, 0x03, 0x39, 0x18, 0x27, 0x88, 0x88, 0xBA, 0x06, 0x08, 0xAB, 0x8F, 0x7B, 0xE9,
        0x97, 0xBD, 0xF2, 0x63, 0x68, 0x9A, 0x36, 0xF5, 0x20, 0x4C, 0x80, 0x2A, 0xD8, 0x36, 0x36,
        0x37, 0x79, 0xB4, 0xB0, 0xD6, 0xCE, 0x50, 0x83, 0xDF, 0x0B, 0x98, 0xA2, 0xE2, 0xC7, 0x00,
        0x06, 0x2A, 0x4F, 0xA5, 0xE5, 0x7B, 0xC7, 0x3B, 0xD4, 0x53, 0x57, 0xE0, 0x1D, 0x90, 0xC7,
        0x95, 0x4B, 0xC6, 0x90, 0x4D, 0x1C, 0xE8, 0x16, 0x6A, 0x91, 0x68, 0xDA, 0x39, 0xA6, 0x0C,
        0x5C, 0xAE, 0x81, 0x19, 0xBB, 0x6B, 0x9A, 0xB0, 0x74, 0xFB, 0x2D, 0x0A, 0xEE, 0x38, 0x4F,
        0xC2, 0xC0, 0xE4, 0x80, 0x68, 0x11, 0xD6, 0x00, 0x2B, 0x4E, 0x24, 0x01, 0xE7, 0x43, 0x0B,
        0x50, 0xCB, 0x0E, 0x80, 0x75, 0xF3, 0x3D, 0x53, 0x86, 0xAE, 0xCD, 0xE2, 0x56, 0xE1, 0x69,
        0xD9, 0x5E, 0x2F, 0x9C, 0x65, 0x56, 0xC0, 0x8B, 0xA0, 0x42, 0xE6, 0x8A, 0x53, 0xCE, 0x8A,
        0xCA, 0x9C, 0xC0, 0x28, 0x18, 0xF7, 0x38, 0x2F, 0x15, 0x0D, 0xC0, 0x4D, 0xE0, 0x01, 0x9B,
        0x19, 0xC7, 0xA3, 0xAB, 0x0D, 0x72, 0xD6, 0xED, 0x01, 0x3D, 0x7A, 0x11, 0x5D, 0x74, 0xB2,
        0x79, 0xF7, 0x1F, 0xD6, 0xEF, 0xFE, 0xF3, 0x40, 0x49, 0x87, 0x7E, 0x0B, 0x11, 0xE0, 0x65,
        0x9B, 0xE9, 0x38, 0xA5, 0xDE, 0x68, 0x4E, 0xAF, 0x23, 0x51, 0x30, 0x95, 0xEB, 0x4A, 0x1B,
        0xDF, 0x53, 0x6C, 0x3C, 0x01, 0xA4, 0x65, 0x5C, 0x4B, 0x4A, 0x06, 0x73, 0x21, 0x4C, 0xEF,
        0x29, 0xA4, 0x81, 0xD0, 0x6A, 0x02, 0xCC, 0x9A, 0x5B, 0xFC, 0x7B, 0x8D, 0x84, 0x6C, 0x33,
        0x48, 0x4C, 0xD6, 0x7B, 0x1D, 0xE9, 0x8F, 0x60, 0xB6, 0x99, 0x18, 0xF1, 0x77, 0xB6, 0x45,
        0x58, 0xCA, 0x56, 0x7A, 0x62, 0x37, 0xD3, 0x5F, 0xF0, 0x17, 0x71, 0xA4, 0x23, 0x20, 0xCE,
        0x02, 0xBB, 0x98, 0xF3, 0xE4, 0xAD, 0x4A, 0xC7, 0xDB, 0x75, 0x61, 0x1B, 0xD9, 0x96, 0x1E,
        0xAC, 0x66, 0x2A, 0x38, 0xB1, 0xF7, 0x85, 0x97, 0x0C, 0x99, 0xF3, 0xDD, 0x10, 0x5F, 0xF5,
        0x86, 0xF6, 0x13, 0x01, 0xC4, 0x8D, 0x66, 0x70, 0x8C, 0xBF, 0x7D, 0x53, 0xA7, 0x33, 0xE3,
        0x57, 0xB6, 0xC2, 0x56, 0xE8, 0xB7, 0x3F, 0x0E, 0x13, 0x05, 0xA0, 0xBC, 0x13, 0x79, 0x89,
        0xE5, 0x21, 0x10, 0x0C, 0x2E, 0xE6, 0x25, 0x9E, 0x60, 0x7F, 0xE1, 0x21, 0x98, 0xE8, 0xBC,
        0xB9, 0x88, 0xB0, 0x85, 0x46, 0x68, 0xE4, 0x0D, 0x7C, 0xAE, 0x6A, 0xDC, 0x3B, 0xA4, 0x0B,
        0xA1, 0x21, 0xB7, 0x31, 0x9D, 0x06, 0xD9, 0x88, 0xA0, 0x73, 0xD0, 0x30, 0x97, 0xB9, 0xF5,
        0xC1, 0xC0, 0x72, 0x84, 0xB6, 0x47, 0x3A, 0xE5, 0x7B, 0xF1, 0x54, 0x81, 0x1B, 0x77, 0xBA,
        0xCE, 0xB0, 0x41, 0x2B, 0x8A, 0x69, 0x83, 0xBD, 0xD0, 0xCC, 0xD9, 0xE3, 0xBF, 0x01, 0x4E,
        0x52, 0x00, 0x09, 0xCB, 0x26, 0xD5, 0x78, 0x0E, 0xAB, 0xEF, 0x1B, 0xBA, 0xFA, 0x5E, 0x25,
        0xD4, 0x10, 0x98, 0xA5, 0x4C, 0x47, 0xFC, 0xE8, 0xB6, 0x8D, 0x39, 0x52, 0x91, 0xD5, 0x42,
        0x84, 0xD3, 0x3A, 0xA5, 0x0B, 0x96, 0x64, 0xD1, 0x51, 0x0B, 0x46, 0x7C, 0x8A, 0x53, 0x93,
        0x61, 0xCA, 0x9A, 0x44, 0x48, 0xBC, 0x01, 0xFC, 0xB4, 0xC4, 0xE3, 0xEF, 0x47, 0x5E, 0x8A,
        0xFB, 0x46, 0xA4, 0x94, 0xAE, 0x13, 0xEE, 0x9E, 0xA8, 0xA1, 0x26, 0x68, 0x25, 0xFB, 0xA7,
        0xF3, 0x2B, 0x97, 0x12, 0xFD, 0xE2, 0x52, 0x69, 0x8A, 0x68, 0x35, 0x9B, 0x50, 0x14, 0x1D,
        0x90, 0xF5, 0xC4, 0xA0, 0x62, 0x83, 0xDD, 0xB5, 0x4A, 0xD7, 0xE1, 0x41, 0x2A, 0xC5, 0xEB,
        0xB1, 0x25, 0x01, 0xF7, 0xA8, 0x2B, 0x2A, 0x7F, 0x27, 0xB2, 0xDB, 0xAB, 0x62, 0x6C, 0x3D,
        0xB4, 0x07, 0x45, 0x23, 0xB3, 0x21, 0x1D, 0x31, 0x82, 0xEA, 0x26, 0x13, 0x97, 0xA6, 0xF7,
        0xB1, 0x87, 0xCF, 0x2B, 0x8A, 0x35, 0x6D, 0xED, 0x10, 0x81, 0x2F, 0x1D, 0x30, 0x51, 0x69,
        0xAE, 0xDF, 0x79, 0xB5, 0xFF, 0x1C, 0xF7, 0xC2, 0xD6, 0xE8, 0x6E, 0xE1, 0x1F, 0x28, 0xE9,
        0x6A, 0xA6, 0x3B, 0x5A, 0x03, 0xF5, 0x9F, 0xC9, 0x60, 0xAC, 0x7D, 0x05, 0x72, 0xE9, 0x1D,
        0xDA, 0x61, 0x90, 0x5C, 0x07, 0x11, 0xA9, 0xB2, 0x63, 0x44, 0xA2, 0xA1, 0x0A, 0xA2, 0x04,
        0x1F, 0x2B, 0x13, 0xCB, 0x1A, 0x9A, 0x9A, 0x27, 0x77, 0x4B, 0x6D, 0x0D, 0xED, 0xDC, 0x9D,
        0x81, 0xEA, 0x1B, 0x14, 0x2A, 0xD7, 0xB7, 0x2B, 0xE4, 0x79, 0x91, 0xF2, 0xC9, 0x26, 0x1D,
        0x67, 0x08, 0x15, 0x6E, 0x38, 0xD0, 0x0B, 0x07, 0x40, 0x20, 0x76, 0x6E, 0xB0, 0xC4, 0x94,
        0x39, 0x2D, 0x65, 0xB8, 0x2C, 0xA6, 0x5F, 0x7C, 0x33, 0x52, 0xF9, 0xBB, 0x78, 0x32, 0x5E,
        0xCB, 0x6D, 0xF5, 0x96, 0xC8, 0xAE, 0x57, 0x82, 0x6B, 0x08, 0xCC, 0xD6, 0xF1, 0xD5, 0x29,
        0xD2, 0xE2, 0x59, 0x25, 0xC1, 0xAC, 0x97, 0x24, 0x25, 0xBE, 0xDE, 0xB8, 0x8A, 0x5D, 0x0E,
        0x31, 0x38, 0xDD, 0xC4, 0x34, 0xDA, 0x34, 0x62, 0xEB, 0xDF, 0x6B, 0x12, 0x39, 0xA2, 0x1F,
        0x14, 0x1E, 0xC6, 0x2C, 0xBE, 0x4B, 0xB9, 0x93, 0xBA, 0x25, 0x3B, 0x55, 0xA7, 0x6D, 0x30,
        0xFA, 0xC1, 0x9C, 0x2C, 0x13, 0x84, 0xEF, 0x6B, 0x97, 0x46, 0xC0, 0x77, 0x87, 0xAA, 0x1F,
        0xE9, 0x13, 0xA1, 0x34, 0x83, 0x90, 0xBD, 0x8C, 0x1F, 0x38, 0x6A, 0x08, 0xC7, 0x7C, 0xF7,
        0x10, 0x6C, 0x92, 0x7C, 0xE2, 0x4D, 0xFF, 0xC9, 0xD6, 0xEE, 0x1B, 0x32, 0x35, 0x4D, 0x95,
        0xED, 0x29, 0x23, 0x48, 0x25, 0x31, 0xDE, 0x6B, 0x39, 0x0B, 0xF0, 0xF5, 0xEB, 0x80, 0x27,
        0x6E, 0x90, 0xE7, 0xED, 0x11, 0x13, 0x1C, 0x84, 0x8B, 0xBA, 0xBE, 0xC4, 0xD3, 0x17, 0x23,
        0x62, 0x69, 0xA0, 0xA3, 0xA7, 0xCB, 0xE0, 0xF1, 0x27, 0x2F, 0x93, 0x94, 0x9C, 0xA6, 0xD2,
        0x3E, 0xA2, 0xA7, 0xEE, 0x3F, 0x69, 0x77, 0x91, 0xAA, 0xB7, 0x15, 0x33, 0x42, 0x30, 0x66,
        0xD4, 0x00, 0x00, 0x00, 0x00, 0x00, 0x00, 0x00, 0x00, 0x00, 0x00, 0x00, 0x00, 0x00, 0x00,
        0x00, 0x00, 0x00, 0x00, 0x00, 0x00, 0x00, 0x00, 0x00, 0x00, 0x00, 0x00, 0x00, 0x00, 0x05,
        0x0E, 0x18, 0x1F, 0x23, 0x29, 0x2C, 0x2F,
    ];

    measure(|| {
        if MLDSA87::verify(&mldsa87_pk, msg, None, &sig).is_ok() {
            eprintln!("Verification succeeded!");
        } else {
            panic!("Verification failed! -- figure that out");
        }
    });
}

fn main() {
    // print_struct_sizes()
    // bench_do_nothing()
    // bench_mldsa44_keygen()
    // bench_mldsa44_lowmem_keygen()
    // bench_mldsa65_keygen()
    // bench_mldsa65_lowmemory_keygen()
    // bench_mldsa87_keygen()
    // bench_mldsa87_lowmemory_keygen()
    // bench_mldsa44_sign()
    // bench_mldsa44_sign_expanded_sk()
    // bench_mldsa44_lowmemory_sign()
    // bench_mldsa65_sign()
    // bench_mldsa65_sign_expanded_sk()
    // bench_mldsa65_lowmemory_sign()
    // bench_mldsa87_sign()
    // bench_mldsa87_sign_expanded_sk()
    bench_mldsa87_lowmemory_sign()
    // bench_mldsa44_verify()
    // bench_mldsa44_verify_expanded_pk()
    // bench_mldsa44_lowmemory_verify()
    // bench_mldsa65_verify()
    // bench_mldsa65_verify_expanded_pk()
    // bench_mldsa65_lowmemory_verify()
    // bench_mldsa87_verify()
    // bench_mldsa87_verify_expanded_pk()
    // bench_mldsa87_lowmemory_verify()
}
